issue_assignee,median_resolution_days,avg_resolution_days,std_resolution_days,pct_fast_resolved,total_tickets,tickets_per_month,active_months,avg_priority,pct_high_priority,n_distinct_projects,n_distinct_categories,pct_reopened,resolution_rate,avg_comments,pct_sole_resolver,avg_first_response_days,avg_processing_steps,cluster,cluster_dbscan,cluster_agg,cluster_label
-.3.jn2,0.0036133333333333,0.0861220913848631,0.6207011014073618,1.0,92.0,0.0,0.0,2.010869565217391,0.0108695652173913,17.0,3.0,0.0,1.0,0.717391304347826,0.0,7.021773440945774,1.0434782608695652,0,0,0,High Performer 🟢
-zvz7e,0.0047195717592592,16.135264979745372,45.33254782005783,0.875,8.0,0.0,0.0,2.125,0.125,5.0,3.0,0.125,1.0,1.375,0.0,7.021773440945774,2.125,0,-1,0,High Performer 🟢
.wy.z0yhg,53.04292824074074,44.14523148148148,19.38289012128847,0.0,9.0,4.5,2.0,2.333333333333333,0.3333333333333333,1.0,2.0,1.0,0.0,1.7777777777777777,0.0,0.7800244341563786,4.555555555555555,2,-1,3,Specialist ⚫
0ny0x93ygh,92.43757523148147,107.03313425925928,99.58661713729792,0.2,10.0,1.4285714285714286,7.0,2.0,0.0,6.0,2.0,0.1,1.0,11.3,0.0,0.392255787037037,3.5,0,-1,0,High Performer 🟢
0ny0x93ygi,3.948846996527777,16.821338392489714,40.50612035714905,0.7777777777777778,18.0,2.25,8.0,2.0,0.0,10.0,3.0,0.0555555555555555,1.0,5.444444444444445,0.0,0.6037297453703704,2.833333333333333,0,-1,0,High Performer 🟢
0ny0x93ygr,18.563625868055556,46.77867000042868,72.12822704820483,0.3703703703703703,27.0,3.0,9.0,2.037037037037037,0.037037037037037,11.0,5.0,0.1481481481481481,1.0,10.48148148148148,0.037037037037037,58.568131751543206,2.962962962962963,0,-1,0,High Performer 🟢
0ny0x93yhg,0.0008983333333333,3.3956591805555547,6.510358598604976,0.8,5.0,0.0,0.0,2.0,0.0,3.0,1.0,0.0,1.0,8.8,0.4,7.021773440945774,2.2,0,-1,0,High Performer 🟢
0ny0x93yho,0.0293070717592592,27.14969701774692,43.46905663207426,0.6666666666666666,9.0,0.0,0.0,2.0,0.0,7.0,2.0,0.0,1.0,7.555555555555555,0.1111111111111111,7.021773440945774,2.111111111111111,0,-1,0,High Performer 🟢
0ny0x93yhr,14.095311886574075,32.6007127662037,49.89404444969045,0.4,5.0,0.0,0.0,2.0,0.0,3.0,2.0,0.0,1.0,21.2,0.1999999999999999,7.021773440945774,3.0,0,-1,0,High Performer 🟢
0zxu.ad,0.0608564814814814,5.301073717948718,11.661975092042844,0.8461538461538461,13.0,1.181818181818182,11.0,3.4615384615384617,0.6923076923076923,10.0,2.0,0.0,1.0,1.4615384615384617,0.0,0.0074118589743589,1.0,0,-1,0,High Performer 🟢
1.ca.cz38azew8x3djd4aa.c3,0.0071900578703703,0.1597942373971193,0.3039432587677451,1.0,9.0,3.0,3.0,2.111111111111111,0.1111111111111111,3.0,2.0,0.0,1.0,1.4444444444444444,0.0,0.0008641975308641,1.0,0,0,0,High Performer 🟢
1.ca.cz38j18x3czvj.ad,0.0044274884259259,0.0721418706206206,0.2749674454035186,1.0,37.0,4.625,8.0,2.2972972972972974,0.1621621621621621,9.0,4.0,0.0,0.972972972972973,0.5675675675675675,0.0270270270270269,0.0014853395061728,1.027027027027027,0,-1,0,High Performer 🟢
1n81u .ad h,0.0042138888888888,0.0121431900190631,0.0250263878075353,1.0,34.0,0.0,0.0,2.0588235294117645,0.0588235294117647,9.0,3.0,0.0,1.0,0.4705882352941176,0.0,7.021773440945774,1.1176470588235294,0,0,0,High Performer 🟢
1n81u .ad i,0.0060744907407407,4.780261769868828,32.81012804726587,0.9791666666666666,48.0,0.0,0.0,2.0,0.0208333333333333,10.0,5.0,0.0,1.0,0.5625,0.0,7.021773440945774,1.1875,0,0,0,High Performer 🟢
1n81u .ad o,0.0070087384259259,0.0697327301198257,0.1598868256048655,1.0,17.0,0.0,0.0,2.0588235294117645,0.0588235294117647,6.0,3.0,0.0,1.0,1.0,0.0,7.021773440945774,1.1176470588235294,0,0,0,High Performer 🟢
1n81u .ad p,0.0036488078703703,0.0235525950150732,0.0864021936973991,1.0,43.0,0.0,0.0,2.0,0.0,17.0,5.0,0.0,1.0,1.0232558139534884,0.0232558139534884,7.021773440945774,1.162790697674419,0,0,0,High Performer 🟢
1n81u.adh,0.0180902777777777,0.6585941358024692,1.4828343808425597,1.0,45.0,2.8125,16.0,3.2444444444444445,0.7555555555555555,9.0,3.0,0.0,0.9777777777777776,1.1555555555555554,0.0,0.2117013888888889,1.1555555555555554,0,-1,0,High Performer 🟢
1n81u.ado,0.2571180555555555,0.4879315476190476,0.5809024513835044,1.0,7.0,1.4,5.0,2.857142857142857,0.7142857142857143,2.0,2.0,0.0,1.0,2.142857142857143,0.0,3.479551917989418,1.1428571428571428,0,-1,0,High Performer 🟢
1n81u.adp,0.0417997685185185,4.224136646412037,9.933810654572673,0.875,32.0,1.6842105263157894,19.0,2.90625,0.59375,17.0,4.0,0.0,0.90625,3.28125,0.0,0.1426493778935185,1.375,0,-1,1,High Performer 🟢
1n81uazew8x3djd4aa.c3,0.0193197453703703,0.1163174768518518,0.2692824370663574,1.0,7.0,0.0,0.0,1.8571428571428568,0.0,5.0,3.0,0.0,1.0,0.8571428571428571,0.0,7.021773440945774,1.0,0,0,0,High Performer 🟢
3cxhho,49.27488425925926,32.22254398148148,29.40873754989657,0.4,5.0,2.5,2.0,2.0,0.0,2.0,1.0,0.0,1.0,0.4,0.0,3.6099050925925926,2.4,0,-1,0,High Performer 🟢
3cxhog,2.180902777777778,10.720537367724868,15.509651184616386,0.5714285714285714,7.0,1.75,4.0,2.0,0.0,1.0,2.0,0.0,1.0,0.1428571428571428,0.1428571428571429,30.32832175925926,1.4285714285714286,0,-1,0,High Performer 🟢
3cxhok,9.954756944444444,72.33736994049839,254.4091220672213,0.5234899328859061,149.0,11.461538461538462,13.0,2.0,0.0,27.0,6.0,0.0738255033557047,1.0,7.429530201342282,0.0268456375838925,22.782973499361432,3.0067114093959733,0,-1,0,High Performer 🟢
3cxigp,0.0034852314814814,2.345250711364918,13.705241844354513,0.9543147208121828,197.0,0.0,0.0,2.071065989847716,0.0558375634517766,57.0,5.0,0.0050761421319796,1.0,3.49746192893401,0.0,7.021773440945774,2.2893401015228427,0,1,0,High Performer 🟢
3cxigq,0.0068057754629629,9.353532382068584,34.785912432024205,0.8454258675078864,317.0,0.0,0.0,2.0378548895899056,0.0378548895899053,62.0,6.0,0.0220820189274447,1.0,6.280757097791798,0.0063091482649841,7.021773440945774,2.378548895899053,0,1,0,High Performer 🟢
3cxigs,0.0030556018518518,0.0041847289691943,0.0051386966314716,1.0,211.0,0.0,0.0,2.037914691943128,0.0473933649289099,61.0,5.0,0.0,1.0,2.938388625592417,0.004739336492891,7.021773440945774,2.023696682464455,0,1,0,High Performer 🟢
3cxiog,0.2068260532407407,9.683653060548297,18.95718567323516,0.7843137254901961,102.0,0.0,0.0,1.931372549019608,0.0294117647058823,9.0,4.0,0.0098039215686274,1.0,3.343137254901961,0.088235294117647,7.021773440945774,2.3823529411764706,0,-1,0,High Performer 🟢
3cxior,3.1060241550925927,239.89671906250004,530.6227843423186,0.8,5.0,5.0,1.0,2.0,0.0,5.0,5.0,0.0,1.0,2.4,0.0,0.0066203703703703,1.8,0,-1,0,High Performer 🟢
3cxogo,0.0028645833333333,0.3955336393014301,3.623475110244313,0.99009900990099,404.0,40.4,10.0,2.900990099009901,0.5965346534653465,76.0,5.0,0.0099009900990099,0.9975247524752476,3.032178217821782,0.0247524752475247,0.0371138728456178,2.0024752475247523,0,-1,0,High Performer 🟢
3cxosg,0.1188773148148148,1.025636574074074,1.725738094724856,1.0,5.0,2.5,2.0,3.0,0.6,1.0,2.0,0.2,0.2,0.6,0.1999999999999999,0.0012702546296296,1.8,2,-1,3,Specialist ⚫
4ggk,19.92817129629629,144.34739117660612,345.5500700206554,0.4502369668246445,211.0,6.393939393939394,33.0,2.0473933649289098,0.0379146919431279,24.0,8.0,0.0047393364928909,0.995260663507109,4.364928909952607,0.014218009478673,12.435451089559388,2.241706161137441,0,-1,0,High Performer 🟢
4ggo,3.180143391203704,27.03580595516569,70.18344047747983,0.6240601503759399,133.0,8.3125,16.0,2.1954887218045114,0.1578947368421052,41.0,9.0,0.0150375939849624,0.9849624060150376,3.398496240601504,0.0300751879699248,62.41269933127572,2.1503759398496243,0,-1,0,High Performer 🟢
4ggr,0.0420489756944444,22.711270940867006,41.351232429600856,0.6454545454545455,110.0,0.0,0.0,2.018181818181818,0.0181818181818181,13.0,4.0,0.009090909090909,1.0,2.3,0.0,7.021773440945774,1.6,0,0,0,High Performer 🟢
4gis,6.935267297453704,50.65468505468159,139.56903949271876,0.5408163265306123,98.0,4.666666666666667,21.0,2.091836734693877,0.0408163265306122,28.0,8.0,0.0816326530612244,1.0,3.836734693877551,0.0408163265306122,62.17184924768519,2.663265306122449,0,-1,0,High Performer 🟢
4glr,5.941597222222223,20.955701566951568,35.08347934771255,0.6153846153846154,13.0,1.8571428571428568,7.0,2.0,0.0,2.0,3.0,0.0,1.0,1.8461538461538465,0.0,11.126954237891738,2.1538461538461537,0,0,0,High Performer 🟢
4gor,2.079670138888889,6.043675262345679,9.003335871120125,0.8333333333333334,6.0,3.0,2.0,2.0,0.0,4.0,3.0,0.0,1.0,0.6666666666666666,0.0,2.9982592592592594,2.1666666666666665,0,0,0,High Performer 🟢
4grg,5.781400462962963,9.232937545687133,11.106968937526084,0.6491228070175439,57.0,3.5625,16.0,1.9824561403508767,0.0,15.0,2.0,0.0,1.0,3.6666666666666665,0.0,0.9756571502057614,2.701754385964912,0,0,0,High Performer 🟢
4gsg,9.077430555555557,22.324025237127373,49.96166384956204,0.5284552845528455,123.0,6.833333333333333,18.0,2.0,0.0,12.0,6.0,0.024390243902439,1.0,1.910569105691057,0.0325203252032519,10.540054765130984,3.089430894308943,0,2,0,High Performer 🟢
4hggg,10.970734953703705,28.912222222222223,68.59601757570032,0.46875,32.0,2.4615384615384617,13.0,2.5,0.4375,6.0,5.0,0.03125,0.90625,10.71875,0.03125,0.5096987123842592,3.0625,0,-1,1,High Performer 🟢
4hggi,2.030034722222222,17.972300925925925,35.807149627147574,0.8,5.0,1.25,4.0,2.6,0.6,4.0,3.0,0.2,0.6,3.8,0.0,0.0010416666666666,2.8,1,-1,1,Solid Performer 🟡
4hggl,11.811435185185186,10.0420916005291,9.39181482739797,0.4285714285714285,7.0,1.1666666666666667,6.0,2.857142857142857,0.5714285714285714,4.0,2.0,0.0,0.8571428571428571,5.428571428571429,0.0,0.2456927910052909,2.7142857142857144,1,-1,1,Solid Performer 🟡
4hghi,43.17501157407408,83.47354552469136,95.9458594538451,0.238095238095238,21.0,2.625,8.0,1.8571428571428568,0.0952380952380952,3.0,4.0,0.0476190476190476,1.0,9.904761904761903,0.0476190476190476,15.498199404761904,2.4285714285714284,0,-1,0,High Performer 🟢
4hghk,0.0023842592592592,0.8928979276895943,10.002211230963372,0.9835796387520526,609.0,38.0625,16.0,2.9573070607553364,0.6584564860426929,84.0,5.0,0.0065681444991789,0.9688013136289,2.863711001642036,0.0377668308702791,0.1220640495553118,1.911330049261084,0,-1,0,High Performer 🟢
4hgho,11.873055555555556,34.1578850308642,73.82272808771046,0.4952380952380952,105.0,6.176470588235294,17.0,2.1142857142857143,0.2095238095238095,4.0,5.0,0.1333333333333333,0.9809523809523808,9.80952380952381,0.3619047619047619,4.311078725961538,3.647619047619048,0,-1,0,High Performer 🟢
4hghq,0.0045717592592592,2.103889156497538,11.013068583257905,0.9518304431599228,519.0,32.4375,16.0,3.1734104046242773,0.7148362235067437,69.0,5.0,0.0057803468208092,0.9826589595375722,4.360308285163777,0.0462427745664739,0.6659511034396631,2.321772639691715,0,-1,0,High Performer 🟢
4hghs,0.0028761574074074,0.0048402189265536,0.0135083881888463,1.0,236.0,26.22222222222222,9.0,3.038135593220339,0.6694915254237288,60.0,4.0,0.0,0.9915254237288136,2.8771186440677967,0.0,0.0271560145951035,1.8644067796610169,0,-1,0,High Performer 🟢
4hgi,27.29870949074074,158.66895691473766,335.55078490981407,0.32,150.0,5.555555555555555,27.0,2.02,0.0066666666666666,30.0,8.0,0.0133333333333333,1.0,4.026666666666666,0.0,60.6566251668335,2.7333333333333334,0,-1,0,High Performer 🟢
4hgih,3.9780439814814814,8.692887180335097,15.703356892370005,0.7857142857142857,84.0,5.25,16.0,2.6547619047619047,0.5238095238095238,6.0,4.0,0.0952380952380952,0.988095238095238,4.285714285714286,0.0,1.236038041053101,3.119047619047619,0,-1,0,High Performer 🟢
4hgir,3.03609375,11.457972034534537,20.2503136246948,0.7027027027027027,74.0,5.285714285714286,14.0,2.635135135135135,0.4189189189189189,7.0,3.0,0.0675675675675675,0.9324324324324323,5.594594594594595,0.0,0.0913117805305305,2.72972972972973,0,-1,1,High Performer 🟢
4hgkl,1.0450694444444444,10.015101147342996,16.183022759374303,0.6956521739130435,23.0,3.8333333333333335,6.0,2.6956521739130435,0.391304347826087,6.0,2.0,0.0869565217391304,0.9130434782608696,4.652173913043479,0.0,0.001194234006734,2.8260869565217392,0,-1,1,High Performer 🟢
4hgko,9.738125,10.927938924501426,10.184684513138,0.5384615384615384,13.0,2.6,5.0,2.5384615384615383,0.4615384615384615,2.0,2.0,0.0,1.0,9.076923076923077,0.0769230769230768,0.7242094017094016,2.6153846153846154,0,-1,0,High Performer 🟢
4hgkr,1.157193287037037,2.217517251921733,3.725059959592348,0.981132075471698,106.0,35.333333333333336,3.0,3.30188679245283,0.9905660377358492,2.0,4.0,0.0566037735849056,0.9528301886792452,3.150943396226415,0.0471698113207547,0.0040408805031446,2.2358490566037736,0,-1,0,High Performer 🟢
4hgks,0.0008449074074074,0.0030555555555555,0.0040565217083004,1.0,7.0,2.333333333333333,3.0,2.571428571428572,0.5714285714285714,2.0,3.0,0.0,0.2857142857142857,0.5714285714285714,0.2857142857142857,0.4151342592592592,0.7142857142857143,2,-1,3,Specialist ⚫
4hgli,0.0811458333333333,1.2229423868312757,2.256127769865396,1.0,9.0,4.5,2.0,2.6666666666666665,0.4444444444444444,1.0,2.0,0.1111111111111111,0.5555555555555556,1.2222222222222223,0.1111111111111111,0.0011368312757201,1.4444444444444444,1,-1,1,Solid Performer 🟡
4hglq,0.0020486111111111,0.1478035484502629,2.342962241915448,0.9969788519637462,331.0,41.375,8.0,3.036253776435045,0.7190332326283988,56.0,5.0,0.0,0.9395770392749244,2.694864048338369,0.0422960725075528,0.0014108481593375,1.8821752265861027,0,-1,0,High Performer 🟢
4hgog,42.95319444444444,92.92705377492878,100.89032951584464,0.2461538461538461,65.0,4.333333333333333,15.0,2.7384615384615385,0.5846153846153846,10.0,4.0,0.0461538461538461,0.7384615384615385,14.046153846153846,0.0,5.300896267361111,2.1846153846153844,1,-1,1,Solid Performer 🟡
4hgok,5.316950231481481,17.15109548611111,25.13669927553241,0.575,40.0,3.636363636363636,11.0,2.9,0.55,17.0,4.0,0.025,0.85,8.85,0.0,1.025502025462963,1.75,1,-1,1,Solid Performer 🟡
4hgol,0.0021064814814814,0.039641290726817,0.5017587270345518,0.9981203007518796,532.0,40.92307692307692,13.0,3.0,0.6672932330827067,79.0,4.0,0.0037593984962406,0.9360902255639098,2.7537593984962405,0.0338345864661654,0.0009640638053467,1.922932330827068,0,-1,0,High Performer 🟢
4hgop,0.4229803240740741,7.014447916666668,14.582494998204009,0.8,20.0,2.5,8.0,1.6,0.05,3.0,2.0,0.25,0.8,1.9,0.0,5.920620949074074,3.2,1,-1,1,Solid Performer 🟡
4hgor,0.0027488425925925,0.1832981078904992,2.4269051222129647,0.9951690821256038,414.0,29.571428571428573,14.0,2.973429951690821,0.6497584541062802,72.0,5.0,0.002415458937198,0.9516908212560388,2.8091787439613527,0.0338164251207729,0.12206672705314,1.9082125603864732,0,-1,0,High Performer 🟢
4hgos,0.0016319444444444,0.2641270151936905,4.063756899963585,0.9958246346555324,479.0,39.91666666666666,12.0,3.05427974947808,0.7223382045929019,65.0,4.0,0.0041753653444676,0.977035490605428,2.720250521920668,0.0501043841336117,0.0542398805381581,1.8893528183716075,0,-1,0,High Performer 🟢
4hgpk,51.22221064814815,52.07225565843621,41.46754202591308,0.2222222222222222,9.0,1.2857142857142858,7.0,1.8888888888888888,0.0,5.0,1.0,0.0,0.7777777777777778,10.88888888888889,0.0,26.30388888888889,2.111111111111111,1,-1,1,Solid Performer 🟡
4hgpl,6.192974537037037,16.877179398148147,31.59701107742488,0.6666666666666666,30.0,2.727272727272727,11.0,2.333333333333333,0.3333333333333333,3.0,3.0,0.0333333333333333,0.9666666666666668,8.566666666666666,0.0666666666666666,5.115974151234568,2.466666666666667,0,-1,0,High Performer 🟢
4hgqg,0.5843923611111111,3.59162037037037,5.251077489780675,0.9,10.0,1.6666666666666667,6.0,2.3,0.3,2.0,3.0,0.0,0.6,2.5,0.0,0.0022800925925925,2.1,1,-1,1,Solid Performer 🟡
4hgqk,5.653553240740741,27.61456111111111,62.635851368637546,0.64,25.0,1.9230769230769231,13.0,2.04,0.04,4.0,4.0,0.0,0.92,5.28,0.0,20.90548425925926,1.8,0,-1,1,High Performer 🟢
4hgql,0.0037384259259259,0.0050975529100529,0.0052195261126122,1.0,7.0,7.0,1.0,2.4285714285714284,0.5714285714285714,6.0,2.0,0.0,1.0,2.4285714285714284,0.0,0.0005324074074074,1.8571428571428568,0,-1,0,High Performer 🟢
4hgqr,30.35575231481481,38.4735557568438,38.67336078774381,0.217391304347826,23.0,2.3,10.0,1.7826086956521738,0.0,3.0,4.0,0.217391304347826,0.8695652173913043,16.73913043478261,0.0,2.851984702093398,7.217391304347826,0,-1,1,High Performer 🟢
4hgrl,0.0020601851851851,0.0485398759608665,0.4269741869522177,1.0,265.0,66.25,4.0,2.962264150943396,0.6188679245283019,67.0,5.0,0.0,0.969811320754717,2.524528301886793,0.0150943396226415,0.0472724930118798,1.7433962264150944,0,-1,0,High Performer 🟢
4hgsg,2.051435185185185,2.116451903292181,2.0721928382324166,1.0,9.0,2.25,4.0,3.0,0.7777777777777778,5.0,2.0,0.2222222222222222,0.8888888888888888,5.777777777777778,0.0,1.2110519547325105,3.333333333333333,0,-1,1,High Performer 🟢
4hgsi,0.0166550925925925,2.346747685185185,4.1709631907784654,0.8888888888888888,9.0,1.8,5.0,3.555555555555556,0.6666666666666666,4.0,1.0,0.0,0.7777777777777778,2.111111111111111,0.2222222222222222,0.7324421296296296,1.1111111111111112,1,-1,1,Solid Performer 🟡
4hhgi,0.0018402777777777,0.0694539892977393,0.6671474450430567,1.0,462.0,57.75,8.0,2.984848484848485,0.6861471861471862,73.0,4.0,0.0043290043290043,0.9090909090909092,2.6406926406926408,0.0454545454545454,0.0810342100506146,1.770562770562771,0,-1,0,High Performer 🟢
4hhgk,0.8722800925925925,4.269996807151979,6.253640049630625,0.8620689655172413,29.0,7.25,4.0,2.655172413793104,0.4482758620689655,4.0,3.0,0.0344827586206896,0.4827586206896552,4.310344827586207,0.0,0.2390824074074074,1.3793103448275863,1,-1,1,Solid Performer 🟡
4hhgo,0.001724537037037,0.002269085081585,0.0021104887058359,1.0,143.0,71.5,2.0,2.93006993006993,0.6293706293706294,37.0,4.0,0.0,1.0,2.762237762237762,0.034965034965035,0.0011430005180005,1.832167832167832,0,-1,0,High Performer 🟢
4hhgr,0.0,8.41693287037037,20.693230441051305,0.7777777777777778,27.0,2.4545454545454546,11.0,2.333333333333333,0.1851851851851851,8.0,4.0,0.0,0.2962962962962963,1.962962962962963,0.0,119.9100462962963,0.7407407407407407,2,-1,3,Specialist ⚫
4hhgs,0.0644328703703703,3.538693783068783,8.575576708987676,0.8571428571428571,7.0,3.5,2.0,2.7142857142857144,0.4285714285714285,3.0,1.0,0.0,0.8571428571428571,4.428571428571429,0.0,0.1636359126984126,2.2857142857142856,1,-1,1,Solid Performer 🟡
4hho,2.067204861111111,34.72053653676185,114.25982129518566,0.7027972027972028,286.0,8.9375,32.0,2.05944055944056,0.0489510489510489,48.0,11.0,0.0314685314685314,0.9965034965034965,5.370629370629371,0.0944055944055943,14.331771171262504,2.7587412587412588,0,-1,0,High Performer 🟢
4hhoo,0.0014583333333333,0.0438841493570722,0.3484852011178785,1.0,337.0,67.4,5.0,3.0178041543026706,0.7091988130563798,60.0,4.0,0.0,0.9495548961424332,2.777448071216617,0.0118694362017803,0.0042292422244202,1.9228486646884275,0,-1,0,High Performer 🟢
4hhop,0.0017592592592592,0.0048994025837214,0.0373549112417287,1.0,334.0,55.66666666666666,6.0,3.0269461077844317,0.6916167664670658,57.0,4.0,0.0,0.874251497005988,2.592814371257485,0.0269461077844311,0.0052625889778667,1.8053892215568863,0,-1,0,High Performer 🟢
4hlg,6.407729432870371,20.2462882781056,65.05085202020966,0.6445086705202312,346.0,10.8125,32.0,2.066473988439306,0.0375722543352601,81.0,9.0,0.0086705202312138,0.9971098265895952,2.6271676300578037,0.0346820809248554,21.577365798132845,2.4104046242774566,0,-1,0,High Performer 🟢
4hlo,7.073617586805555,25.17254355853526,36.27161363123372,0.5638297872340425,94.0,31.33333333333333,3.0,2.202127659574468,0.1914893617021276,15.0,8.0,0.0106382978723404,1.0,3.191489361702128,0.074468085106383,21.392937242798357,2.765957446808511,0,-1,0,High Performer 🟢
4hpg,10.14962962962963,37.73511254433089,73.53196955960532,0.5047169811320755,212.0,6.838709677419355,31.0,2.0047169811320757,0.0330188679245283,11.0,6.0,0.0283018867924528,1.0,9.141509433962264,0.0377358490566037,13.416324582204156,3.3254716981132075,0,-1,0,High Performer 🟢
4hph,10.707060185185185,40.78516261938203,60.33163256284143,0.5056179775280899,89.0,5.235294117647059,17.0,2.168539325842697,0.1348314606741573,20.0,7.0,0.0224719101123595,0.9775280898876404,7.157303370786517,0.0674157303370787,61.07437010327635,2.292134831460674,0,-1,0,High Performer 🟢
4hpp,3.798001099537037,27.313092537647535,93.58754372320422,0.6793794440853265,1547.0,26.67241379310345,58.0,2.095022624434389,0.0730446024563671,89.0,11.0,0.0142210730446024,0.9935358758888172,5.741435035552683,0.0252100840336134,8.058781177858075,2.6961861667744023,0,-1,0,High Performer 🟢
4hsg,0.9176766550925928,10.264661907617846,16.805273959564662,0.6818181818181818,22.0,0.0,0.0,1.8636363636363635,0.0,11.0,4.0,0.0,1.0,5.5,0.0454545454545454,7.021773440945774,1.6363636363636365,0,-1,0,High Performer 🟢
4hsq,20.01619212962963,153.77749305555557,303.847671923982,0.2,5.0,1.0,5.0,2.6,0.2,4.0,3.0,0.0,1.0,4.0,0.0,146.52159953703702,2.4,0,-1,0,High Performer 🟢
4igh,10.838854166666666,33.51920919543651,80.10948684471013,0.5071428571428571,140.0,5.384615384615385,26.0,2.0142857142857142,0.0071428571428571,21.0,6.0,0.0,1.0,3.335714285714286,0.0142857142857142,5.5680182613168725,1.8,0,-1,0,High Performer 🟢
4ihh,7.068949201388888,335.646155218254,559.9517451592421,0.5714285714285714,7.0,2.333333333333333,3.0,2.0,0.0,5.0,2.0,0.0,1.0,5.428571428571429,0.0,0.0446759259259259,4.142857142857143,0,-1,0,High Performer 🟢
4ihs,3.077019675925926,11.13137734059804,38.59089863179254,0.7784588441330998,1142.0,22.392156862745097,51.0,2.2425569176882663,0.169877408056042,42.0,7.0,0.0359019264448336,0.9938704028021016,6.288091068301226,0.0175131348511383,0.6842948437334182,3.361646234676007,0,-1,0,High Performer 🟢
4ikk,5.042960677083333,25.094988419107263,62.68688210420299,0.6358436606291706,2098.0,44.63829787234042,47.0,2.1415633937082936,0.105815061963775,101.0,10.0,0.0428979980934223,0.9976167778836988,8.267874165872259,0.0586272640610104,21.821145686516324,3.152049571020019,0,-1,0,High Performer 🟢
4ioh,4.011423611111111,13.52839572869778,72.6631554989552,0.7398720682302772,469.0,8.685185185185185,54.0,2.162046908315565,0.1257995735607676,46.0,7.0,0.044776119402985,0.9893390191897654,4.940298507462686,0.0063965884861407,1.305475319069069,3.5543710021321964,0,-1,0,High Performer 🟢
4ipo,11.83204861111111,35.01669580670272,70.39574641582944,0.4911504424778761,226.0,7.290322580645161,31.0,2.017699115044248,0.0176991150442477,27.0,8.0,0.0707964601769911,1.0,7.606194690265487,0.0398230088495574,8.92547878769256,2.845132743362832,0,-1,0,High Performer 🟢
4isp,13.926944444444445,76.79475185185184,180.0396508572715,0.48,25.0,2.5,10.0,2.32,0.16,5.0,4.0,0.08,1.0,3.76,0.0,23.81788148148148,2.88,0,-1,0,High Performer 🟢
4kgh,9.175324074074076,35.75760809423834,65.70029719085876,0.5182724252491694,301.0,12.541666666666666,24.0,2.604651162790698,0.3920265780730897,35.0,6.0,0.0099667774086378,0.9534883720930232,12.029900332225914,0.0132890365448504,7.057336945994112,2.3255813953488373,0,-1,0,High Performer 🟢
4kgi,0.0032178645833333,1.4246382668123918,26.23156648394021,0.9883419689119172,772.0,33.56521739130435,23.0,2.4753886010362693,0.3341968911917098,101.0,7.0,0.0012953367875647,0.9896373056994818,3.273316062176166,0.005181347150259,0.4246846221221221,1.9080310880829012,0,-1,0,High Performer 🟢
4kgk,5.832912141203703,36.28398522085224,74.38554441492725,0.6122448979591837,49.0,0.0,0.0,2.0,0.0,5.0,6.0,0.0,1.0,8.040816326530612,0.0816326530612244,7.021773440945774,2.5306122448979598,0,-1,0,High Performer 🟢
4kgo,0.003402974537037,9.115863319118194,43.74260952316655,0.8322147651006712,149.0,149.0,1.0,2.040268456375839,0.0335570469798657,47.0,6.0,0.0067114093959731,1.0,5.771812080536913,0.0268456375838925,122.24911747685184,2.4832214765100677,0,-1,0,High Performer 🟢
4kgp,0.0345265509259259,7.684801701085638,22.05397511965092,0.8558951965065502,229.0,13.470588235294118,17.0,2.3013100436681224,0.2314410480349345,64.0,4.0,0.0174672489082969,0.9519650655021834,5.449781659388647,0.0087336244541484,0.7441460648148148,2.606986899563319,0,-1,0,High Performer 🟢
4kgq,0.0022734375,0.8264674425782372,23.540990979511196,0.996124031007752,1032.0,51.6,20.0,2.460271317829457,0.2984496124031007,104.0,6.0,0.0,0.994186046511628,3.208333333333333,0.001937984496124,0.1142377821026971,1.9709302325581397,0,-1,0,High Performer 🟢
4kgr,13.98409136574074,49.36798721064815,83.00277817823199,0.4642857142857143,252.0,12.6,20.0,2.523809523809524,0.3809523809523809,36.0,7.0,0.0119047619047619,0.9246031746031746,13.61904761904762,0.0396825396825396,9.094051313883716,2.607142857142857,0,-1,1,High Performer 🟢
4khg,0.0025278298611111,0.8736249616478327,23.74566503773628,0.995991983967936,998.0,39.92,25.0,2.62625250501002,0.4468937875751503,107.0,7.0,0.0,0.9859719438877756,3.0080160320641283,0.0120240480961923,0.0351143675455116,1.9529058116232465,0,-1,0,High Performer 🟢
4khi,24.156111111111112,70.73470799260241,105.56708210326622,0.3492063492063492,189.0,8.590909090909092,22.0,2.4074074074074074,0.2433862433862433,17.0,8.0,0.164021164021164,0.9470899470899472,9.0,0.0529100529100529,3.44738851095994,3.544973544973545,0,-1,0,High Performer 🟢
4kho,1.1508339467592592,15.039497510288069,41.986022009774814,0.7586206896551724,261.0,26.1,10.0,2.0651340996168583,0.053639846743295,15.0,6.0,0.0191570881226053,0.9808429118773946,6.448275862068965,0.0268199233716475,16.023888279727096,2.6053639846743293,0,-1,0,High Performer 🟢
4khp,1.0716428645833334,22.052687664625974,71.71726066762956,0.75,152.0,38.0,4.0,2.289473684210526,0.1776315789473684,14.0,6.0,0.0394736842105263,1.0,11.11842105263158,0.0263157894736841,0.0303713348765432,4.394736842105263,0,-1,0,High Performer 🟢
4khq,0.0026262731481481,0.0037779661779835,0.0035628774086152,1.0,18.0,0.0,0.0,2.2222222222222223,0.1666666666666666,15.0,4.0,0.0,1.0,3.0,0.0,7.021773440945774,2.0,0,0,0,High Performer 🟢
4khs,2.5006183043981483,18.49611694073037,72.35632688707013,0.7611940298507462,134.0,10.307692307692308,13.0,2.208955223880597,0.1567164179104477,10.0,5.0,0.0373134328358208,0.9925373134328358,8.201492537313433,0.044776119402985,11.84455345970971,2.8358208955223883,0,-1,0,High Performer 🟢
4kig,4.418560833333333,18.20017511468855,29.04048953093383,0.5454545454545454,11.0,5.5,2.0,1.9090909090909087,0.0,5.0,4.0,0.0,1.0,5.454545454545454,0.0,0.5116493055555555,1.3636363636363635,0,0,0,High Performer 🟢
4kih,2.085046296296296,43.622533205515296,85.97212159145398,0.5652173913043478,23.0,2.3,10.0,2.130434782608696,0.1304347826086956,9.0,5.0,0.0,0.8695652173913043,3.217391304347826,0.0,43.34145293209876,1.2608695652173914,0,-1,1,High Performer 🟢
4kir,4.115150462962963,17.052756944444443,21.698841301308946,0.6,5.0,1.25,4.0,2.2,0.2,4.0,2.0,0.0,1.0,7.6,0.0,0.8276041666666667,1.8,0,0,0,High Performer 🟢
4kkr,13.893728900462964,41.95235634741512,65.64384816767412,0.4583333333333333,24.0,6.0,4.0,2.1666666666666665,0.0833333333333333,4.0,5.0,0.0416666666666666,1.0,4.291666666666667,0.0416666666666666,23.77014814814815,1.5416666666666667,0,-1,0,High Performer 🟢
4kll,4.917417291666666,20.134931228517814,40.166345780628895,0.6212121212121212,132.0,5.739130434782608,23.0,2.265151515151515,0.2803030303030303,7.0,5.0,0.0303030303030303,0.9242424242424242,6.628787878787879,0.1818181818181817,0.3147096994535519,2.113636363636364,0,-1,0,High Performer 🟢
4klq,8.352991898148149,39.32518045178799,73.98825276699631,0.5344827586206896,116.0,5.523809523809524,21.0,2.181034482758621,0.1724137931034483,17.0,7.0,0.043103448275862,0.9051724137931034,5.646551724137931,0.0172413793103448,9.984766553109711,2.060344827586207,0,-1,1,High Performer 🟢
4klr,9.478292824074074,36.66985543005952,63.96809447519862,0.5285714285714286,70.0,7.777777777777778,9.0,2.357142857142857,0.2714285714285714,7.0,9.0,0.0,1.0,8.014285714285714,0.0714285714285714,0.4156139184397163,2.057142857142857,0,-1,0,High Performer 🟢
4kol,1.7115547800925928,11.334604207070708,28.873438686274262,0.8181818181818182,55.0,0.0,0.0,2.0727272727272728,0.0545454545454545,5.0,7.0,0.0,1.0,5.4,0.0363636363636363,7.021773440945774,2.272727272727273,0,-1,0,High Performer 🟢
4kph,0.0030033391203703,2.4404013760058425,40.951277988921305,0.9940476190476192,336.0,0.0,0.0,2.0535714285714284,0.0446428571428571,79.0,6.0,0.0,0.9970238095238096,3.449404761904762,0.0089285714285713,7.021773440945774,1.994047619047619,0,1,0,High Performer 🟢
4kpi,0.0032718518518518,0.929376017221424,12.92005468485323,0.9942528735632185,348.0,0.0,0.0,2.0545977011494254,0.043103448275862,76.0,7.0,0.0,1.0,3.60632183908046,0.0114942528735632,7.021773440945774,1.991379310344828,0,1,0,High Performer 🟢
4kpk,4.201093495370371,16.239186717656896,39.531175032785285,0.7222222222222222,180.0,7.2,25.0,2.2666666666666666,0.1333333333333333,11.0,8.0,0.0444444444444444,0.9888888888888888,5.722222222222222,0.0166666666666667,0.4770406043886352,2.3,0,-1,0,High Performer 🟢
4kpq,1.9205960648148148,12.763676109559944,34.129478712125014,0.770618556701031,388.0,15.52,25.0,2.677835051546392,0.4690721649484536,12.0,6.0,0.0541237113402061,0.9845360824742267,5.623711340206185,0.0231958762886598,3.084018031189084,2.711340206185567,0,-1,0,High Performer 🟢
4kqh,4.308787581018518,32.56864556356006,81.5861698913303,0.6542056074766355,107.0,15.285714285714286,7.0,2.121495327102804,0.0560747663551401,12.0,5.0,0.0560747663551401,1.0,9.429906542056075,0.0093457943925233,7.610711805555556,3.841121495327103,0,-1,0,High Performer 🟢
4kqk,12.731979166666669,34.77261113803855,71.12521610866133,0.4387755102040816,98.0,4.454545454545454,22.0,2.193877551020408,0.1632653061224489,9.0,6.0,0.0204081632653061,0.9693877551020408,10.642857142857142,0.0408163265306122,9.09302662037037,3.163265306122449,0,-1,0,High Performer 🟢
4kqo,0.0025462962962962,1.8180026402593517,23.76546464061644,0.9661691542288556,1005.0,43.69565217391305,23.0,2.5522388059701493,0.3671641791044776,129.0,7.0,0.0039800995024875,0.991044776119403,3.343283582089552,0.0179104477611939,0.1290405248998999,2.008955223880597,0,-1,0,High Performer 🟢
4kqp,6.2303440740740745,33.978390847604274,90.56652672300945,0.6213592233009708,103.0,6.4375,16.0,2.2427184466019416,0.1844660194174757,13.0,6.0,0.029126213592233,1.0,7.310679611650485,0.0388349514563106,7.404280092592593,2.8932038834951457,0,-1,0,High Performer 🟢
4kqs,18.096961805555555,30.68214365805041,37.69939900821063,0.4,90.0,10.0,9.0,1.9777777777777776,0.0222222222222222,7.0,8.0,0.0,1.0,10.11111111111111,0.0555555555555555,0.6549279835390946,3.066666666666667,0,-1,0,High Performer 🟢
4kro,0.0035706018518518,1.6764674681473826,29.25500640084869,0.9917355371900828,484.0,69.14285714285714,7.0,2.419421487603306,0.2830578512396694,80.0,6.0,0.0,0.9979338842975206,3.3057851239669422,0.0103305785123967,0.1593690960531238,1.9297520661157024,0,-1,0,High Performer 🟢
4krp,9.031468385416668,29.96584460279882,44.112594083141886,0.5227272727272727,44.0,44.0,1.0,2.022727272727273,0.0454545454545454,4.0,8.0,0.0227272727272727,1.0,7.272727272727272,0.0454545454545454,0.0727083333333333,2.386363636363636,0,-1,0,High Performer 🟢
4lgi,8.664086805555556,13.808536203703706,18.08955265918512,0.5,6.0,0.0,0.0,2.1666666666666665,0.1666666666666666,2.0,2.0,0.0,1.0,3.1666666666666665,0.1666666666666666,7.021773440945774,1.3333333333333333,0,-1,0,High Performer 🟢
4lhg,0.2267327430555555,7.382409917784162,10.996007464308452,0.7241379310344828,29.0,2.230769230769231,13.0,2.0689655172413794,0.1034482758620689,14.0,3.0,0.0,0.9655172413793104,3.1724137931034484,0.0,4.253953269675926,1.7586206896551724,0,-1,0,High Performer 🟢
4lhl,20.58981481481481,53.608455138606594,78.11464656073323,0.4308943089430894,246.0,10.695652173913045,23.0,2.6991869918699187,0.5121951219512195,32.0,5.0,0.0203252032520325,0.902439024390244,10.101626016260164,0.0203252032520325,9.174301364121323,2.361788617886179,0,-1,1,High Performer 🟢
4lig,16.098177083333333,48.55435111133954,87.49410359971691,0.3815789473684211,152.0,6.08,25.0,2.171052631578948,0.125,9.0,6.0,0.0789473684210526,0.9671052631578948,7.703947368421052,0.0131578947368421,16.586550143893895,2.1447368421052637,0,-1,0,High Performer 🟢
4lih,7.952488425925926,20.755802851017,52.858582275102286,0.6885245901639344,61.0,2.9047619047619047,21.0,2.39344262295082,0.3442622950819672,6.0,5.0,0.0655737704918032,0.9672131147540984,9.147540983606556,0.0327868852459016,0.6370362523540489,3.3114754098360657,0,-1,0,High Performer 🟢
4lii,2.214375,21.640276031555985,47.07659506146745,0.6551724137931034,87.0,6.214285714285714,14.0,2.4022988505747125,0.2873563218390804,6.0,6.0,0.0689655172413793,0.9770114942528736,7.620689655172414,0.0344827586206896,0.962052806712963,2.954022988505747,0,-1,0,High Performer 🟢
4lio,30.06740740740741,55.483425260112085,54.71428967210945,0.0,19.0,6.333333333333333,3.0,1.7894736842105263,0.1052631578947368,2.0,4.0,0.0526315789473684,1.0,7.947368421052632,0.0,25.588037808641975,1.736842105263158,0,-1,0,High Performer 🟢
4lip,20.02106481481481,32.272931516422084,48.23745037218071,0.3396226415094339,53.0,2.789473684210526,19.0,2.6226415094339623,0.4339622641509434,5.0,5.0,0.0377358490566037,0.9622641509433962,7.09433962264151,0.0,6.722337307826694,1.8867924528301887,0,-1,0,High Performer 🟢
4lkl,8.943958333333333,33.45836965197957,66.02085158362488,0.5172413793103449,29.0,2.4166666666666665,12.0,2.206896551724138,0.2068965517241379,4.0,3.0,0.0,1.0,6.517241379310345,0.0,0.7461258780332056,2.034482758620689,0,0,0,High Performer 🟢
4lll,61.99371527777778,60.08542566872429,57.077474664312405,0.3333333333333333,9.0,1.5,6.0,2.888888888888889,0.7777777777777778,3.0,3.0,0.1111111111111111,0.7777777777777778,11.88888888888889,0.0,0.1047887731481481,2.333333333333333,1,-1,1,Solid Performer 🟡
4llr,19.540381944444444,46.7922418179318,66.90090323161819,0.3861386138613861,101.0,5.941176470588236,17.0,2.792079207920792,0.594059405940594,12.0,5.0,0.0396039603960396,0.7821782178217822,10.851485148514852,0.0198019801980198,3.7610261574074073,3.089108910891089,1,-1,1,Solid Performer 🟡
4lls,19.321984953703705,26.21713137665968,29.521787410187617,0.4245283018867924,106.0,7.066666666666666,15.0,3.056603773584906,0.8962264150943396,2.0,4.0,0.0377358490566037,0.8962264150943396,9.339622641509434,0.0188679245283018,0.0010498558700209,4.009433962264151,0,-1,1,High Performer 🟢
4lpl,6.055833333333333,20.862840322293447,39.54538094690823,0.625,104.0,5.2,20.0,2.644230769230769,0.4134615384615384,17.0,5.0,0.0384615384615384,0.9519230769230768,5.826923076923077,0.0,4.213177991103849,1.807692307692308,0,-1,0,High Performer 🟢
4lpo,4.113946759259259,20.48585628019324,39.23404283784594,0.6347826086956522,575.0,26.13636363636364,22.0,3.4,0.7965217391304348,7.0,5.0,0.017391304347826,0.977391304347826,9.191304347826089,0.0278260869565217,1.2786664251207729,3.344347826086957,0,-1,0,High Performer 🟢
4lpq,0.1610879629629629,8.898412698412699,31.839595208722667,0.8857142857142857,35.0,5.0,7.0,3.085714285714286,0.6857142857142857,4.0,4.0,0.1428571428571428,1.0,4.6,0.0,0.007964947089947,2.8285714285714287,0,-1,0,High Performer 🟢
4lqg,22.482471064814813,69.87166418650793,105.19391666720442,0.3265306122448979,98.0,4.454545454545454,22.0,2.010204081632653,0.173469387755102,3.0,4.0,0.0510204081632653,0.9183673469387756,8.23469387755102,0.010204081632653,0.3888244047619048,2.4693877551020407,0,-1,1,High Performer 🟢
4lqi,12.971840277777778,38.66195202745849,56.54988058332718,0.4482758620689655,29.0,2.636363636363636,11.0,2.5172413793103448,0.3793103448275862,5.0,4.0,0.0689655172413793,0.9655172413793104,7.931034482758621,0.0344827586206896,3.899381200396826,2.2758620689655173,0,-1,0,High Performer 🟢
4lqk,3.016539351851852,23.00957558539945,46.35082077426417,0.6363636363636364,121.0,10.083333333333334,12.0,2.2231404958677685,0.2066115702479339,3.0,3.0,0.0165289256198347,0.9256198347107438,3.7355371900826446,0.0,5.865768288950108,1.743801652892562,0,-1,1,High Performer 🟢
4lqr,0.0184548611111111,9.782830650252526,18.337415049404804,0.7954545454545454,44.0,22.0,2.0,2.0454545454545454,0.25,1.0,2.0,0.0,0.2272727272727272,0.9772727272727272,0.0227272727272727,13.784826388888888,0.8863636363636364,2,-1,3,Specialist ⚫
4lqs,14.337060185185186,20.028061342592597,18.637119304929115,0.3,10.0,3.333333333333333,3.0,2.0,0.1,6.0,2.0,0.1,1.0,8.8,0.0,1.3088148148148149,3.0,0,-1,0,High Performer 🟢
4lrl,0.0394791666666666,19.84961651234568,39.24644232440068,0.7333333333333333,15.0,2.142857142857143,7.0,2.6666666666666665,0.6,4.0,2.0,0.0666666666666666,0.8,1.2666666666666666,0.0,9.276327932098765,1.3333333333333333,1,-1,1,Solid Performer 🟡
4lrp,1.5747743055555556,7.529139085894405,12.643555202089408,0.7553191489361702,94.0,9.4,10.0,2.595744680851064,0.425531914893617,26.0,4.0,0.0425531914893617,0.9680851063829788,6.053191489361702,0.0106382978723403,0.2737508618991331,3.127659574468085,0,-1,0,High Performer 🟢
4lrs,0.0027314814814814,0.0061336209831154,0.0334724827872726,1.0,272.0,45.333333333333336,6.0,2.948529411764706,0.6470588235294118,68.0,5.0,0.0,0.9889705882352942,2.922794117647059,0.0147058823529411,0.075853034790305,1.875,0,-1,0,High Performer 🟢
4lsh,15.95991898148148,40.3508805941358,42.95505198617381,0.4583333333333333,24.0,2.0,12.0,2.25,0.2083333333333333,6.0,3.0,0.0416666666666666,0.9166666666666666,12.083333333333334,0.0,6.221770351080248,3.625,0,-1,1,High Performer 🟢
4lsk,0.0450925925925925,5.863543084933949,25.54501437650576,0.9080962800875274,457.0,24.05263157894737,19.0,3.168490153172866,0.7417943107221007,6.0,4.0,0.0306345733041575,0.986870897155361,7.282275711159738,0.0043763676148796,0.0794777452891487,2.4704595185995624,0,-1,0,High Performer 🟢
4lso,12.017887731481482,18.64625110229277,19.531372495712397,0.4523809523809524,42.0,2.625,16.0,2.333333333333333,0.238095238095238,9.0,2.0,0.0476190476190476,0.9523809523809524,10.095238095238097,0.0238095238095238,0.5780784281305115,2.9285714285714284,0,-1,0,High Performer 🟢
4lsp,0.4955266203703704,9.468294967421125,27.52773786988919,0.8703703703703703,54.0,4.909090909090909,11.0,2.592592592592593,0.5185185185185185,6.0,2.0,0.037037037037037,1.0,3.1296296296296298,0.074074074074074,0.9221838563100136,2.555555555555556,0,-1,0,High Performer 🟢
4ogg,1.4471565277777776,19.89024941401373,49.13224571817094,0.7078651685393258,89.0,6.846153846153846,13.0,2.056179775280899,0.0337078651685393,44.0,9.0,0.0786516853932584,1.0,3.932584269662921,0.0337078651685393,108.39485982510288,2.651685393258427,0,-1,0,High Performer 🟢
4ohk,7.816147534722222,21.39784580602391,37.31666662134221,0.5676855895196506,687.0,21.46875,32.0,2.0509461426491997,0.0422125181950509,56.0,11.0,0.0524017467248908,1.0,14.032023289665212,0.0407569141193595,10.074591798513724,4.758369723435226,0,-1,0,High Performer 🟢
4ohl,7.677760416666667,44.19174642134951,120.74386577996356,0.5747126436781609,174.0,14.5,12.0,2.0517241379310347,0.0804597701149425,20.0,8.0,0.028735632183908,1.0,2.454022988505747,0.0344827586206896,31.40438878184543,2.3505747126436782,0,-1,0,High Performer 🟢
4oio,8.97423611111111,37.850284291145925,114.74117804882134,0.551617873651772,649.0,12.48076923076923,52.0,2.1664098613251155,0.1248073959938366,38.0,12.0,0.0231124807395993,0.9861325115562404,6.576271186440678,0.0154083204930662,15.000781173248846,3.3959938366718028,0,-1,0,High Performer 🟢
4oiq,0.1735474537037037,11.536860795454546,19.92809992514972,0.75,44.0,14.666666666666666,3.0,1.9318181818181817,0.2954545454545454,2.0,2.0,0.0227272727272727,0.1590909090909091,1.2727272727272727,0.1818181818181817,8.834335805976432,1.4090909090909092,2,-1,3,Specialist ⚫
4okh,2.833854166666667,52.17079052555884,214.62525004409653,0.7514792899408284,169.0,5.633333333333334,30.0,2.0532544378698225,0.029585798816568,26.0,8.0,0.0355029585798816,1.0,4.763313609467455,0.059171597633136,18.31789514105227,3.408284023668639,0,-1,0,High Performer 🟢
4olg,11.20904513888889,15.222096002252252,18.11363074381648,0.4864864864864865,74.0,6.166666666666667,12.0,2.0,0.0,9.0,4.0,0.0,1.0,3.2432432432432434,0.0,9.425247278528529,2.4864864864864864,0,0,0,High Performer 🟢
4oll,4.981441099537037,53.44578767006803,90.67998761588314,0.5510204081632653,49.0,8.166666666666666,6.0,2.122448979591837,0.0816326530612244,15.0,8.0,0.0204081632653061,1.0,3.4081632653061225,0.1224489795918367,1.5767525077160494,1.9183673469387756,0,-1,0,High Performer 🟢
4olr,135.1134201388889,117.77380931712965,59.502577058965485,0.0,8.0,4.0,2.0,2.0,0.0,1.0,1.0,0.0,1.0,2.0,0.0,27.81004340277778,2.375,0,-1,0,High Performer 🟢
4ook,8.951396087962962,8.930813599537036,5.360440133195832,0.6071428571428571,28.0,0.0,0.0,2.142857142857143,0.1428571428571428,1.0,1.0,0.0,1.0,2.1785714285714284,0.0714285714285714,7.021773440945774,2.107142857142857,0,-1,0,High Performer 🟢
4oop,50.391591435185184,154.23577690972223,244.43632645114693,0.125,16.0,2.0,8.0,2.1875,0.0625,6.0,3.0,0.0,1.0,3.125,0.0,166.43191984953702,1.3125,0,-1,0,High Performer 🟢
4opi,13.666110480324074,36.41578309887644,60.54826602198561,0.455188679245283,424.0,12.470588235294118,34.0,2.1014150943396226,0.0636792452830188,36.0,10.0,0.0165094339622641,0.9976415094339622,7.863207547169812,0.0235849056603774,20.72385930164319,3.186320754716981,0,-1,0,High Performer 🟢
4opp,7.121216875,29.22906567186864,61.914955330358254,0.5659340659340659,182.0,7.0,26.0,2.0494505494505493,0.0384615384615384,29.0,7.0,0.0384615384615384,1.0,6.972527472527473,0.0384615384615384,23.817274741138988,2.5494505494505493,0,2,0,High Performer 🟢
4ops,3.2302546296296297,62.46935840392607,313.0879720637406,0.7889763779527559,635.0,14.431818181818182,44.0,2.255118110236221,0.2094488188976378,52.0,5.0,0.0062992125984251,0.9952755905511812,5.436220472440945,0.0031496062992125,1.4712533291019514,2.8755905511811024,0,-1,0,High Performer 🟢
4oqq,11.161326660879627,34.14108620413955,79.22596528117155,0.4884937238493724,956.0,18.0377358490566,53.0,2.0543933054393304,0.0449790794979079,33.0,8.0,0.0324267782426778,0.9811715481171548,10.609832635983263,0.0198744769874477,8.249098391520802,3.4152719665271967,0,-1,0,High Performer 🟢
4org,0.145556099537037,12.09906637487817,31.086499008646,0.6842105263157895,38.0,3.8,10.0,2.026315789473684,0.0263157894736842,33.0,5.0,0.0263157894736842,1.0,2.0,0.0,30.36288657407407,2.131578947368421,0,-1,0,High Performer 🟢
4orq,132.3972222222222,258.80074768518523,253.2371165522565,0.1,10.0,2.0,5.0,2.0,0.0,3.0,1.0,0.0,1.0,3.7,0.0,206.27718171296297,2.2,3,-1,0,Low Performer 🔴
4ors,4.06916087962963,6.007966820987654,6.323057566525678,0.6666666666666666,6.0,3.0,2.0,2.0,0.0,2.0,4.0,0.0,1.0,1.8333333333333333,0.0,5.72474537037037,1.8333333333333333,0,0,0,High Performer 🟢
4osr,3.859247685185186,23.79548291080247,57.35953085826545,0.6637037037037037,1350.0,24.107142857142858,56.0,2.2614814814814816,0.1777777777777777,75.0,12.0,0.0325925925925925,0.9933333333333332,12.864444444444445,0.0385185185185185,6.966127544271677,3.3014814814814817,0,-1,0,High Performer 🟢
4pgg,0.0135185185185185,5.907099975198412,10.07887526776057,0.7142857142857143,7.0,2.333333333333333,3.0,2.4285714285714284,0.4285714285714285,3.0,2.0,0.0,0.8571428571428571,2.571428571428572,0.0,6.275532407407408,1.5714285714285714,1,-1,1,Solid Performer 🟡
4pgp,9.092766203703704,25.578021115927243,77.02776524674705,0.5412322274881517,1055.0,19.181818181818183,55.0,2.1071090047393364,0.0796208530805687,36.0,8.0,0.0132701421800947,0.990521327014218,5.237914691943128,0.0360189573459716,6.960957068537609,3.031279620853081,0,-1,0,High Performer 🟢
4phi,275.9487326388889,460.67209320794746,519.2656515806667,0.0,6.0,1.5,4.0,2.0,0.0,3.0,3.0,0.0,1.0,2.6666666666666665,0.0,22.62662037037037,1.5,3,-1,2,Low Performer 🔴
4php,8.943638923611111,28.135356253095093,62.327993754050055,0.5303370786516854,445.0,15.344827586206897,29.0,2.015730337078652,0.0112359550561797,25.0,9.0,0.0449438202247191,1.0,7.937078651685393,0.0651685393258426,20.016981780167264,3.671910112359551,0,-1,0,High Performer 🟢
4phs,14.929913194444444,38.84135452835648,66.44578461515012,0.375,32.0,2.1333333333333333,15.0,2.15625,0.125,10.0,4.0,0.0625,1.0,3.6875,0.0,10.986863064236111,3.71875,0,-1,0,High Performer 🟢
4pio,6.00928599537037,23.810609502995643,68.4424174742352,0.6535947712418301,459.0,9.18,50.0,2.442265795206972,0.2287581699346405,35.0,8.0,0.0196078431372549,0.9869281045751634,6.618736383442266,0.028322440087146,8.440150515812617,2.581699346405229,0,-1,0,High Performer 🟢
4pls,3.038849710648148,10.302668432734205,19.96102988705889,0.7058823529411765,17.0,8.5,2.0,2.0,0.0588235294117647,1.0,1.0,0.0,1.0,5.235294117647059,0.0,1.7072800925925926,2.4705882352941178,0,0,0,High Performer 🟢
4pok,9.241770833333334,37.744607293470416,82.83763246583091,0.5168831168831168,385.0,13.75,28.0,2.005194805194805,0.0025974025974025,14.0,3.0,0.0155844155844155,1.0,5.387012987012987,0.0025974025974025,12.506173449953115,4.503896103896104,0,-1,0,High Performer 🟢
4pps,3.2988312210648143,19.6923089482446,50.98731301813197,0.7138888888888889,1800.0,32.72727272727273,55.0,2.65,0.4577777777777778,67.0,13.0,0.0205555555555555,0.9872222222222222,6.394444444444445,0.0288888888888888,1.4811734877808136,2.773333333333333,0,-1,0,High Performer 🟢
4pqq,6.435160717592593,13.719180301382606,28.470848030736978,0.6436498150431565,811.0,16.551020408163264,49.0,2.1738594327990137,0.1307028360049321,39.0,5.0,0.0369913686806411,0.9901356350184956,7.226880394574599,0.0110974106041923,2.0652309013966232,4.086313193588163,0,-1,0,High Performer 🟢
4prg,9.941189519675923,39.85922299401341,80.41600406132687,0.5137931034482759,1160.0,21.88679245283019,53.0,2.063793103448276,0.0534482758620689,56.0,11.0,0.0482758620689655,0.9948275862068966,10.367241379310345,0.0749999999999999,13.1096205693816,4.706896551724138,0,-1,0,High Performer 🟢
4prh,7.992604166666666,27.20666144296952,55.618765212797705,0.5575221238938053,113.0,6.647058823529412,17.0,2.017699115044248,0.0176991150442477,15.0,7.0,0.0353982300884955,1.0,3.0530973451327434,0.0619469026548672,16.991085197476238,2.557522123893805,0,2,0,High Performer 🟢
4pri,17.880340868055555,44.73154091636474,101.50273968061153,0.3623188405797101,69.0,5.75,12.0,2.0,0.0,22.0,3.0,0.0144927536231884,1.0,2.130434782608696,0.0144927536231883,3.806256839225589,2.840579710144928,0,-1,0,High Performer 🟢
4prl,4.002314814814815,14.188881944444445,23.35883175694901,0.6,5.0,1.6666666666666667,3.0,2.0,0.0,1.0,3.0,0.0,1.0,1.8,0.1999999999999999,1.0020046296296297,1.8,0,-1,0,High Performer 🟢
4pro,8.081365740740742,31.78068682992203,72.02905252710936,0.5789473684210527,114.0,9.5,12.0,2.0,0.0,9.0,5.0,0.0350877192982456,1.0,2.0526315789473686,0.0087719298245614,34.274727298570504,2.4035087719298245,0,-1,0,High Performer 🟢
4prp,7.995162037037037,55.744830729166665,116.43010997274554,0.625,8.0,2.6666666666666665,3.0,2.0,0.0,1.0,4.0,0.0,1.0,0.875,0.0,63.00204716435185,1.375,0,-1,0,High Performer 🟢
4prq,5.248599537037037,9.940666335978836,10.245097904387654,0.5714285714285714,7.0,1.1666666666666667,6.0,2.4285714285714284,0.1428571428571428,2.0,4.0,0.0,1.0,1.5714285714285714,0.0,10.45625964506173,1.2857142857142858,0,0,0,High Performer 🟢
4psk,8.877793310185186,35.46935952404639,128.13078008897108,0.5535465924895688,719.0,13.826923076923077,52.0,2.157162726008345,0.1196105702364394,39.0,9.0,0.019471488178025,0.9930458970792768,5.963838664812239,0.0027816411682892,8.905489018744355,3.536856745479833,0,-1,0,High Performer 🟢
4psl,11.815196759259258,82.91058245745747,227.99953652057448,0.4594594594594595,37.0,3.363636363636364,11.0,2.0,0.0,10.0,7.0,0.0,1.0,1.9189189189189189,0.0,71.70290759509508,2.2972972972972974,0,-1,0,High Performer 🟢
4psr,6.212939814814815,26.481677011577897,52.14012980651509,0.5957095709570958,606.0,14.78048780487805,41.0,2.1254125412541254,0.094059405940594,78.0,7.0,0.033003300330033,0.9983498349834984,5.16006600660066,0.0297029702970297,8.527105773492908,3.483498349834984,0,-1,0,High Performer 🟢
4pss,29.215983796296296,82.74068029835391,167.15306714976492,0.2222222222222222,9.0,1.5,6.0,2.0,0.0,7.0,1.0,0.0,1.0,2.0,0.0,85.15972608024691,1.8888888888888888,0,-1,0,High Performer 🟢
4qhk,0.0069796296296296,2.030007581018519,4.527049254002822,1.0,5.0,0.0,0.0,2.2,0.2,5.0,4.0,0.0,1.0,1.2,0.0,7.021773440945774,1.6,0,0,0,High Performer 🟢
4qil,7.023877314814815,25.01256111286476,58.98935672690905,0.6545454545454545,165.0,5.5,30.0,2.090909090909091,0.0484848484848484,40.0,4.0,0.006060606060606,0.987878787878788,5.430303030303031,0.0,12.76043133244546,3.727272727272727,0,-1,0,High Performer 🟢
4qio,71.84882600694444,175.7798111198484,265.4349388291749,0.2549019607843137,102.0,3.1875,32.0,2.049019607843137,0.0294117647058823,15.0,8.0,0.0,1.0,3.235294117647059,0.0588235294117647,30.020924575617283,1.911764705882353,0,-1,0,High Performer 🟢
4qiq,15.893349224537037,35.62732771580984,103.42936964127,0.3593130779392338,757.0,14.283018867924527,53.0,2.0554821664464997,0.0488771466314399,35.0,8.0,0.0079260237780713,0.9867899603698812,6.317040951122854,0.0211360634081901,9.457444648986272,2.980184940554821,0,-1,0,High Performer 🟢
4qkk,6.073159722222222,22.78044973466238,41.91528740791024,0.5986394557823129,147.0,11.307692307692308,13.0,2.0,0.0,26.0,4.0,0.0952380952380952,1.0,4.122448979591836,0.0204081632653061,1.965167211328976,4.380952380952381,0,-1,0,High Performer 🟢
4qko,4.797449907407407,13.422976649733169,28.108454863448635,0.6847290640394089,203.0,12.6875,16.0,2.0,0.0,42.0,4.0,0.0246305418719211,1.0,5.945812807881773,0.0,1.3754319406496662,3.8916256157635463,0,-1,0,High Performer 🟢
4qkp,6.062002314814815,14.289903480694749,23.928914693867853,0.6437908496732027,306.0,18.0,17.0,2.0163398692810457,0.0196078431372549,26.0,8.0,0.0392156862745098,1.0,11.009803921568627,0.045751633986928,11.268741914003044,3.660130718954248,0,-1,0,High Performer 🟢
4qkr,14.609004629629627,33.12556198314433,47.42522705035289,0.4470284237726098,387.0,10.18421052631579,38.0,2.248062015503876,0.1576227390180878,44.0,5.0,0.0620155038759689,1.0,4.992248062015504,0.0103359173126614,7.521200927807889,3.3617571059431524,0,-1,0,High Performer 🟢
4qks,6.567135416666667,12.051191509589948,18.057452423358704,0.6785714285714286,56.0,7.0,8.0,1.9642857142857144,0.0,10.0,3.0,0.0178571428571428,1.0,3.6607142857142856,0.0714285714285714,11.757885458002646,2.1607142857142856,0,-1,0,High Performer 🟢
4qog,3.145694444444445,32.188657407407405,62.625681411204894,0.6,5.0,5.0,1.0,2.0,0.0,1.0,2.0,0.0,1.0,0.2,0.0,2.852446759259259,2.4,0,0,0,High Performer 🟢
4qoh,5.080752314814815,12.182376270081814,19.41686127318932,0.6845329249617151,653.0,13.06,50.0,2.140888208269525,0.0872894333843797,35.0,5.0,0.0183767228177641,0.996937212863706,5.04594180704441,0.004594180704441,5.248119109358719,3.2343032159264933,0,-1,0,High Performer 🟢
4qok,551.1821643518518,581.7447895622896,74.7183589558806,0.0,11.0,1.8333333333333333,6.0,2.0,0.0,1.0,1.0,0.0,1.0,0.3636363636363636,0.0,60.41230113636364,2.8181818181818183,3,-1,2,Low Performer 🔴
4qop,345.10671875,334.1783111496913,330.43508632359527,0.1666666666666666,12.0,4.0,3.0,2.0,0.0,1.0,4.0,0.0,1.0,1.3333333333333333,0.0,271.3660908564815,1.5833333333333333,3,-1,2,Low Performer 🔴
4qpl,5.224767401620371,44.56738866536459,129.38478915611006,0.625,16.0,3.2,5.0,2.0,0.0,6.0,5.0,0.0,1.0,5.8125,0.0,1.257425925925926,2.125,0,-1,0,High Performer 🟢
4qpq,0.0176189814814814,2.927294298611112,4.335154312082184,1.0,5.0,5.0,1.0,2.0,0.0,1.0,1.0,0.0,1.0,4.4,0.1999999999999999,4.958206018518519,1.6,0,-1,0,High Performer 🟢
4qqo,48.0595790625,121.5769343604066,169.5895774863153,0.3043478260869565,23.0,4.6,5.0,2.0,0.0,8.0,2.0,0.0,1.0,3.1739130434782608,0.0869565217391304,2.3437255658436214,2.9565217391304346,0,-1,0,High Performer 🟢
4qqp,22.838900462962965,16.99542361111111,9.562367595267796,0.2,5.0,1.6666666666666667,3.0,2.6,0.6,1.0,2.0,0.0,1.0,0.6,0.0,14.552997685185185,1.8,0,-1,0,High Performer 🟢
4qqr,12.3420172974537,33.02411741061851,78.23231626053511,0.4512195121951219,656.0,13.666666666666666,48.0,2.080792682926829,0.0685975609756097,38.0,7.0,0.0121951219512195,0.9984756097560976,6.625,0.010670731707317,9.31518279178098,3.3780487804878048,0,-1,0,High Performer 🟢
4qrh,9.505043460648148,48.46679257136678,101.58820426530968,0.5155709342560554,289.0,36.125,8.0,2.034602076124568,0.0795847750865051,44.0,8.0,0.0726643598615917,1.0,11.40484429065744,0.0346020761245674,66.44665100762526,4.294117647058823,0,-1,0,High Performer 🟢
4qrp,47.9056712962963,29.714430555555552,26.43211250875269,0.4,5.0,5.0,1.0,2.6,0.8,1.0,1.0,0.0,0.0,1.6,0.0,1.2069305555555556,1.6,2,-1,3,Specialist ⚫
4qsh,1.2636458333333334,12.570691345770012,32.11245733582516,0.7532210109018831,1009.0,25.225,40.0,2.047571853320119,0.0396432111000991,90.0,9.0,0.0158572844400396,1.0,5.3201189296333,0.0327056491575817,10.31508180894309,2.283448959365709,0,-1,0,High Performer 🟢
4qsk,6.806722037037037,29.715405524861623,76.46757869551567,0.6198595787362087,997.0,18.46296296296296,54.0,2.205616850551655,0.1093279839518555,71.0,13.0,0.033099297893681,0.9779338014042126,6.228686058174524,0.0341023069207623,18.861423210943656,3.0712136409227684,0,-1,0,High Performer 🟢
4qsl,15.115158981481482,38.12357341227754,71.22512952435386,0.4155844155844156,385.0,14.807692307692308,26.0,2.0259740259740258,0.0207792207792207,39.0,10.0,0.0363636363636363,1.0,6.189610389610389,0.0467532467532467,27.279463325056906,3.137662337662338,0,-1,0,High Performer 🟢
4qsp,34.979490740740744,54.56523572530864,48.7374265859293,0.1666666666666666,30.0,3.0,10.0,2.0,0.0,6.0,3.0,0.1,1.0,2.9,0.0,21.54510416666667,3.1,0,-1,0,High Performer 🟢
4qsr,8.101737164351851,21.579992436517955,48.086638950329046,0.5625,528.0,20.307692307692307,26.0,2.0321969696969697,0.0284090909090909,67.0,11.0,0.053030303030303,1.0,6.445075757575758,0.0284090909090909,19.62197371478621,3.558712121212121,0,-1,0,High Performer 🟢
4qss,6.607766284722222,18.35454118868443,36.65771570350997,0.5992217898832685,514.0,17.133333333333333,30.0,2.013618677042801,0.0077821011673151,58.0,9.0,0.0856031128404669,1.0,5.597276264591439,0.0544747081712062,18.05256904380342,3.7431906614785992,0,-1,0,High Performer 🟢
4rgh,8.031197916666667,33.577399930734536,80.01163859379737,0.5489690721649485,388.0,13.857142857142858,28.0,2.018041237113402,0.0128865979381443,43.0,9.0,0.0309278350515463,1.0,4.582474226804123,0.1237113402061855,17.38908750151295,2.492268041237113,0,-1,0,High Performer 🟢
4rhh,6.834016203703704,12.963197357253089,16.733335440737495,0.6666666666666666,39.0,13.0,3.0,2.025641025641025,0.0256410256410256,9.0,3.0,0.0256410256410256,1.0,3.5641025641025643,0.0,16.272631172839507,3.4615384615384617,0,-1,0,High Performer 🟢
4rho,50.00561342592592,75.0217528292181,106.2143014717222,0.2222222222222222,9.0,3.0,3.0,2.0,0.0,5.0,3.0,0.3333333333333333,1.0,12.555555555555555,0.0,10.911494341563786,5.0,0,-1,0,High Performer 🟢
4rhp,5.0816032812500005,19.01325005912576,64.81322366718192,0.6931216931216931,378.0,9.947368421052632,38.0,2.235449735449736,0.1613756613756613,60.0,7.0,0.0211640211640211,0.9708994708994708,6.35978835978836,0.0132275132275132,9.812505250677509,3.071428571428572,0,-1,0,High Performer 🟢
4ris,5.956672621527778,21.271675655958298,54.84169285343569,0.6273712737127372,738.0,18.45,40.0,2.1219512195121952,0.1029810298102981,94.0,9.0,0.0121951219512195,0.9850948509485096,7.017615176151762,0.0365853658536585,11.372769947246953,2.772357723577236,0,-1,0,High Performer 🟢
4rkg,7.997580844907407,24.203076438587686,44.78448871754738,0.5807228915662651,415.0,16.6,25.0,2.103614457831325,0.0867469879518072,36.0,7.0,0.016867469879518,0.9855421686746988,9.156626506024097,0.0289156626506024,1.8508999458234832,4.937349397590362,0,-1,0,High Performer 🟢
4rli,8.099378912037038,28.2995645003858,53.30304211852098,0.5595238095238095,336.0,67.2,5.0,2.056547619047619,0.050595238095238,43.0,8.0,0.0327380952380952,1.0,7.875,0.0505952380952381,3.544625053832903,3.732142857142857,0,-1,0,High Performer 🟢
4rlo,0.9572128182870372,35.96758954729588,81.13948540591664,0.6818181818181818,44.0,7.333333333333333,6.0,2.0454545454545454,0.0227272727272727,11.0,4.0,0.0,1.0,2.9318181818181817,0.0681818181818182,12.594428047839504,1.7727272727272727,0,-1,0,High Performer 🟢
4rog,30.142511574074074,48.43125134582257,56.2600941411649,0.3720930232558139,43.0,6.142857142857143,7.0,2.0,0.0,22.0,3.0,0.0465116279069767,1.0,8.046511627906977,0.0,19.70434296942291,3.2093023255813957,0,-1,0,High Performer 🟢
4roi,4.785751383101851,17.74212993778935,34.93966302950888,0.6666666666666666,24.0,24.0,1.0,2.0,0.0,11.0,2.0,0.0416666666666666,1.0,3.7083333333333335,0.0,0.0240856481481481,2.375,0,-1,0,High Performer 🟢
4rol,30.98675925925926,38.90579892676768,39.312440882428,0.3545454545454545,110.0,9.166666666666666,12.0,1.981818181818182,0.0,18.0,3.0,0.0363636363636363,1.0,3.2181818181818183,0.0363636363636363,23.577017887205383,2.4545454545454546,0,-1,0,High Performer 🟢
4roo,6.122719907407407,19.80659614645293,43.18920021614362,0.6573875802997858,467.0,23.35,20.0,2.0085653104925054,0.006423982869379,41.0,6.0,0.0171306209850107,1.0,6.419700214132762,0.0171306209850107,8.270160801602163,3.233404710920771,0,-1,0,High Performer 🟢
4ror,7.3751851851851855,17.924848503086416,26.604569505353883,0.5833333333333334,108.0,7.2,15.0,2.0462962962962963,0.037037037037037,22.0,7.0,0.0555555555555555,1.0,3.953703703703704,0.037037037037037,20.000766782407407,3.4166666666666665,0,2,0,High Performer 🟢
4rpg,10.179131944444444,35.607549843248414,62.62900276873719,0.5135834411384217,773.0,42.94444444444444,18.0,2.0,0.0,47.0,7.0,0.0413971539456662,1.0,6.567917205692108,0.0491591203104786,11.11928242992506,3.138421733505821,0,-1,0,High Performer 🟢
4rqs,6.960727679398148,33.74130614025033,93.44825763784094,0.5961538461538461,624.0,16.864864864864863,37.0,2.083333333333333,0.0673076923076923,33.0,11.0,0.0080128205128205,0.9919871794871796,10.95673076923077,0.0288461538461538,6.9862099358974366,3.5,0,-1,0,High Performer 🟢
4rri,25.983260162037038,35.33286424768519,34.68751942144997,0.4,5.0,0.0,0.0,1.8,0.0,1.0,1.0,0.0,1.0,18.0,0.0,7.021773440945774,4.6,0,-1,0,High Performer 🟢
4rrl,9.428199699074073,19.26425775391894,25.387088893893075,0.543859649122807,114.0,12.666666666666666,9.0,2.0,0.0,31.0,5.0,0.0526315789473684,1.0,5.789473684210527,0.0614035087719297,19.84920657131012,3.043859649122807,0,2,0,High Performer 🟢
4rsl,2.9599143634259257,5.892599608907185,9.937730914274708,0.8682634730538922,167.0,41.75,4.0,2.0,0.0,39.0,3.0,0.0,1.0,4.508982035928144,0.0059880239520958,5.930598958333333,3.712574850299401,0,-1,0,High Performer 🟢
4sgg,7.825194537037037,31.82806484421394,71.87681422901103,0.5836849507735584,711.0,28.44,25.0,2.60056258790436,0.4571026722925457,18.0,6.0,0.0393811533052039,0.9662447257383966,10.258790436005626,0.0253164556962025,0.0611333011405445,4.236286919831223,0,-1,0,High Performer 🟢
4sgr,11.646168981481482,29.891056718996666,59.9106857550922,0.4754098360655737,610.0,25.416666666666668,24.0,2.495081967213115,0.2934426229508197,15.0,6.0,0.0229508196721311,0.9885245901639343,8.3,0.0262295081967213,0.5836097236826732,3.629508196721312,0,-1,0,High Performer 🟢
4sgs,9.015445358796295,20.635401819779315,33.80419682827103,0.5407303370786517,712.0,79.11111111111111,9.0,2.3286516853932584,0.2064606741573033,12.0,6.0,0.0196629213483146,1.0,9.849719101123595,0.0463483146067416,0.0230454695767195,4.310393258426966,0,-1,0,High Performer 🟢
4shl,0.830925925925926,7.890226349939359,17.478185470172885,0.7909319899244333,397.0,23.352941176470587,17.0,2.3148614609571787,0.2493702770780856,73.0,5.0,0.0302267002518891,1.0,5.831234256926952,0.0251889168765743,0.8507006809600863,2.967254408060453,0,-1,0,High Performer 🟢
4sig,0.002109849537037,0.415455042940712,7.163903476952969,0.993798449612403,645.0,645.0,1.0,2.0356589147286823,0.0325581395348837,95.0,6.0,0.0,1.0,3.10077519379845,0.0093023255813953,7.021773440945774,1.984496124031008,0,-1,0,High Performer 🟢
4sih,5.874409722222223,14.845650432758816,26.19288804820568,0.6337349397590362,415.0,18.043478260869566,23.0,2.269879518072289,0.2048192771084337,74.0,4.0,0.0385542168674698,0.980722891566265,6.669879518072289,0.0120481927710843,2.2966100653833657,2.5180722891566263,0,-1,0,High Performer 🟢
4sii,0.1834837962962963,13.890145926936222,36.76942531910119,0.77947932618683,653.0,46.642857142857146,14.0,2.565084226646248,0.4012251148545176,57.0,6.0,0.0520673813169984,1.0,7.996937212863706,0.0153139356814701,0.8898559282153032,3.134762633996937,0,-1,0,High Performer 🟢
4sil,9.111643518518518,31.2230805891486,56.8171814343766,0.5170731707317073,205.0,12.058823529411764,17.0,2.5121951219512195,0.3170731707317073,34.0,6.0,0.024390243902439,0.9804878048780488,7.014634146341463,0.0146341463414634,5.505196544924554,2.009756097560976,0,-1,0,High Performer 🟢
4sio,6.711053263888888,56.020816904407326,125.08550457938507,0.5664335664335665,429.0,17.16,25.0,2.296037296037296,0.1888111888111888,45.0,7.0,0.0209790209790209,0.9743589743589745,6.417249417249417,0.0256410256410256,5.945269476372925,2.237762237762238,0,-1,0,High Performer 🟢
4sip,0.0032236458333333,5.2986455247362185,13.057981251486972,0.8604651162790697,172.0,19.11111111111111,9.0,2.052325581395349,0.0755813953488372,48.0,4.0,0.0406976744186046,1.0,4.773255813953488,0.0116279069767442,0.7756168981481482,2.4069767441860463,0,-1,0,High Performer 🟢
4skh,1.4162074999999998,7.231163896990741,9.575313168310952,0.7,10.0,0.0,0.0,2.2,0.2,5.0,4.0,0.0,1.0,5.4,0.0999999999999999,7.021773440945774,1.8,0,-1,0,High Performer 🟢
4ski,10.38574466435185,41.99655293981481,54.26270768480866,0.6,5.0,0.0,0.0,2.4,0.2,2.0,2.0,0.0,1.0,13.4,0.1999999999999999,7.021773440945774,3.0,0,-1,0,High Performer 🟢
4skk,24.368064328703703,69.65639047260804,92.8576030336503,0.4,60.0,8.571428571428571,7.0,2.066666666666667,0.0666666666666666,4.0,7.0,0.0166666666666666,1.0,12.016666666666667,0.0333333333333333,9.09431602733686,2.433333333333333,0,-1,0,High Performer 🟢
4skl,5.597644675925926,15.87169983934083,31.48712172254941,0.6785714285714286,84.0,4.421052631578948,19.0,2.0357142857142856,0.0833333333333333,50.0,4.0,0.0,1.0,3.7857142857142856,0.0119047619047618,1.6185019465488215,1.7023809523809523,0,-1,0,High Performer 🟢
4skr,11.08837962962963,37.03974624751551,81.88080899854002,0.4921465968586387,191.0,8.304347826086957,23.0,2.1518324607329844,0.1361256544502617,8.0,9.0,0.0418848167539267,0.9581151832460733,17.230366492146597,0.06282722513089,0.6458142982858892,4.230366492146596,0,-1,0,High Performer 🟢
4sks,2.011383101851852,17.581003575120192,65.68484011440921,0.7865384615384615,520.0,20.8,25.0,2.5134615384615384,0.4,30.0,7.0,0.0634615384615384,0.9884615384615384,6.601923076923077,0.0173076923076923,1.6135046832842777,2.875,0,-1,0,High Performer 🟢
4slh,7.957234027777778,26.901673962449884,67.61897313809712,0.5618556701030928,194.0,8.083333333333334,24.0,2.427835051546392,0.3350515463917525,22.0,6.0,0.0721649484536082,0.9742268041237112,6.603092783505154,0.0257731958762886,7.60232981078905,3.061855670103093,0,-1,0,High Performer 🟢
4sli,1.2170185300925926,15.838685744290771,49.28689077927584,0.773109243697479,238.0,9.52,25.0,2.4831932773109244,0.3697478991596639,14.0,5.0,0.0630252100840336,0.9915966386554622,7.718487394957983,0.0168067226890756,7.181423961840628,2.865546218487395,0,-1,0,High Performer 🟢
4sog,0.0023091435185185,1.882673921165174,36.034472894601535,0.9934640522875816,459.0,0.0,0.0,2.0631808278867103,0.0435729847494553,81.0,7.0,0.0,1.0,3.1938997821350763,0.0108932461873638,7.021773440945774,1.973856209150327,0,1,0,High Performer 🟢
4soo,0.7376361689814814,67.86784918311403,127.9196264652328,0.631578947368421,19.0,2.7142857142857144,7.0,2.3684210526315788,0.2631578947368421,9.0,5.0,0.0526315789473684,0.9473684210526316,5.894736842105263,0.0,60.21689686213992,1.368421052631579,0,-1,0,High Performer 🟢
4sop,2.7900347222222224,5.838138678451179,7.044182687531505,0.8181818181818182,11.0,1.8333333333333333,6.0,2.4545454545454546,0.4545454545454545,7.0,2.0,0.0909090909090909,0.7272727272727273,4.909090909090909,0.0,0.0062636784511784,3.272727272727273,1,-1,1,Solid Performer 🟡
4soq,7.098483796296296,26.775957200551616,53.56089900974789,0.5319148936170213,47.0,2.35,20.0,2.25531914893617,0.2340425531914893,12.0,4.0,0.0212765957446808,1.0,8.127659574468085,0.0,7.666233691077442,1.3829787234042554,0,-1,0,High Performer 🟢
4sor,15.57150462962963,37.019164697145065,46.28674764097126,0.5,6.0,3.0,2.0,2.1666666666666665,0.1666666666666666,3.0,2.0,0.0,1.0,5.5,0.0,0.000324074074074,2.0,0,0,0,High Performer 🟢
4ssh,13.99451388888889,31.37283696581998,48.557846101086376,0.3963963963963964,111.0,4.44,25.0,2.468468468468469,0.3693693693693693,8.0,4.0,0.027027027027027,0.954954954954955,8.36936936936937,0.054054054054054,2.992365468409586,2.081081081081081,0,-1,0,High Performer 🟢
4z8d4aa.c3,0.0032754629629629,0.1174704816343466,0.6043815011898312,1.0,212.0,9.217391304347826,23.0,2.320754716981132,0.2075471698113207,10.0,3.0,0.0047169811320754,0.9858490566037736,0.8160377358490566,0.0094339622641509,0.0110325804776739,1.089622641509434,0,-1,0,High Performer 🟢
826 .a8cz3_.xd,0.0230354976851851,12.145046161747684,27.8751933832203,0.75,8.0,0.0,0.0,2.0,0.0,1.0,1.0,0.0,1.0,4.875,0.0,7.021773440945774,1.75,0,0,0,High Performer 🟢
_2hhpqg,7.750729166666667,19.358627475212188,31.390365009429985,0.5833333333333334,120.0,12.0,10.0,2.1083333333333334,0.0833333333333333,25.0,7.0,0.0333333333333333,1.0,7.908333333333333,0.025,13.389281595191685,4.25,0,2,0,High Performer 🟢
av43.jd4aa.c3,0.0034178125,0.3733801578669661,1.6998745475000931,0.9852941176470588,136.0,136.0,1.0,2.0661764705882355,0.0441176470588235,21.0,6.0,0.0,1.0,0.7279411764705882,0.0,7.021773440945774,1.0220588235294117,0,-1,0,High Performer 🟢
bzy0xaygh,15.041539351851853,33.834784722222224,32.4726730334577,0.2,5.0,1.6666666666666667,3.0,2.0,0.0,2.0,2.0,0.0,1.0,2.2,0.0,52.7026875,2.2,0,-1,0,High Performer 🟢
d8e1n8vv8d4aa.c3,0.0027905034722222,2.690912221696128,16.563093763235155,0.9772727272727272,44.0,7.333333333333333,6.0,2.477272727272727,0.2272727272727272,3.0,3.0,0.0,1.0,0.8181818181818182,0.0227272727272727,0.0217527488425925,1.0454545454545454,0,0,0,High Performer 🟢
nzvz,1125.110855451389,957.919561796086,446.5796506992054,0.0909090909090909,11.0,2.2,5.0,2.0,0.0,2.0,2.0,0.0,1.0,2.363636363636364,0.0,11.288101851851852,2.363636363636364,3,-1,2,Low Performer 🔴
t.n2v8z2d,0.0348066782407407,5.137453136574074,12.235236365192067,0.875,8.0,0.0,0.0,2.0,0.0,5.0,4.0,0.0,1.0,2.125,0.0,7.021773440945774,1.875,0,0,0,High Performer 🟢
t.y0v.wygh,4.195891203703703,10.146347736625517,12.789303918444023,0.6666666666666666,9.0,1.5,6.0,2.0,0.0,2.0,1.0,0.2222222222222222,1.0,3.333333333333333,0.0,9.448855452674897,3.7777777777777777,0,-1,0,High Performer 🟢
t.y10tygh,0.006886574074074,14.757599342592592,20.989381528456715,0.6,5.0,1.25,4.0,2.0,0.2,3.0,3.0,0.0,1.0,4.2,0.0,5.722335069444444,1.6,0,0,0,High Performer 🟢
t.y10tygp,7.4224652777777775,7.7431269290123454,6.3916454817687,0.6666666666666666,6.0,1.0,6.0,2.1666666666666665,0.1666666666666666,2.0,2.0,0.1666666666666666,1.0,2.6666666666666665,0.0,21.68914351851852,2.333333333333333,0,-1,0,High Performer 🟢
t.y10tygr,12.812476851851851,17.18377403846154,13.520544808122269,0.3076923076923077,13.0,1.3,10.0,2.0,0.0,2.0,1.0,0.0,1.0,2.076923076923077,0.0769230769230768,40.35854878917379,2.3846153846153846,0,-1,0,High Performer 🟢
t.y10ygh,23.97015046296296,31.327465277777776,26.537433762500086,0.2857142857142857,7.0,1.1666666666666667,6.0,2.0,0.0,1.0,1.0,0.1428571428571428,1.0,4.0,0.0,28.36965443121693,3.4285714285714284,0,-1,0,High Performer 🟢
t.y1_3_ygh,15.76650462962963,28.56397321428572,40.1735449808826,0.2857142857142857,7.0,1.1666666666666667,6.0,2.0,0.0,1.0,1.0,0.1428571428571428,1.0,2.7142857142857144,0.1428571428571429,38.98313988095239,3.4285714285714284,0,-1,0,High Performer 🟢
t.y1z0ygh,2.995775462962963,8.413887602880658,9.996741109267385,0.6666666666666666,9.0,1.8,5.0,2.111111111111111,0.1111111111111111,3.0,1.0,0.0,1.0,1.2222222222222223,0.2222222222222222,15.993645833333334,2.333333333333333,0,-1,0,High Performer 🟢
t.y1z0ygi,12.961354166666666,10.194065806878308,4.875960868790246,0.4285714285714285,7.0,1.75,4.0,2.0,0.0,3.0,1.0,0.2857142857142857,1.0,1.7142857142857142,0.0,28.633278769841272,3.142857142857143,0,-1,0,High Performer 🟢
t.y40ygh,5.663819444444444,17.554012345679013,23.67574204602504,0.5833333333333334,12.0,1.7142857142857142,7.0,2.0,0.0,1.0,2.0,0.0833333333333333,1.0,4.833333333333333,0.0833333333333333,40.55231963734568,2.6666666666666665,0,-1,0,High Performer 🟢
t.y8114ygh,3.1641666666666666,14.63550886501736,28.49579550962545,0.75,16.0,1.7777777777777777,9.0,2.0,0.0,2.0,2.0,0.1875,1.0,2.5,0.125,29.838848765432097,2.5,0,-1,0,High Performer 🟢
t.y8zv0ygi,22.498078703703705,31.033467592592597,32.785342469232404,0.4,5.0,1.0,5.0,2.0,0.0,1.0,1.0,0.2,1.0,3.4,0.0,49.23007175925926,4.8,0,-1,0,High Performer 🟢
t.y8zv0ygo,11.243894675925926,17.298098958333334,20.57837899198075,0.5,16.0,1.7777777777777777,9.0,2.0,0.0,1.0,1.0,0.0,1.0,1.9375,0.0,41.78958333333333,2.5625,0,-1,0,High Performer 🟢
t.yctn0ygh,4.6891087962962965,11.404136904761904,9.307509657047817,0.5714285714285714,7.0,1.1666666666666667,6.0,2.0,0.0,1.0,1.0,0.1428571428571428,1.0,3.142857142857143,0.0,28.28562830687831,3.4285714285714284,0,-1,0,High Performer 🟢
t.yd-0tygh,6.985335648148149,15.865868055555556,19.584198595693177,0.5714285714285714,7.0,1.1666666666666667,6.0,2.0,0.0,1.0,1.0,0.1428571428571428,1.0,3.857142857142857,0.0,43.80763392857143,4.0,0,-1,0,High Performer 🟢
t.yd10ygh,5.697662037037037,11.106086033950618,13.463476679353818,0.6666666666666666,6.0,1.5,4.0,2.0,0.0,1.0,1.0,0.0,1.0,2.0,0.3333333333333333,20.049596836419752,1.6666666666666667,0,-1,0,High Performer 🟢
t.yn039ygo,0.0147800925925925,64.5857662037037,128.81786208936143,0.6,5.0,1.25,4.0,2.0,0.0,2.0,1.0,0.0,1.0,1.4,0.1999999999999999,19.94984490740741,1.8,0,-1,0,High Performer 🟢
t.yt2_0ygi,6.325040509259259,5.619849537037037,1.5752269483157892,1.0,6.0,1.0,6.0,2.0,0.0,1.0,1.0,0.0,1.0,2.6666666666666665,0.0,34.64868634259259,2.833333333333333,0,-1,0,High Performer 🟢
t.yt2_0ygo,3.849988425925926,7.531631944444444,10.266613290555371,0.8333333333333334,6.0,1.5,4.0,2.0,0.0,1.0,1.0,0.0,1.0,1.5,0.1666666666666666,55.88382523148148,2.833333333333333,0,-1,0,High Performer 🟢
t.yt_9ygh,0.4792418981481481,14.22382265946502,24.43246663649707,0.6111111111111112,18.0,2.571428571428572,7.0,2.0,0.0,3.0,1.0,0.0555555555555555,1.0,1.8888888888888888,0.0,52.25983731995884,2.888888888888889,0,-1,0,High Performer 🟢
t.ytu0ygh,35.991145833333334,27.435314203960907,23.197653659130932,0.3333333333333333,9.0,1.8,5.0,2.0,0.0,2.0,2.0,0.1111111111111111,1.0,2.0,0.0,52.9287962962963,2.2222222222222223,0,-1,0,High Performer 🟢
t.yx0uygi,7.148981481481481,5.47306712962963,4.149476786396627,1.0,5.0,1.0,5.0,2.0,0.0,1.0,1.0,0.0,1.0,4.4,0.0,55.079518518518526,3.8,0,-1,0,High Performer 🟢
t.yz01ygh,5.843356481481481,22.5969957010582,30.99985194825636,0.7142857142857143,7.0,1.4,5.0,2.0,0.0,1.0,1.0,0.1428571428571428,1.0,4.142857142857143,0.1428571428571429,46.04710152116402,3.4285714285714284,0,-1,0,High Performer 🟢
t.yz01ygi,5.028819444444444,13.59486224537037,18.56561463376996,0.6,5.0,1.25,4.0,2.0,0.0,1.0,1.0,0.0,1.0,3.0,0.0,29.629328703703703,2.8,0,0,0,High Performer 🟢
t.yz42_ygi,1.283275462962963,7.424138888888889,9.738520828698109,0.6,5.0,1.25,4.0,2.0,0.0,1.0,1.0,0.2,1.0,5.2,0.0,30.002671296296292,3.4,0,-1,0,High Performer 🟢
t.yzt_0ygh,23.38436921296296,24.04707070707071,22.666659349114,0.4545454545454545,22.0,2.75,8.0,2.0,0.0,4.0,1.0,0.0909090909090909,1.0,2.136363636363636,0.0,36.04683291245792,2.909090909090909,0,-1,0,High Performer 🟢
u6y1.wwygh,40.83863425925926,39.65971836419753,28.35301328642034,0.1666666666666666,6.0,1.2,5.0,2.0,0.0,1.0,1.0,0.0,1.0,6.833333333333333,0.0,19.854542824074077,4.166666666666667,0,-1,0,High Performer 🟢
u6yu_0ygh,20.519172453703703,25.29235966724537,17.94506069320312,0.125,8.0,1.3333333333333333,6.0,2.0,0.0,1.0,1.0,0.125,1.0,6.125,0.125,15.134234457671957,4.375,0,-1,0,High Performer 🟢
u6yx0uygo,53.08359375,68.82801851851852,34.67726679008981,0.0,10.0,1.4285714285714286,7.0,2.0,0.0,2.0,1.0,0.1,1.0,9.3,0.0,55.67973842592593,5.5,0,-1,0,High Performer 🟢
u6yz0uygi,25.32921875,41.52387709876543,40.78401433616544,0.1666666666666666,6.0,1.2,5.0,2.0,0.0,1.0,2.0,0.0,1.0,4.833333333333333,0.0,39.2640162037037,3.0,0,-1,0,High Performer 🟢
unzvvz2,20.43454861111111,32.84186149691358,38.14145315228281,0.5,6.0,1.5,4.0,2.0,0.0,1.0,1.0,0.0,1.0,3.1666666666666665,0.1666666666666666,38.76221836419753,2.5,0,-1,0,High Performer 🟢
w.nzwwz2ycz6dn28n,0.0036921296296296,1.2811640211640212,4.521907982336082,0.9285714285714286,14.0,1.5555555555555556,9.0,2.4285714285714284,0.2857142857142857,4.0,4.0,0.0,0.9285714285714286,1.5,0.0,5.853161502849003,1.2857142857142858,0,-1,1,High Performer 🟢
wzcdd4aa,0.0043570775462962,0.4256866997087814,2.3639581896120245,0.989247311827957,186.0,186.0,1.0,2.0806451612903225,0.0591397849462365,9.0,4.0,0.0,1.0,0.9247311827956988,0.0,0.000787037037037,1.1290322580645162,0,-1,0,High Performer 🟢
x8azvjn2,0.0036745833333333,2.266483198945473,24.28045246480532,0.9861111111111112,144.0,6.857142857142857,21.0,2.208333333333333,0.1736111111111111,6.0,5.0,0.0069444444444444,0.9583333333333334,1.1527777777777777,0.0,0.0021356682769726,1.1597222222222223,0,-1,0,High Performer 🟢
z2w_x,299.94586805555554,350.59065244697456,281.3766984552826,0.1627906976744186,43.0,3.071428571428572,14.0,2.13953488372093,0.0465116279069767,8.0,5.0,0.0,1.0,0.9534883720930232,0.0232558139534884,169.9076129850088,1.2093023255813953,3,-1,2,Low Performer 🔴
z8yx0z2ygh,35.07144675925926,67.90248842592592,54.17653215693212,0.0,9.0,1.2857142857142858,7.0,2.0,0.0,3.0,1.0,0.1111111111111111,1.0,9.333333333333334,0.0,70.01907021604939,3.7777777777777777,0,-1,0,High Performer 🟢
