issue_assignee,median_resolution_days,avg_resolution_days,std_resolution_days,pct_fast_resolved,total_tickets,tickets_per_month,active_months,avg_priority,pct_high_priority,n_distinct_projects,n_distinct_categories,pct_reopened,resolution_rate,avg_comments,pct_sole_resolver,avg_first_response_days,avg_processing_steps
-.3.jn2,0.0036133333333333334,0.08612209138486311,0.6207011014073618,1.0,92.0,0.0,0.0,2.010869565217391,0.010869565217391304,17.0,3.0,0.0,1.0,0.717391304347826,0.0,7.021773440945774,1.0434782608695652
-zvz7e,0.004719571759259259,16.135264979745372,45.33254782005783,0.875,8.0,0.0,0.0,2.125,0.125,5.0,3.0,0.125,1.0,1.375,0.0,7.021773440945774,2.125
.wy.z0yhg,53.04292824074074,44.14523148148148,19.38289012128847,0.0,9.0,4.5,2.0,2.3333333333333335,0.3333333333333333,1.0,2.0,1.0,0.0,1.7777777777777777,0.0,0.7800244341563786,4.555555555555555
0ny0x93ygh,92.43757523148147,107.03313425925927,99.58661713729792,0.2,10.0,1.4285714285714286,7.0,2.0,0.0,6.0,2.0,0.1,1.0,11.3,0.0,0.39225578703703706,3.5
0ny0x93ygi,3.9488469965277773,16.821338392489714,40.50612035714905,0.7777777777777778,18.0,2.25,8.0,2.0,0.0,10.0,3.0,0.05555555555555555,1.0,5.444444444444445,0.0,0.6037297453703704,2.8333333333333335
0ny0x93ygr,18.563625868055553,46.778670000428676,72.12822704820483,0.37037037037037035,27.0,3.0,9.0,2.037037037037037,0.037037037037037035,11.0,5.0,0.14814814814814814,1.0,10.481481481481481,0.03703703703703709,58.568131751543206,2.962962962962963
0ny0x93yhg,0.0008983333333333333,3.3956591805555547,6.510358598604976,0.8,5.0,0.0,0.0,2.0,0.0,3.0,1.0,0.0,1.0,8.8,0.4,7.021773440945774,2.2
0ny0x93yho,0.029307071759259257,27.149697017746917,43.46905663207426,0.6666666666666666,9.0,0.0,0.0,2.0,0.0,7.0,2.0,0.0,1.0,7.555555555555555,0.11111111111111116,7.021773440945774,2.111111111111111
0ny0x93yhr,14.095311886574075,32.6007127662037,49.89404444969045,0.4,5.0,0.0,0.0,2.0,0.0,3.0,2.0,0.0,1.0,21.2,0.19999999999999996,7.021773440945774,3.0
0zxu.ad,0.060856481481481484,5.301073717948718,11.661975092042843,0.8461538461538461,13.0,1.1818181818181819,11.0,3.4615384615384617,0.6923076923076923,10.0,2.0,0.0,1.0,1.4615384615384615,0.0,0.007411858974358974,1.0
1.ca.cz38azew8x3djd4aa.c3,0.00719005787037037,0.15979423739711934,0.30394325876774514,1.0,9.0,3.0,3.0,2.111111111111111,0.1111111111111111,3.0,2.0,0.0,1.0,1.4444444444444444,0.0,0.0008641975308641976,1.0
1.ca.cz38j18x3czvj.ad,0.004427488425925926,0.07214187062062062,0.2749674454035186,1.0,37.0,4.625,8.0,2.2972972972972974,0.16216216216216217,9.0,4.0,0.0,0.972972972972973,0.5675675675675675,0.027027027027026973,0.0014853395061728396,1.027027027027027
1n81u .ad h,0.0042138888888888885,0.012143190019063181,0.025026387807535307,1.0,34.0,0.0,0.0,2.0588235294117645,0.058823529411764705,9.0,3.0,0.0,1.0,0.47058823529411764,0.0,7.021773440945774,1.1176470588235294
1n81u .ad i,0.0060744907407407405,4.780261769868828,32.81012804726587,0.9791666666666666,48.0,0.0,0.0,2.0,0.020833333333333332,10.0,5.0,0.0,1.0,0.5625,0.0,7.021773440945774,1.1875
1n81u .ad o,0.007008738425925925,0.06973273011982571,0.15988682560486553,1.0,17.0,0.0,0.0,2.0588235294117645,0.058823529411764705,6.0,3.0,0.0,1.0,1.0,0.0,7.021773440945774,1.1176470588235294
1n81u .ad p,0.0036488078703703704,0.02355259501507321,0.08640219369739914,1.0,43.0,0.0,0.0,2.0,0.0,17.0,5.0,0.0,1.0,1.0232558139534884,0.023255813953488413,7.021773440945774,1.1627906976744187
1n81u.adh,0.018090277777777778,0.6585941358024692,1.4828343808425597,1.0,45.0,2.8125,16.0,3.2444444444444445,0.7555555555555555,9.0,3.0,0.0,0.9777777777777777,1.1555555555555554,0.0,0.2117013888888889,1.1555555555555554
1n81u.ado,0.25711805555555556,0.48793154761904767,0.5809024513835044,1.0,7.0,1.4,5.0,2.857142857142857,0.7142857142857143,2.0,2.0,0.0,1.0,2.142857142857143,0.0,3.479551917989418,1.1428571428571428
1n81u.adp,0.04179976851851852,4.224136646412037,9.933810654572671,0.875,32.0,1.6842105263157894,19.0,2.90625,0.59375,17.0,4.0,0.0,0.90625,3.28125,0.0,0.14264937789351853,1.375
1n81uazew8x3djd4aa.c3,0.019319745370370373,0.11631747685185186,0.26928243706635746,1.0,7.0,0.0,0.0,1.8571428571428572,0.0,5.0,3.0,0.0,1.0,0.8571428571428571,0.0,7.021773440945774,1.0
3cxhho,49.27488425925926,32.22254398148148,29.408737549896575,0.4,5.0,2.5,2.0,2.0,0.0,2.0,1.0,0.0,1.0,0.4,0.0,3.6099050925925926,2.4
3cxhog,2.180902777777778,10.720537367724868,15.509651184616386,0.5714285714285714,7.0,1.75,4.0,2.0,0.0,1.0,2.0,0.0,1.0,0.14285714285714285,0.1428571428571429,30.32832175925926,1.4285714285714286
3cxhok,9.954756944444444,72.33736994049839,254.4091220672213,0.5234899328859061,149.0,11.461538461538462,13.0,2.0,0.0,27.0,6.0,0.0738255033557047,1.0,7.429530201342282,0.02684563758389258,22.782973499361432,3.0067114093959733
3cxigp,0.003485231481481482,2.345250711364918,13.705241844354513,0.9543147208121827,197.0,0.0,0.0,2.0710659898477157,0.05583756345177665,57.0,5.0,0.005076142131979695,1.0,3.49746192893401,0.0,7.021773440945774,2.2893401015228427
3cxigq,0.006805775462962963,9.353532382068584,34.785912432024205,0.8454258675078864,317.0,0.0,0.0,2.0378548895899056,0.03785488958990536,62.0,6.0,0.022082018927444796,1.0,6.280757097791798,0.006309148264984188,7.021773440945774,2.3785488958990535
3cxigs,0.003055601851851852,0.004184728969194313,0.005138696631471669,1.0,211.0,0.0,0.0,2.037914691943128,0.04739336492890995,61.0,5.0,0.0,1.0,2.938388625592417,0.004739336492891044,7.021773440945774,2.023696682464455
3cxiog,0.20682605324074074,9.683653060548295,18.957185673235156,0.7843137254901961,102.0,0.0,0.0,1.9313725490196079,0.029411764705882353,9.0,4.0,0.00980392156862745,1.0,3.343137254901961,0.08823529411764708,7.021773440945774,2.3823529411764706
3cxior,3.1060241550925927,239.89671906250004,530.6227843423186,0.8,5.0,5.0,1.0,2.0,0.0,5.0,5.0,0.0,1.0,2.4,0.0,0.00662037037037037,1.8
3cxogo,0.002864583333333333,0.39553363930143015,3.623475110244313,0.9900990099009901,404.0,40.4,10.0,2.900990099009901,0.5965346534653465,76.0,5.0,0.009900990099009901,0.9975247524752475,3.032178217821782,0.024752475247524774,0.037113872845617894,2.0024752475247523
3cxosg,0.11887731481481481,1.025636574074074,1.725738094724856,1.0,5.0,2.5,2.0,3.0,0.6,1.0,2.0,0.2,0.2,0.6,0.19999999999999996,0.0012702546296296296,1.8
4ggk,19.928171296296295,144.34739117660612,345.5500700206554,0.45023696682464454,211.0,6.393939393939394,33.0,2.0473933649289098,0.037914691943127965,24.0,8.0,0.004739336492890996,0.995260663507109,4.3649289099526065,0.014218009478673022,12.435451089559388,2.241706161137441
4ggo,3.180143391203704,27.03580595516569,70.18344047747983,0.6240601503759399,133.0,8.3125,16.0,2.1954887218045114,0.15789473684210525,41.0,9.0,0.015037593984962405,0.9849624060150376,3.398496240601504,0.03007518796992481,62.41269933127572,2.1503759398496243
4ggr,0.04204897569444444,22.711270940867006,41.351232429600856,0.6454545454545455,110.0,0.0,0.0,2.018181818181818,0.01818181818181818,13.0,4.0,0.00909090909090909,1.0,2.3,0.0,7.021773440945774,1.6
4gis,6.935267297453704,50.65468505468159,139.56903949271876,0.5408163265306123,98.0,4.666666666666667,21.0,2.0918367346938775,0.04081632653061224,28.0,8.0,0.08163265306122448,1.0,3.836734693877551,0.04081632653061229,62.17184924768519,2.663265306122449
4glr,5.941597222222223,20.955701566951568,35.08347934771255,0.6153846153846154,13.0,1.8571428571428572,7.0,2.0,0.0,2.0,3.0,0.0,1.0,1.8461538461538463,0.0,11.126954237891738,2.1538461538461537
4gor,2.079670138888889,6.043675262345679,9.003335871120125,0.8333333333333334,6.0,3.0,2.0,2.0,0.0,4.0,3.0,0.0,1.0,0.6666666666666666,0.0,2.9982592592592594,2.1666666666666665
4grg,5.781400462962963,9.232937545687133,11.106968937526085,0.6491228070175439,57.0,3.5625,16.0,1.9824561403508771,0.0,15.0,2.0,0.0,1.0,3.6666666666666665,0.0,0.9756571502057614,2.7017543859649122
4gsg,9.077430555555555,22.324025237127373,49.96166384956204,0.5284552845528455,123.0,6.833333333333333,18.0,2.0,0.0,12.0,6.0,0.024390243902439025,1.0,1.910569105691057,0.03252032520325199,10.540054765130984,3.089430894308943
4hggg,10.970734953703703,28.912222222222223,68.59601757570032,0.46875,32.0,2.4615384615384617,13.0,2.5,0.4375,6.0,5.0,0.03125,0.90625,10.71875,0.03125,0.5096987123842592,3.0625
4hggi,2.030034722222222,17.972300925925925,35.807149627147574,0.8,5.0,1.25,4.0,2.6,0.6,4.0,3.0,0.2,0.6,3.8,0.0,0.0010416666666666667,2.8
4hggl,11.811435185185186,10.042091600529101,9.39181482739797,0.42857142857142855,7.0,1.1666666666666667,6.0,2.857142857142857,0.5714285714285714,4.0,2.0,0.0,0.8571428571428571,5.428571428571429,0.0,0.24569279100529098,2.7142857142857144
4hghi,43.17501157407408,83.47354552469136,95.9458594538451,0.23809523809523808,21.0,2.625,8.0,1.8571428571428572,0.09523809523809523,3.0,4.0,0.047619047619047616,1.0,9.904761904761905,0.04761904761904767,15.498199404761905,2.4285714285714284
4hghk,0.002384259259259259,0.8928979276895943,10.002211230963372,0.9835796387520526,609.0,38.0625,16.0,2.9573070607553364,0.6584564860426929,84.0,5.0,0.006568144499178982,0.9688013136288999,2.863711001642036,0.0377668308702791,0.12206404955531189,1.9113300492610839
4hgho,11.873055555555556,34.1578850308642,73.82272808771046,0.49523809523809526,105.0,6.176470588235294,17.0,2.1142857142857143,0.20952380952380953,4.0,5.0,0.13333333333333333,0.9809523809523809,9.80952380952381,0.36190476190476195,4.311078725961538,3.6476190476190475
4hghq,0.004571759259259259,2.103889156497538,11.013068583257905,0.9518304431599229,519.0,32.4375,16.0,3.1734104046242773,0.7148362235067437,69.0,5.0,0.005780346820809248,0.9826589595375722,4.360308285163777,0.046242774566473965,0.6659511034396631,2.321772639691715
4hghs,0.0028761574074074076,0.004840218926553673,0.013508388188846391,1.0,236.0,26.22222222222222,9.0,3.038135593220339,0.6694915254237288,60.0,4.0,0.0,0.9915254237288136,2.8771186440677967,0.0,0.02715601459510358,1.8644067796610169
4hgi,27.29870949074074,158.66895691473766,335.55078490981407,0.32,150.0,5.555555555555555,27.0,2.02,0.006666666666666667,30.0,8.0,0.013333333333333334,1.0,4.026666666666666,0.0,60.6566251668335,2.7333333333333334
4hgih,3.9780439814814814,8.692887180335097,15.703356892370003,0.7857142857142857,84.0,5.25,16.0,2.6547619047619047,0.5238095238095238,6.0,4.0,0.09523809523809523,0.9880952380952381,4.285714285714286,0.0,1.2360380410531013,3.119047619047619
4hgir,3.03609375,11.457972034534535,20.2503136246948,0.7027027027027027,74.0,5.285714285714286,14.0,2.635135135135135,0.4189189189189189,7.0,3.0,0.06756756756756757,0.9324324324324325,5.594594594594595,0.0,0.09131178053053053,2.72972972972973
4hgkl,1.0450694444444444,10.015101147342996,16.183022759374303,0.6956521739130435,23.0,3.8333333333333335,6.0,2.6956521739130435,0.391304347826087,6.0,2.0,0.08695652173913043,0.9130434782608695,4.6521739130434785,0.0,0.0011942340067340068,2.8260869565217392
4hgko,9.738125,10.927938924501426,10.184684513138,0.5384615384615384,13.0,2.6,5.0,2.5384615384615383,0.46153846153846156,2.0,2.0,0.0,1.0,9.076923076923077,0.07692307692307687,0.7242094017094016,2.6153846153846154
4hgkr,1.157193287037037,2.217517251921733,3.725059959592348,0.9811320754716981,106.0,35.333333333333336,3.0,3.30188679245283,0.9905660377358491,2.0,4.0,0.05660377358490566,0.9528301886792453,3.150943396226415,0.047169811320754707,0.004040880503144654,2.2358490566037736
4hgks,0.0008449074074074074,0.0030555555555555557,0.00405652170830049,1.0,7.0,2.3333333333333335,3.0,2.5714285714285716,0.5714285714285714,2.0,3.0,0.0,0.2857142857142857,0.5714285714285714,0.2857142857142857,0.41513425925925923,0.7142857142857143
4hgli,0.08114583333333333,1.2229423868312757,2.2561277698653956,1.0,9.0,4.5,2.0,2.6666666666666665,0.4444444444444444,1.0,2.0,0.1111111111111111,0.5555555555555556,1.2222222222222223,0.11111111111111116,0.0011368312757201646,1.4444444444444444
4hglq,0.0020486111111111113,0.14780354845026294,2.3429622419154477,0.9969788519637462,331.0,41.375,8.0,3.0362537764350455,0.7190332326283988,56.0,5.0,0.0,0.9395770392749244,2.694864048338369,0.04229607250755285,0.0014108481593375854,1.8821752265861027
4hgog,42.95319444444444,92.92705377492878,100.89032951584463,0.24615384615384617,65.0,4.333333333333333,15.0,2.7384615384615385,0.5846153846153846,10.0,4.0,0.046153846153846156,0.7384615384615385,14.046153846153846,0.0,5.300896267361111,2.1846153846153844
4hgok,5.316950231481481,17.15109548611111,25.136699275532415,0.575,40.0,3.6363636363636362,11.0,2.9,0.55,17.0,4.0,0.025,0.85,8.85,0.0,1.025502025462963,1.75
4hgol,0.0021064814814814813,0.03964129072681704,0.5017587270345518,0.9981203007518797,532.0,40.92307692307692,13.0,3.0,0.6672932330827067,79.0,4.0,0.0037593984962406013,0.9360902255639098,2.7537593984962405,0.03383458646616544,0.0009640638053467001,1.9229323308270676
4hgop,0.4229803240740741,7.014447916666668,14.582494998204007,0.8,20.0,2.5,8.0,1.6,0.05,3.0,2.0,0.25,0.8,1.9,0.0,5.920620949074074,3.2
4hgor,0.0027488425925925927,0.1832981078904992,2.4269051222129647,0.9951690821256038,414.0,29.571428571428573,14.0,2.973429951690821,0.6497584541062802,72.0,5.0,0.0024154589371980675,0.9516908212560387,2.8091787439613527,0.033816425120772986,0.12206672705314009,1.9082125603864735
4hgos,0.0016319444444444445,0.26412701519369053,4.063756899963585,0.9958246346555324,479.0,39.916666666666664,12.0,3.0542797494780793,0.7223382045929019,65.0,4.0,0.0041753653444676405,0.9770354906054279,2.720250521920668,0.050104384133611735,0.054239880538158196,1.8893528183716075
4hgpk,51.22221064814815,52.07225565843621,41.46754202591308,0.2222222222222222,9.0,1.2857142857142858,7.0,1.8888888888888888,0.0,5.0,1.0,0.0,0.7777777777777778,10.88888888888889,0.0,26.30388888888889,2.111111111111111
4hgpl,6.192974537037037,16.877179398148147,31.59701107742488,0.6666666666666666,30.0,2.727272727272727,11.0,2.3333333333333335,0.3333333333333333,3.0,3.0,0.03333333333333333,0.9666666666666667,8.566666666666666,0.06666666666666665,5.1159741512345684,2.466666666666667
4hgqg,0.5843923611111111,3.59162037037037,5.251077489780675,0.9,10.0,1.6666666666666667,6.0,2.3,0.3,2.0,3.0,0.0,0.6,2.5,0.0,0.0022800925925925927,2.1
4hgqk,5.653553240740741,27.61456111111111,62.635851368637546,0.64,25.0,1.9230769230769231,13.0,2.04,0.04,4.0,4.0,0.0,0.92,5.28,0.0,20.90548425925926,1.8
4hgql,0.003738425925925926,0.005097552910052911,0.005219526112612239,1.0,7.0,7.0,1.0,2.4285714285714284,0.5714285714285714,6.0,2.0,0.0,1.0,2.4285714285714284,0.0,0.0005324074074074074,1.8571428571428572
4hgqr,30.355752314814815,38.4735557568438,38.67336078774381,0.21739130434782608,23.0,2.3,10.0,1.7826086956521738,0.0,3.0,4.0,0.21739130434782608,0.8695652173913043,16.73913043478261,0.0,2.851984702093398,7.217391304347826
4hgrl,0.0020601851851851853,0.04853987596086653,0.4269741869522177,1.0,265.0,66.25,4.0,2.9622641509433962,0.6188679245283019,67.0,5.0,0.0,0.969811320754717,2.5245283018867926,0.015094339622641506,0.04727249301187981,1.7433962264150944
4hgsg,2.051435185185185,2.116451903292181,2.0721928382324166,1.0,9.0,2.25,4.0,3.0,0.7777777777777778,5.0,2.0,0.2222222222222222,0.8888888888888888,5.777777777777778,0.0,1.2110519547325103,3.3333333333333335
4hgsi,0.016655092592592593,2.346747685185185,4.1709631907784654,0.8888888888888888,9.0,1.8,5.0,3.5555555555555554,0.6666666666666666,4.0,1.0,0.0,0.7777777777777778,2.111111111111111,0.2222222222222222,0.7324421296296296,1.1111111111111112
4hhgi,0.0018402777777777777,0.0694539892977393,0.6671474450430567,1.0,462.0,57.75,8.0,2.984848484848485,0.6861471861471862,73.0,4.0,0.004329004329004329,0.9090909090909091,2.6406926406926408,0.045454545454545414,0.0810342100506146,1.7705627705627707
4hhgk,0.8722800925925925,4.269996807151979,6.253640049630625,0.8620689655172413,29.0,7.25,4.0,2.6551724137931036,0.4482758620689655,4.0,3.0,0.034482758620689655,0.4827586206896552,4.310344827586207,0.0,0.2390824074074074,1.3793103448275863
4hhgo,0.001724537037037037,0.0022690850815850817,0.002110488705835951,1.0,143.0,71.5,2.0,2.93006993006993,0.6293706293706294,37.0,4.0,0.0,1.0,2.762237762237762,0.034965034965035,0.001143000518000518,1.832167832167832
4hhgr,0.0,8.41693287037037,20.693230441051302,0.7777777777777778,27.0,2.4545454545454546,11.0,2.3333333333333335,0.18518518518518517,8.0,4.0,0.0,0.2962962962962963,1.962962962962963,0.0,119.9100462962963,0.7407407407407407
4hhgs,0.06443287037037038,3.538693783068783,8.575576708987676,0.8571428571428571,7.0,3.5,2.0,2.7142857142857144,0.42857142857142855,3.0,1.0,0.0,0.8571428571428571,4.428571428571429,0.0,0.16363591269841268,2.2857142857142856
4hho,2.067204861111111,34.72053653676185,114.25982129518566,0.7027972027972028,286.0,8.9375,32.0,2.0594405594405596,0.04895104895104895,48.0,11.0,0.03146853146853147,0.9965034965034965,5.370629370629371,0.09440559440559437,14.331771171262503,2.7587412587412588
4hhoo,0.0014583333333333334,0.04388414935707221,0.3484852011178785,1.0,337.0,67.4,5.0,3.0178041543026706,0.7091988130563798,60.0,4.0,0.0,0.9495548961424333,2.777448071216617,0.011869436201780381,0.0042292422244202665,1.9228486646884273
4hhop,0.0017592592592592592,0.004899402583721446,0.03735491124172878,1.0,334.0,55.666666666666664,6.0,3.0269461077844313,0.6916167664670658,57.0,4.0,0.0,0.874251497005988,2.592814371257485,0.026946107784431184,0.005262588977866756,1.8053892215568863
4hlg,6.407729432870371,20.2462882781056,65.05085202020966,0.6445086705202312,346.0,10.8125,32.0,2.066473988439306,0.03757225433526012,81.0,9.0,0.008670520231213872,0.9971098265895953,2.6271676300578033,0.034682080924855474,21.577365798132845,2.4104046242774566
4hlo,7.073617586805555,25.17254355853526,36.27161363123372,0.5638297872340425,94.0,31.333333333333332,3.0,2.202127659574468,0.19148936170212766,15.0,8.0,0.010638297872340425,1.0,3.1914893617021276,0.07446808510638303,21.392937242798354,2.765957446808511
4hpg,10.14962962962963,37.73511254433089,73.53196955960532,0.5047169811320755,212.0,6.838709677419355,31.0,2.0047169811320753,0.0330188679245283,11.0,6.0,0.02830188679245283,1.0,9.141509433962264,0.037735849056603765,13.416324582204155,3.3254716981132075
4hph,10.707060185185185,40.78516261938203,60.33163256284143,0.5056179775280899,89.0,5.235294117647059,17.0,2.168539325842697,0.1348314606741573,20.0,7.0,0.02247191011235955,0.9775280898876404,7.157303370786517,0.0674157303370787,61.07437010327635,2.292134831460674
4hpp,3.798001099537037,27.313092537647538,93.58754372320422,0.6793794440853265,1547.0,26.67241379310345,58.0,2.0950226244343892,0.07304460245636717,89.0,11.0,0.014221073044602456,0.9935358758888171,5.741435035552683,0.025210084033613467,8.058781177858075,2.6961861667744023
4hsg,0.9176766550925927,10.264661907617846,16.805273959564662,0.6818181818181818,22.0,0.0,0.0,1.8636363636363635,0.0,11.0,4.0,0.0,1.0,5.5,0.045454545454545414,7.021773440945774,1.6363636363636365
4hsq,20.01619212962963,153.77749305555557,303.847671923982,0.2,5.0,1.0,5.0,2.6,0.2,4.0,3.0,0.0,1.0,4.0,0.0,146.52159953703702,2.4
4igh,10.838854166666666,33.51920919543651,80.10948684471013,0.5071428571428571,140.0,5.384615384615385,26.0,2.0142857142857142,0.007142857142857143,21.0,6.0,0.0,1.0,3.335714285714286,0.014285714285714235,5.5680182613168725,1.8
4ihh,7.068949201388888,335.64615521825397,559.9517451592421,0.5714285714285714,7.0,2.3333333333333335,3.0,2.0,0.0,5.0,2.0,0.0,1.0,5.428571428571429,0.0,0.044675925925925924,4.142857142857143
4ihs,3.077019675925926,11.13137734059804,38.59089863179254,0.7784588441330998,1142.0,22.392156862745097,51.0,2.2425569176882663,0.16987740805604204,42.0,7.0,0.03590192644483362,0.9938704028021016,6.288091068301226,0.017513134851138368,0.6842948437334182,3.361646234676007
4ikk,5.042960677083333,25.094988419107263,62.68688210420299,0.6358436606291706,2098.0,44.638297872340424,47.0,2.1415633937082936,0.10581506196377502,101.0,10.0,0.042897998093422304,0.9976167778836987,8.267874165872259,0.05862726406101049,21.821145686516324,3.152049571020019
4ioh,4.011423611111111,13.528395728697781,72.6631554989552,0.7398720682302772,469.0,8.685185185185185,54.0,2.162046908315565,0.1257995735607676,46.0,7.0,0.04477611940298507,0.9893390191897654,4.940298507462686,0.006396588486140775,1.305475319069069,3.5543710021321964
4ipo,11.83204861111111,35.01669580670272,70.39574641582944,0.4911504424778761,226.0,7.290322580645161,31.0,2.017699115044248,0.017699115044247787,27.0,8.0,0.07079646017699115,1.0,7.606194690265487,0.03982300884955747,8.92547878769256,2.8451327433628317
4isp,13.926944444444445,76.79475185185184,180.0396508572715,0.48,25.0,2.5,10.0,2.32,0.16,5.0,4.0,0.08,1.0,3.76,0.0,23.817881481481482,2.88
4kgh,9.175324074074075,35.75760809423834,65.70029719085876,0.5182724252491694,301.0,12.541666666666666,24.0,2.604651162790698,0.3920265780730897,35.0,6.0,0.009966777408637873,0.9534883720930233,12.029900332225914,0.013289036544850474,7.057336945994112,2.3255813953488373
4kgi,0.0032178645833333334,1.4246382668123918,26.231566483940206,0.9883419689119171,772.0,33.56521739130435,23.0,2.4753886010362693,0.33419689119170987,101.0,7.0,0.0012953367875647669,0.9896373056994818,3.273316062176166,0.005181347150259086,0.42468462212212216,1.9080310880829014
4kgk,5.832912141203703,36.28398522085224,74.38554441492725,0.6122448979591837,49.0,0.0,0.0,2.0,0.0,5.0,6.0,0.0,1.0,8.040816326530612,0.08163265306122447,7.021773440945774,2.5306122448979593
4kgo,0.003402974537037037,9.115863319118194,43.74260952316655,0.8322147651006712,149.0,149.0,1.0,2.040268456375839,0.03355704697986577,47.0,6.0,0.006711409395973154,1.0,5.771812080536913,0.02684563758389258,122.24911747685185,2.4832214765100673
4kgp,0.03452655092592593,7.684801701085638,22.05397511965092,0.8558951965065502,229.0,13.470588235294118,17.0,2.3013100436681224,0.2314410480349345,64.0,4.0,0.017467248908296942,0.9519650655021834,5.449781659388647,0.008733624454148492,0.7441460648148148,2.606986899563319
4kgq,0.0022734375000000003,0.8264674425782372,23.540990979511193,0.9961240310077519,1032.0,51.6,20.0,2.4602713178294575,0.29844961240310075,104.0,6.0,0.0,0.9941860465116279,3.2083333333333335,0.0019379844961240345,0.11423778210269718,1.9709302325581395
4kgr,13.98409136574074,49.36798721064815,83.00277817823199,0.4642857142857143,252.0,12.6,20.0,2.5238095238095237,0.38095238095238093,36.0,7.0,0.011904761904761904,0.9246031746031746,13.619047619047619,0.03968253968253965,9.094051313883716,2.607142857142857
4khg,0.0025278298611111113,0.8736249616478327,23.745665037736277,0.9959919839679359,998.0,39.92,25.0,2.62625250501002,0.4468937875751503,107.0,7.0,0.0,0.9859719438877755,3.0080160320641283,0.012024048096192397,0.035114367545511616,1.9529058116232465
4khi,24.156111111111112,70.73470799260241,105.56708210326622,0.3492063492063492,189.0,8.590909090909092,22.0,2.4074074074074074,0.24338624338624337,17.0,8.0,0.164021164021164,0.9470899470899471,9.0,0.05291005291005291,3.4473885109599394,3.544973544973545
4kho,1.1508339467592592,15.039497510288067,41.986022009774814,0.7586206896551724,261.0,26.1,10.0,2.0651340996168583,0.05363984674329502,15.0,6.0,0.019157088122605363,0.9808429118773946,6.448275862068965,0.026819923371647514,16.023888279727096,2.6053639846743293
4khp,1.0716428645833334,22.052687664625978,71.71726066762956,0.75,152.0,38.0,4.0,2.289473684210526,0.17763157894736842,14.0,6.0,0.039473684210526314,1.0,11.118421052631579,0.02631578947368418,0.030371334876543213,4.394736842105263
4khq,0.002626273148148148,0.0037779661779835387,0.003562877408615232,1.0,18.0,0.0,0.0,2.2222222222222223,0.16666666666666666,15.0,4.0,0.0,1.0,3.0,0.0,7.021773440945774,2.0
4khs,2.5006183043981483,18.49611694073037,72.35632688707013,0.7611940298507462,134.0,10.307692307692308,13.0,2.208955223880597,0.15671641791044777,10.0,5.0,0.03731343283582089,0.9925373134328358,8.201492537313433,0.04477611940298509,11.84455345970971,2.8358208955223883
4kig,4.418560833333333,18.20017511468855,29.04048953093383,0.5454545454545454,11.0,5.5,2.0,1.9090909090909092,0.0,5.0,4.0,0.0,1.0,5.454545454545454,0.0,0.5116493055555555,1.3636363636363635
4kih,2.085046296296296,43.622533205515296,85.97212159145398,0.5652173913043478,23.0,2.3,10.0,2.130434782608696,0.13043478260869565,9.0,5.0,0.0,0.8695652173913043,3.217391304347826,0.0,43.34145293209876,1.2608695652173914
4kir,4.115150462962963,17.052756944444443,21.698841301308942,0.6,5.0,1.25,4.0,2.2,0.2,4.0,2.0,0.0,1.0,7.6,0.0,0.8276041666666667,1.8
4kkr,13.893728900462964,41.95235634741512,65.64384816767412,0.4583333333333333,24.0,6.0,4.0,2.1666666666666665,0.08333333333333333,4.0,5.0,0.041666666666666664,1.0,4.291666666666667,0.04166666666666663,23.77014814814815,1.5416666666666667
4kll,4.917417291666666,20.134931228517818,40.166345780628895,0.6212121212121212,132.0,5.739130434782608,23.0,2.265151515151515,0.2803030303030303,7.0,5.0,0.030303030303030304,0.9242424242424242,6.628787878787879,0.18181818181818177,0.3147096994535519,2.1136363636363638
4klq,8.352991898148149,39.32518045178799,73.98825276699631,0.5344827586206896,116.0,5.523809523809524,21.0,2.1810344827586206,0.1724137931034483,17.0,7.0,0.04310344827586207,0.9051724137931034,5.646551724137931,0.017241379310344862,9.984766553109713,2.060344827586207
4klr,9.478292824074074,36.66985543005952,63.96809447519862,0.5285714285714286,70.0,7.777777777777778,9.0,2.357142857142857,0.2714285714285714,7.0,9.0,0.0,1.0,8.014285714285714,0.0714285714285714,0.4156139184397163,2.057142857142857
4kol,1.7115547800925928,11.334604207070708,28.873438686274262,0.8181818181818182,55.0,0.0,0.0,2.0727272727272728,0.05454545454545454,5.0,7.0,0.0,1.0,5.4,0.036363636363636376,7.021773440945774,2.272727272727273
4kph,0.003003339120370371,2.4404013760058425,40.951277988921305,0.9940476190476191,336.0,0.0,0.0,2.0535714285714284,0.044642857142857144,79.0,6.0,0.0,0.9970238095238095,3.449404761904762,0.008928571428571397,7.021773440945774,1.994047619047619
4kpi,0.0032718518518518517,0.929376017221424,12.92005468485323,0.9942528735632183,348.0,0.0,0.0,2.0545977011494254,0.04310344827586207,76.0,7.0,0.0,1.0,3.6063218390804597,0.011494252873563204,7.021773440945774,1.9913793103448276
4kpk,4.201093495370371,16.239186717656896,39.531175032785285,0.7222222222222222,180.0,7.2,25.0,2.2666666666666666,0.13333333333333333,11.0,8.0,0.044444444444444446,0.9888888888888889,5.722222222222222,0.01666666666666672,0.47704060438863527,2.3
4kpq,1.9205960648148148,12.763676109559945,34.129478712125014,0.770618556701031,388.0,15.52,25.0,2.6778350515463916,0.4690721649484536,12.0,6.0,0.05412371134020619,0.9845360824742269,5.623711340206185,0.023195876288659822,3.084018031189084,2.711340206185567
4kqh,4.308787581018518,32.56864556356006,81.5861698913303,0.6542056074766355,107.0,15.285714285714286,7.0,2.121495327102804,0.056074766355140186,12.0,5.0,0.056074766355140186,1.0,9.429906542056075,0.009345794392523366,7.610711805555556,3.8411214953271027
4kqk,12.731979166666667,34.77261113803855,71.12521610866133,0.4387755102040816,98.0,4.454545454545454,22.0,2.193877551020408,0.16326530612244897,9.0,6.0,0.02040816326530612,0.9693877551020408,10.642857142857142,0.04081632653061229,9.09302662037037,3.163265306122449
4kqo,0.0025462962962962965,1.8180026402593514,23.765464640616436,0.9661691542288557,1005.0,43.69565217391305,23.0,2.5522388059701493,0.36716417910447763,129.0,7.0,0.003980099502487562,0.991044776119403,3.343283582089552,0.017910447761193993,0.1290405248998999,2.008955223880597
4kqp,6.2303440740740745,33.978390847604274,90.56652672300943,0.6213592233009708,103.0,6.4375,16.0,2.2427184466019416,0.18446601941747573,13.0,6.0,0.02912621359223301,1.0,7.310679611650485,0.03883495145631066,7.404280092592593,2.8932038834951457
4kqs,18.096961805555555,30.68214365805041,37.69939900821063,0.4,90.0,10.0,9.0,1.9777777777777779,0.022222222222222223,7.0,8.0,0.0,1.0,10.11111111111111,0.05555555555555558,0.6549279835390946,3.066666666666667
4kro,0.0035706018518518517,1.6764674681473826,29.255006400848686,0.9917355371900827,484.0,69.14285714285714,7.0,2.419421487603306,0.2830578512396694,80.0,6.0,0.0,0.9979338842975206,3.3057851239669422,0.010330578512396715,0.15936909605312383,1.9297520661157024
4krp,9.031468385416668,29.96584460279882,44.112594083141886,0.5227272727272727,44.0,44.0,1.0,2.022727272727273,0.045454545454545456,4.0,8.0,0.022727272727272728,1.0,7.2727272727272725,0.045454545454545414,0.07270833333333333,2.3863636363636362
4lgi,8.664086805555556,13.808536203703706,18.08955265918512,0.5,6.0,0.0,0.0,2.1666666666666665,0.16666666666666666,2.0,2.0,0.0,1.0,3.1666666666666665,0.16666666666666663,7.021773440945774,1.3333333333333333
4lhg,0.22673274305555555,7.3824099177841624,10.996007464308452,0.7241379310344828,29.0,2.230769230769231,13.0,2.0689655172413794,0.10344827586206896,14.0,3.0,0.0,0.9655172413793104,3.1724137931034484,0.0,4.253953269675926,1.7586206896551724
4lhl,20.589814814814815,53.608455138606594,78.11464656073323,0.43089430894308944,246.0,10.695652173913043,23.0,2.6991869918699187,0.5121951219512195,32.0,5.0,0.02032520325203252,0.9024390243902439,10.101626016260163,0.020325203252032575,9.174301364121323,2.361788617886179
4lig,16.098177083333333,48.55435111133954,87.49410359971691,0.3815789473684211,152.0,6.08,25.0,2.1710526315789473,0.125,9.0,6.0,0.07894736842105263,0.9671052631578947,7.703947368421052,0.013157894736842146,16.586550143893895,2.1447368421052633
4lih,7.952488425925926,20.755802851017,52.858582275102286,0.6885245901639344,61.0,2.9047619047619047,21.0,2.3934426229508197,0.3442622950819672,6.0,5.0,0.06557377049180328,0.9672131147540983,9.147540983606557,0.032786885245901676,0.6370362523540489,3.3114754098360657
4lii,2.214375,21.640276031555985,47.07659506146745,0.6551724137931034,87.0,6.214285714285714,14.0,2.4022988505747125,0.28735632183908044,6.0,6.0,0.06896551724137931,0.9770114942528736,7.620689655172414,0.03448275862068961,0.962052806712963,2.954022988505747
4lio,30.06740740740741,55.483425260112085,54.71428967210945,0.0,19.0,6.333333333333333,3.0,1.7894736842105263,0.10526315789473684,2.0,4.0,0.05263157894736842,1.0,7.947368421052632,0.0,25.588037808641978,1.736842105263158
4lip,20.021064814814814,32.272931516422084,48.23745037218071,0.33962264150943394,53.0,2.789473684210526,19.0,2.6226415094339623,0.4339622641509434,5.0,5.0,0.03773584905660377,0.9622641509433962,7.09433962264151,0.0,6.722337307826694,1.8867924528301887
4lkl,8.943958333333333,33.45836965197957,66.02085158362488,0.5172413793103449,29.0,2.4166666666666665,12.0,2.206896551724138,0.20689655172413793,4.0,3.0,0.0,1.0,6.517241379310345,0.0,0.7461258780332056,2.0344827586206895
4lll,61.99371527777778,60.085425668724284,57.077474664312405,0.3333333333333333,9.0,1.5,6.0,2.888888888888889,0.7777777777777778,3.0,3.0,0.1111111111111111,0.7777777777777778,11.88888888888889,0.0,0.10478877314814815,2.3333333333333335
4llr,19.540381944444444,46.792241817931796,66.90090323161819,0.38613861386138615,101.0,5.9411764705882355,17.0,2.792079207920792,0.594059405940594,12.0,5.0,0.039603960396039604,0.7821782178217822,10.851485148514852,0.01980198019801982,3.7610261574074073,3.089108910891089
4lls,19.321984953703705,26.217131376659676,29.521787410187617,0.42452830188679247,106.0,7.066666666666666,15.0,3.056603773584906,0.8962264150943396,2.0,4.0,0.03773584905660377,0.8962264150943396,9.339622641509434,0.018867924528301883,0.0010498558700209643,4.009433962264151
4lpl,6.055833333333333,20.862840322293447,39.54538094690823,0.625,104.0,5.2,20.0,2.644230769230769,0.41346153846153844,17.0,5.0,0.038461538461538464,0.9519230769230769,5.826923076923077,0.0,4.213177991103849,1.8076923076923077
4lpo,4.113946759259259,20.48585628019324,39.23404283784594,0.6347826086956522,575.0,26.136363636363637,22.0,3.4,0.7965217391304348,7.0,5.0,0.017391304347826087,0.9773913043478261,9.191304347826087,0.02782608695652178,1.2786664251207729,3.3443478260869566
4lpq,0.16108796296296296,8.898412698412699,31.839595208722667,0.8857142857142857,35.0,5.0,7.0,3.085714285714286,0.6857142857142857,4.0,4.0,0.14285714285714285,1.0,4.6,0.0,0.00796494708994709,2.8285714285714287
4lqg,22.482471064814813,69.87166418650793,105.19391666720442,0.32653061224489793,98.0,4.454545454545454,22.0,2.010204081632653,0.17346938775510204,3.0,4.0,0.05102040816326531,0.9183673469387755,8.23469387755102,0.010204081632653073,0.3888244047619048,2.4693877551020407
4lqi,12.971840277777778,38.66195202745849,56.54988058332718,0.4482758620689655,29.0,2.6363636363636362,11.0,2.5172413793103448,0.3793103448275862,5.0,4.0,0.06896551724137931,0.9655172413793104,7.931034482758621,0.03448275862068961,3.899381200396826,2.2758620689655173
4lqk,3.016539351851852,23.00957558539945,46.35082077426417,0.6363636363636364,121.0,10.083333333333334,12.0,2.2231404958677685,0.2066115702479339,3.0,3.0,0.01652892561983471,0.9256198347107438,3.7355371900826446,0.0,5.8657682889501075,1.743801652892562
4lqr,0.01845486111111111,9.782830650252526,18.337415049404804,0.7954545454545454,44.0,22.0,2.0,2.0454545454545454,0.25,1.0,2.0,0.0,0.22727272727272727,0.9772727272727273,0.022727272727272707,13.784826388888888,0.8863636363636364
4lqs,14.337060185185186,20.028061342592594,18.637119304929115,0.3,10.0,3.3333333333333335,3.0,2.0,0.1,6.0,2.0,0.1,1.0,8.8,0.0,1.3088148148148149,3.0
4lrl,0.03947916666666667,19.84961651234568,39.246442324400675,0.7333333333333333,15.0,2.142857142857143,7.0,2.6666666666666665,0.6,4.0,2.0,0.06666666666666667,0.8,1.2666666666666666,0.0,9.276327932098765,1.3333333333333333
4lrp,1.5747743055555556,7.529139085894405,12.643555202089408,0.7553191489361702,94.0,9.4,10.0,2.595744680851064,0.425531914893617,26.0,4.0,0.0425531914893617,0.9680851063829787,6.053191489361702,0.010638297872340385,0.27375086189913317,3.127659574468085
4lrs,0.0027314814814814814,0.006133620983115469,0.03347248278727263,1.0,272.0,45.333333333333336,6.0,2.948529411764706,0.6470588235294118,68.0,5.0,0.0,0.9889705882352942,2.922794117647059,0.014705882352941124,0.07585303479030502,1.875
4lsh,15.959918981481481,40.3508805941358,42.95505198617381,0.4583333333333333,24.0,2.0,12.0,2.25,0.20833333333333334,6.0,3.0,0.041666666666666664,0.9166666666666666,12.083333333333334,0.0,6.221770351080248,3.625
4lsk,0.045092592592592594,5.863543084933949,25.545014376505762,0.9080962800875274,457.0,24.05263157894737,19.0,3.1684901531728666,0.7417943107221007,6.0,4.0,0.030634573304157548,0.986870897155361,7.282275711159738,0.004376367614879695,0.07947774528914879,2.4704595185995624
4lso,12.017887731481482,18.64625110229277,19.531372495712393,0.4523809523809524,42.0,2.625,16.0,2.3333333333333335,0.23809523809523808,9.0,2.0,0.047619047619047616,0.9523809523809523,10.095238095238095,0.023809523809523836,0.5780784281305115,2.9285714285714284
4lsp,0.4955266203703704,9.468294967421125,27.52773786988919,0.8703703703703703,54.0,4.909090909090909,11.0,2.5925925925925926,0.5185185185185185,6.0,2.0,0.037037037037037035,1.0,3.1296296296296298,0.07407407407407407,0.9221838563100136,2.5555555555555554
4ogg,1.4471565277777776,19.89024941401373,49.13224571817094,0.7078651685393258,89.0,6.846153846153846,13.0,2.056179775280899,0.033707865168539325,44.0,9.0,0.07865168539325842,1.0,3.932584269662921,0.0337078651685393,108.39485982510287,2.651685393258427
4ohk,7.816147534722222,21.39784580602391,37.31666662134221,0.5676855895196506,687.0,21.46875,32.0,2.0509461426491993,0.042212518195050945,56.0,11.0,0.05240174672489083,1.0,14.032023289665212,0.040756914119359555,10.074591798513724,4.758369723435226
4ohl,7.677760416666667,44.19174642134951,120.74386577996356,0.5747126436781609,174.0,14.5,12.0,2.0517241379310347,0.08045977011494253,20.0,8.0,0.028735632183908046,1.0,2.454022988505747,0.03448275862068961,31.40438878184543,2.3505747126436782
4oio,8.97423611111111,37.850284291145925,114.74117804882134,0.551617873651772,649.0,12.48076923076923,52.0,2.1664098613251155,0.12480739599383667,38.0,12.0,0.023112480739599383,0.9861325115562404,6.576271186440678,0.015408320493066285,15.000781173248846,3.3959938366718028
4oiq,0.1735474537037037,11.536860795454546,19.92809992514972,0.75,44.0,14.666666666666666,3.0,1.9318181818181819,0.29545454545454547,2.0,2.0,0.022727272727272728,0.1590909090909091,1.2727272727272727,0.18181818181818177,8.834335805976432,1.4090909090909092
4okh,2.833854166666667,52.170790525558836,214.62525004409653,0.7514792899408284,169.0,5.633333333333334,30.0,2.0532544378698225,0.029585798816568046,26.0,8.0,0.03550295857988166,1.0,4.763313609467455,0.059171597633136064,18.31789514105227,3.408284023668639
4olg,11.20904513888889,15.222096002252252,18.11363074381648,0.4864864864864865,74.0,6.166666666666667,12.0,2.0,0.0,9.0,4.0,0.0,1.0,3.2432432432432434,0.0,9.425247278528529,2.4864864864864864
4oll,4.981441099537037,53.44578767006803,90.67998761588314,0.5510204081632653,49.0,8.166666666666666,6.0,2.122448979591837,0.08163265306122448,15.0,8.0,0.02040816326530612,1.0,3.4081632653061225,0.12244897959183676,1.5767525077160494,1.9183673469387754
4olr,135.1134201388889,117.77380931712963,59.502577058965485,0.0,8.0,4.0,2.0,2.0,0.0,1.0,1.0,0.0,1.0,2.0,0.0,27.81004340277778,2.375
4ook,8.951396087962962,8.930813599537036,5.360440133195832,0.6071428571428571,28.0,0.0,0.0,2.142857142857143,0.14285714285714285,1.0,1.0,0.0,1.0,2.1785714285714284,0.0714285714285714,7.021773440945774,2.107142857142857
4oop,50.391591435185184,154.23577690972223,244.43632645114695,0.125,16.0,2.0,8.0,2.1875,0.0625,6.0,3.0,0.0,1.0,3.125,0.0,166.43191984953702,1.3125
4opi,13.666110480324074,36.41578309887644,60.54826602198561,0.455188679245283,424.0,12.470588235294118,34.0,2.1014150943396226,0.06367924528301887,36.0,10.0,0.01650943396226415,0.9976415094339622,7.863207547169812,0.02358490566037741,20.72385930164319,3.186320754716981
4opp,7.121216875,29.229065671868636,61.914955330358254,0.5659340659340659,182.0,7.0,26.0,2.0494505494505493,0.038461538461538464,29.0,7.0,0.038461538461538464,1.0,6.972527472527473,0.038461538461538436,23.817274741138988,2.5494505494505493
4ops,3.2302546296296297,62.46935840392607,313.0879720637406,0.7889763779527559,635.0,14.431818181818182,44.0,2.2551181102362206,0.2094488188976378,52.0,5.0,0.006299212598425197,0.9952755905511811,5.436220472440945,0.0031496062992125706,1.4712533291019514,2.8755905511811024
4oqq,11.161326660879629,34.14108620413955,79.22596528117155,0.4884937238493724,956.0,18.037735849056602,53.0,2.0543933054393304,0.04497907949790795,33.0,8.0,0.032426778242677826,0.9811715481171548,10.609832635983263,0.01987447698744771,8.249098391520802,3.4152719665271967
4org,0.14555609953703702,12.09906637487817,31.086499008646,0.6842105263157895,38.0,3.8,10.0,2.026315789473684,0.02631578947368421,33.0,5.0,0.02631578947368421,1.0,2.0,0.0,30.36288657407407,2.1315789473684212
4orq,132.3972222222222,258.80074768518523,253.2371165522565,0.1,10.0,2.0,5.0,2.0,0.0,3.0,1.0,0.0,1.0,3.7,0.0,206.27718171296297,2.2
4ors,4.06916087962963,6.007966820987654,6.323057566525678,0.6666666666666666,6.0,3.0,2.0,2.0,0.0,2.0,4.0,0.0,1.0,1.8333333333333333,0.0,5.72474537037037,1.8333333333333333
4osr,3.8592476851851854,23.79548291080247,57.35953085826545,0.6637037037037037,1350.0,24.107142857142858,56.0,2.2614814814814816,0.17777777777777778,75.0,12.0,0.03259259259259259,0.9933333333333333,12.864444444444445,0.03851851851851851,6.966127544271677,3.3014814814814817
4pgg,0.013518518518518518,5.907099975198412,10.07887526776057,0.7142857142857143,7.0,2.3333333333333335,3.0,2.4285714285714284,0.42857142857142855,3.0,2.0,0.0,0.8571428571428571,2.5714285714285716,0.0,6.2755324074074075,1.5714285714285714
4pgp,9.092766203703704,25.578021115927243,77.02776524674705,0.5412322274881517,1055.0,19.181818181818183,55.0,2.1071090047393364,0.07962085308056872,36.0,8.0,0.013270142180094787,0.990521327014218,5.237914691943128,0.0360189573459716,6.960957068537609,3.0312796208530806
4phi,275.9487326388889,460.67209320794746,519.2656515806667,0.0,6.0,1.5,4.0,2.0,0.0,3.0,3.0,0.0,1.0,2.6666666666666665,0.0,22.62662037037037,1.5
4php,8.943638923611111,28.135356253095093,62.327993754050055,0.5303370786516854,445.0,15.344827586206897,29.0,2.0157303370786517,0.011235955056179775,25.0,9.0,0.0449438202247191,1.0,7.937078651685393,0.06516853932584266,20.016981780167264,3.6719101123595506
4phs,14.929913194444444,38.84135452835648,66.44578461515012,0.375,32.0,2.1333333333333333,15.0,2.15625,0.125,10.0,4.0,0.0625,1.0,3.6875,0.0,10.986863064236111,3.71875
4pio,6.00928599537037,23.810609502995643,68.4424174742352,0.6535947712418301,459.0,9.18,50.0,2.4422657952069717,0.22875816993464052,35.0,8.0,0.0196078431372549,0.9869281045751634,6.618736383442266,0.028322440087146017,8.440150515812617,2.581699346405229
4pls,3.0388497106481482,10.302668432734205,19.96102988705889,0.7058823529411765,17.0,8.5,2.0,2.0,0.058823529411764705,1.0,1.0,0.0,1.0,5.235294117647059,0.0,1.7072800925925926,2.4705882352941178
4pok,9.241770833333334,37.744607293470416,82.83763246583091,0.5168831168831168,385.0,13.75,28.0,2.005194805194805,0.0025974025974025974,14.0,3.0,0.015584415584415584,1.0,5.387012987012987,0.0025974025974025983,12.506173449953117,4.503896103896104
4pps,3.2988312210648143,19.6923089482446,50.987313018131964,0.7138888888888889,1800.0,32.72727272727273,55.0,2.65,0.4577777777777778,67.0,13.0,0.020555555555555556,0.9872222222222222,6.394444444444445,0.028888888888888853,1.4811734877808136,2.7733333333333334
4pqq,6.435160717592593,13.719180301382606,28.470848030736978,0.6436498150431565,811.0,16.551020408163264,49.0,2.1738594327990137,0.13070283600493218,39.0,5.0,0.036991368680641186,0.9901356350184957,7.226880394574599,0.011097410604192337,2.0652309013966232,4.086313193588163
4prg,9.941189519675925,39.85922299401341,80.41600406132687,0.5137931034482759,1160.0,21.88679245283019,53.0,2.0637931034482757,0.05344827586206897,56.0,11.0,0.04827586206896552,0.9948275862068966,10.367241379310345,0.07499999999999996,13.1096205693816,4.706896551724138
4prh,7.992604166666666,27.206661442969516,55.618765212797705,0.5575221238938053,113.0,6.647058823529412,17.0,2.017699115044248,0.017699115044247787,15.0,7.0,0.035398230088495575,1.0,3.0530973451327434,0.06194690265486724,16.991085197476238,2.5575221238938055
4pri,17.880340868055555,44.73154091636474,101.50273968061153,0.36231884057971014,69.0,5.75,12.0,2.0,0.0,22.0,3.0,0.014492753623188406,1.0,2.130434782608696,0.01449275362318836,3.806256839225589,2.8405797101449277
4prl,4.002314814814815,14.188881944444443,23.358831756949012,0.6,5.0,1.6666666666666667,3.0,2.0,0.0,1.0,3.0,0.0,1.0,1.8,0.19999999999999996,1.0020046296296297,1.8
4pro,8.081365740740742,31.78068682992203,72.02905252710936,0.5789473684210527,114.0,9.5,12.0,2.0,0.0,9.0,5.0,0.03508771929824561,1.0,2.0526315789473686,0.00877192982456143,34.274727298570504,2.4035087719298245
4prp,7.995162037037037,55.744830729166665,116.43010997274554,0.625,8.0,2.6666666666666665,3.0,2.0,0.0,1.0,4.0,0.0,1.0,0.875,0.0,63.00204716435185,1.375
4prq,5.248599537037037,9.940666335978836,10.245097904387654,0.5714285714285714,7.0,1.1666666666666667,6.0,2.4285714285714284,0.14285714285714285,2.0,4.0,0.0,1.0,1.5714285714285714,0.0,10.45625964506173,1.2857142857142858
4psk,8.877793310185186,35.46935952404639,128.13078008897108,0.5535465924895688,719.0,13.826923076923077,52.0,2.157162726008345,0.11961057023643949,39.0,9.0,0.019471488178025034,0.9930458970792768,5.963838664812239,0.0027816411682892728,8.905489018744355,3.536856745479833
4psl,11.815196759259258,82.91058245745747,227.99953652057448,0.4594594594594595,37.0,3.3636363636363638,11.0,2.0,0.0,10.0,7.0,0.0,1.0,1.9189189189189189,0.0,71.70290759509508,2.2972972972972974
4psr,6.212939814814815,26.481677011577897,52.14012980651509,0.5957095709570958,606.0,14.78048780487805,41.0,2.1254125412541254,0.09405940594059406,78.0,7.0,0.033003300330033,0.9983498349834984,5.16006600660066,0.02970297029702973,8.527105773492908,3.4834983498349836
4pss,29.215983796296296,82.74068029835391,167.15306714976492,0.2222222222222222,9.0,1.5,6.0,2.0,0.0,7.0,1.0,0.0,1.0,2.0,0.0,85.15972608024691,1.8888888888888888
4qhk,0.006979629629629629,2.030007581018519,4.527049254002822,1.0,5.0,0.0,0.0,2.2,0.2,5.0,4.0,0.0,1.0,1.2,0.0,7.021773440945774,1.6
4qil,7.023877314814815,25.01256111286476,58.98935672690905,0.6545454545454545,165.0,5.5,30.0,2.090909090909091,0.048484848484848485,40.0,4.0,0.006060606060606061,0.9878787878787879,5.430303030303031,0.0,12.76043133244546,3.727272727272727
4qio,71.84882600694444,175.7798111198484,265.4349388291749,0.2549019607843137,102.0,3.1875,32.0,2.049019607843137,0.029411764705882353,15.0,8.0,0.0,1.0,3.235294117647059,0.05882352941176472,30.020924575617283,1.911764705882353
4qiq,15.893349224537037,35.62732771580984,103.42936964126999,0.35931307793923384,757.0,14.283018867924529,53.0,2.0554821664464993,0.0488771466314399,35.0,8.0,0.007926023778071334,0.9867899603698811,6.317040951122854,0.021136063408190187,9.457444648986272,2.9801849405548215
4qkk,6.073159722222222,22.78044973466238,41.91528740791024,0.5986394557823129,147.0,11.307692307692308,13.0,2.0,0.0,26.0,4.0,0.09523809523809523,1.0,4.122448979591836,0.020408163265306145,1.9651672113289762,4.380952380952381
4qko,4.797449907407407,13.422976649733167,28.108454863448635,0.6847290640394089,203.0,12.6875,16.0,2.0,0.0,42.0,4.0,0.024630541871921183,1.0,5.945812807881773,0.0,1.3754319406496662,3.8916256157635467
4qkp,6.062002314814815,14.289903480694749,23.928914693867853,0.6437908496732027,306.0,18.0,17.0,2.0163398692810457,0.0196078431372549,26.0,8.0,0.0392156862745098,1.0,11.009803921568627,0.04575163398692805,11.268741914003044,3.6601307189542482
4qkr,14.609004629629629,33.12556198314433,47.42522705035289,0.4470284237726098,387.0,10.18421052631579,38.0,2.248062015503876,0.15762273901808785,44.0,5.0,0.06201550387596899,1.0,4.992248062015504,0.01033591731266148,7.521200927807889,3.3617571059431524
4qks,6.567135416666667,12.051191509589948,18.057452423358704,0.6785714285714286,56.0,7.0,8.0,1.9642857142857142,0.0,10.0,3.0,0.017857142857142856,1.0,3.6607142857142856,0.0714285714285714,11.757885458002646,2.1607142857142856
4qog,3.1456944444444446,32.188657407407405,62.625681411204894,0.6,5.0,5.0,1.0,2.0,0.0,1.0,2.0,0.0,1.0,0.2,0.0,2.852446759259259,2.4
4qoh,5.080752314814815,12.182376270081814,19.416861273189316,0.6845329249617151,653.0,13.06,50.0,2.140888208269525,0.08728943338437979,35.0,5.0,0.018376722817764167,0.996937212863706,5.04594180704441,0.004594180704441064,5.248119109358719,3.2343032159264933
4qok,551.1821643518518,581.7447895622896,74.7183589558806,0.0,11.0,1.8333333333333333,6.0,2.0,0.0,1.0,1.0,0.0,1.0,0.36363636363636365,0.0,60.41230113636364,2.8181818181818183
4qop,345.10671875,334.17831114969135,330.43508632359527,0.16666666666666666,12.0,4.0,3.0,2.0,0.0,1.0,4.0,0.0,1.0,1.3333333333333333,0.0,271.3660908564815,1.5833333333333333
4qpl,5.224767401620371,44.56738866536459,129.38478915611006,0.625,16.0,3.2,5.0,2.0,0.0,6.0,5.0,0.0,1.0,5.8125,0.0,1.257425925925926,2.125
4qpq,0.017618981481481482,2.9272942986111117,4.335154312082184,1.0,5.0,5.0,1.0,2.0,0.0,1.0,1.0,0.0,1.0,4.4,0.19999999999999996,4.958206018518519,1.6
4qqo,48.0595790625,121.5769343604066,169.58957748631533,0.30434782608695654,23.0,4.6,5.0,2.0,0.0,8.0,2.0,0.0,1.0,3.1739130434782608,0.08695652173913049,2.3437255658436214,2.9565217391304346
4qqp,22.838900462962965,16.99542361111111,9.562367595267796,0.2,5.0,1.6666666666666667,3.0,2.6,0.6,1.0,2.0,0.0,1.0,0.6,0.0,14.552997685185185,1.8
4qqr,12.342017297453701,33.02411741061851,78.23231626053511,0.45121951219512196,656.0,13.666666666666666,48.0,2.080792682926829,0.06859756097560976,38.0,7.0,0.012195121951219513,0.9984756097560976,6.625,0.010670731707317027,9.315182791780979,3.3780487804878048
4qrh,9.505043460648148,48.46679257136678,101.58820426530968,0.5155709342560554,289.0,36.125,8.0,2.0346020761245676,0.07958477508650519,44.0,8.0,0.0726643598615917,1.0,11.40484429065744,0.03460207612456745,66.44665100762526,4.294117647058823
4qrp,47.9056712962963,29.714430555555552,26.43211250875269,0.4,5.0,5.0,1.0,2.6,0.8,1.0,1.0,0.0,0.0,1.6,0.0,1.2069305555555556,1.6
4qsh,1.2636458333333334,12.570691345770012,32.11245733582516,0.7532210109018831,1009.0,25.225,40.0,2.047571853320119,0.03964321110009911,90.0,9.0,0.015857284440039643,1.0,5.3201189296333,0.032705649157581784,10.31508180894309,2.2834489593657086
4qsk,6.806722037037037,29.715405524861623,76.46757869551567,0.6198595787362087,997.0,18.462962962962962,54.0,2.205616850551655,0.10932798395185557,71.0,13.0,0.033099297893681046,0.9779338014042126,6.228686058174524,0.034102306920762326,18.861423210943656,3.0712136409227684
4qsl,15.115158981481482,38.12357341227754,71.22512952435386,0.4155844155844156,385.0,14.807692307692308,26.0,2.0259740259740258,0.02077922077922078,39.0,10.0,0.03636363636363636,1.0,6.189610389610389,0.04675324675324677,27.279463325056902,3.137662337662338
4qsp,34.979490740740744,54.56523572530864,48.7374265859293,0.16666666666666666,30.0,3.0,10.0,2.0,0.0,6.0,3.0,0.1,1.0,2.9,0.0,21.54510416666667,3.1
4qsr,8.101737164351851,21.579992436517955,48.086638950329046,0.5625,528.0,20.307692307692307,26.0,2.0321969696969697,0.028409090909090908,67.0,11.0,0.05303030303030303,1.0,6.445075757575758,0.02840909090909094,19.621973714786215,3.558712121212121
4qss,6.607766284722222,18.35454118868443,36.65771570350997,0.5992217898832685,514.0,17.133333333333333,30.0,2.0136186770428015,0.007782101167315175,58.0,9.0,0.08560311284046693,1.0,5.597276264591439,0.054474708171206254,18.05256904380342,3.7431906614785992
4rgh,8.031197916666667,33.577399930734536,80.01163859379737,0.5489690721649485,388.0,13.857142857142858,28.0,2.018041237113402,0.01288659793814433,43.0,9.0,0.030927835051546393,1.0,4.582474226804123,0.12371134020618557,17.38908750151295,2.4922680412371134
4rhh,6.834016203703704,12.963197357253087,16.733335440737495,0.6666666666666666,39.0,13.0,3.0,2.0256410256410255,0.02564102564102564,9.0,3.0,0.02564102564102564,1.0,3.5641025641025643,0.0,16.272631172839507,3.4615384615384617
4rho,50.00561342592592,75.0217528292181,106.21430147172221,0.2222222222222222,9.0,3.0,3.0,2.0,0.0,5.0,3.0,0.3333333333333333,1.0,12.555555555555555,0.0,10.911494341563786,5.0
4rhp,5.0816032812500005,19.01325005912576,64.81322366718192,0.6931216931216931,378.0,9.947368421052632,38.0,2.2354497354497354,0.16137566137566137,60.0,7.0,0.021164021164021163,0.9708994708994709,6.35978835978836,0.013227513227513255,9.812505250677507,3.0714285714285716
4ris,5.956672621527778,21.271675655958298,54.84169285343569,0.6273712737127372,738.0,18.45,40.0,2.1219512195121952,0.10298102981029811,94.0,9.0,0.012195121951219513,0.9850948509485095,7.017615176151762,0.03658536585365857,11.372769947246951,2.772357723577236
4rkg,7.997580844907407,24.203076438587686,44.78448871754738,0.5807228915662651,415.0,16.6,25.0,2.103614457831325,0.08674698795180723,36.0,7.0,0.016867469879518072,0.9855421686746988,9.156626506024097,0.028915662650602414,1.8508999458234832,4.937349397590362
4rli,8.099378912037038,28.2995645003858,53.30304211852098,0.5595238095238095,336.0,67.2,5.0,2.056547619047619,0.050595238095238096,43.0,8.0,0.03273809523809524,1.0,7.875,0.05059523809523814,3.544625053832903,3.732142857142857
4rlo,0.9572128182870371,35.96758954729588,81.13948540591664,0.6818181818181818,44.0,7.333333333333333,6.0,2.0454545454545454,0.022727272727272728,11.0,4.0,0.0,1.0,2.9318181818181817,0.06818181818181823,12.594428047839505,1.7727272727272727
4rog,30.142511574074074,48.43125134582257,56.2600941411649,0.37209302325581395,43.0,6.142857142857143,7.0,2.0,0.0,22.0,3.0,0.046511627906976744,1.0,8.046511627906977,0.0,19.70434296942291,3.2093023255813953
4roi,4.785751383101851,17.74212993778935,34.93966302950888,0.6666666666666666,24.0,24.0,1.0,2.0,0.0,11.0,2.0,0.041666666666666664,1.0,3.7083333333333335,0.0,0.024085648148148148,2.375
4rol,30.98675925925926,38.90579892676768,39.312440882428,0.35454545454545455,110.0,9.166666666666666,12.0,1.981818181818182,0.0,18.0,3.0,0.03636363636363636,1.0,3.2181818181818183,0.036363636363636376,23.577017887205386,2.4545454545454546
4roo,6.122719907407407,19.806596146452932,43.18920021614362,0.6573875802997858,467.0,23.35,20.0,2.0085653104925054,0.006423982869379015,41.0,6.0,0.017130620985010708,1.0,6.419700214132762,0.017130620985010725,8.270160801602163,3.233404710920771
4ror,7.3751851851851855,17.924848503086416,26.604569505353883,0.5833333333333334,108.0,7.2,15.0,2.0462962962962963,0.037037037037037035,22.0,7.0,0.05555555555555555,1.0,3.9537037037037037,0.03703703703703709,20.000766782407407,3.4166666666666665
4rpg,10.179131944444444,35.607549843248414,62.62900276873719,0.5135834411384217,773.0,42.94444444444444,18.0,2.0,0.0,47.0,7.0,0.04139715394566624,1.0,6.567917205692108,0.04915912031047864,11.119282429925061,3.1384217335058215
4rqs,6.960727679398148,33.74130614025033,93.44825763784094,0.5961538461538461,624.0,16.864864864864863,37.0,2.0833333333333335,0.0673076923076923,33.0,11.0,0.008012820512820512,0.9919871794871795,10.95673076923077,0.028846153846153855,6.9862099358974366,3.5
4rri,25.983260162037034,35.33286424768519,34.68751942144997,0.4,5.0,0.0,0.0,1.8,0.0,1.0,1.0,0.0,1.0,18.0,0.0,7.021773440945774,4.6
4rrl,9.428199699074073,19.26425775391894,25.387088893893075,0.543859649122807,114.0,12.666666666666666,9.0,2.0,0.0,31.0,5.0,0.05263157894736842,1.0,5.7894736842105265,0.06140350877192979,19.849206571310116,3.043859649122807
4rsl,2.9599143634259257,5.892599608907185,9.937730914274708,0.8682634730538922,167.0,41.75,4.0,2.0,0.0,39.0,3.0,0.0,1.0,4.508982035928144,0.005988023952095856,5.930598958333333,3.712574850299401
4sgg,7.825194537037037,31.82806484421394,71.87681422901103,0.5836849507735584,711.0,28.44,25.0,2.60056258790436,0.4571026722925457,18.0,6.0,0.03938115330520394,0.9662447257383966,10.258790436005626,0.025316455696202556,0.061133301140544515,4.236286919831223
4sgr,11.646168981481482,29.891056718996666,59.9106857550922,0.47540983606557374,610.0,25.416666666666668,24.0,2.495081967213115,0.2934426229508197,15.0,6.0,0.022950819672131147,0.9885245901639345,8.3,0.02622950819672132,0.5836097236826732,3.6295081967213116
4sgs,9.015445358796297,20.635401819779315,33.80419682827103,0.5407303370786517,712.0,79.11111111111111,9.0,2.3286516853932584,0.20646067415730338,12.0,6.0,0.019662921348314606,1.0,9.849719101123595,0.0463483146067416,0.023045469576719577,4.310393258426966
4shl,0.830925925925926,7.890226349939359,17.478185470172885,0.7909319899244333,397.0,23.352941176470587,17.0,2.3148614609571787,0.24937027707808565,73.0,5.0,0.030226700251889168,1.0,5.831234256926952,0.02518891687657432,0.8507006809600863,2.9672544080604535
4sig,0.002109849537037037,0.41545504294071206,7.163903476952969,0.993798449612403,645.0,645.0,1.0,2.0356589147286823,0.03255813953488372,95.0,6.0,0.0,1.0,3.10077519379845,0.009302325581395321,7.021773440945774,1.9844961240310077
4sih,5.8744097222222225,14.845650432758816,26.192888048205678,0.6337349397590362,415.0,18.043478260869566,23.0,2.269879518072289,0.20481927710843373,74.0,4.0,0.03855421686746988,0.980722891566265,6.669879518072289,0.012048192771084376,2.2966100653833657,2.5180722891566263
4sii,0.1834837962962963,13.890145926936222,36.76942531910119,0.77947932618683,653.0,46.642857142857146,14.0,2.565084226646248,0.4012251148545176,57.0,6.0,0.05206738131699847,1.0,7.996937212863706,0.015313935681470103,0.8898559282153032,3.134762633996937
4sil,9.111643518518518,31.2230805891486,56.8171814343766,0.5170731707317073,205.0,12.058823529411764,17.0,2.5121951219512195,0.3170731707317073,34.0,6.0,0.024390243902439025,0.9804878048780488,7.014634146341463,0.014634146341463428,5.505196544924554,2.0097560975609756
4sio,6.711053263888888,56.020816904407326,125.08550457938507,0.5664335664335665,429.0,17.16,25.0,2.296037296037296,0.1888111888111888,45.0,7.0,0.02097902097902098,0.9743589743589743,6.417249417249417,0.02564102564102566,5.945269476372925,2.237762237762238
4sip,0.0032236458333333336,5.2986455247362185,13.057981251486972,0.8604651162790697,172.0,19.11111111111111,9.0,2.052325581395349,0.0755813953488372,48.0,4.0,0.040697674418604654,1.0,4.773255813953488,0.011627906976744207,0.7756168981481482,2.4069767441860463
4skh,1.4162074999999998,7.231163896990741,9.575313168310952,0.7,10.0,0.0,0.0,2.2,0.2,5.0,4.0,0.0,1.0,5.4,0.09999999999999998,7.021773440945774,1.8
4ski,10.38574466435185,41.99655293981481,54.26270768480866,0.6,5.0,0.0,0.0,2.4,0.2,2.0,2.0,0.0,1.0,13.4,0.19999999999999996,7.021773440945774,3.0
4skk,24.368064328703706,69.65639047260804,92.8576030336503,0.4,60.0,8.571428571428571,7.0,2.066666666666667,0.06666666666666667,4.0,7.0,0.016666666666666666,1.0,12.016666666666667,0.033333333333333326,9.09431602733686,2.433333333333333
4skl,5.597644675925926,15.87169983934083,31.48712172254941,0.6785714285714286,84.0,4.421052631578948,19.0,2.0357142857142856,0.08333333333333333,50.0,4.0,0.0,1.0,3.7857142857142856,0.011904761904761862,1.6185019465488215,1.7023809523809523
4skr,11.08837962962963,37.03974624751551,81.88080899854002,0.49214659685863876,191.0,8.304347826086957,23.0,2.1518324607329844,0.13612565445026178,8.0,9.0,0.041884816753926704,0.9581151832460733,17.230366492146597,0.06282722513089001,0.6458142982858892,4.230366492146596
4sks,2.0113831018518518,17.581003575120192,65.68484011440921,0.7865384615384615,520.0,20.8,25.0,2.5134615384615384,0.4,30.0,7.0,0.06346153846153846,0.9884615384615385,6.601923076923077,0.017307692307692357,1.6135046832842777,2.875
4slh,7.957234027777778,26.901673962449884,67.61897313809712,0.5618556701030928,194.0,8.083333333333334,24.0,2.4278350515463916,0.33505154639175255,22.0,6.0,0.07216494845360824,0.9742268041237113,6.603092783505154,0.02577319587628868,7.60232981078905,3.0618556701030926
4sli,1.2170185300925926,15.838685744290773,49.286890779275836,0.773109243697479,238.0,9.52,25.0,2.4831932773109244,0.3697478991596639,14.0,5.0,0.06302521008403361,0.9915966386554622,7.718487394957983,0.01680672268907568,7.181423961840628,2.865546218487395
4sog,0.0023091435185185185,1.882673921165174,36.034472894601535,0.9934640522875817,459.0,0.0,0.0,2.0631808278867103,0.04357298474945534,81.0,7.0,0.0,1.0,3.1938997821350763,0.01089324618736387,7.021773440945774,1.973856209150327
4soo,0.7376361689814814,67.86784918311403,127.9196264652328,0.631578947368421,19.0,2.7142857142857144,7.0,2.3684210526315788,0.2631578947368421,9.0,5.0,0.05263157894736842,0.9473684210526315,5.894736842105263,0.0,60.21689686213992,1.368421052631579
4sop,2.7900347222222224,5.838138678451179,7.044182687531505,0.8181818181818182,11.0,1.8333333333333333,6.0,2.4545454545454546,0.45454545454545453,7.0,2.0,0.09090909090909091,0.7272727272727273,4.909090909090909,0.0,0.0062636784511784505,3.272727272727273
4soq,7.098483796296296,26.775957200551616,53.56089900974789,0.5319148936170213,47.0,2.35,20.0,2.25531914893617,0.23404255319148937,12.0,4.0,0.02127659574468085,1.0,8.127659574468085,0.0,7.666233691077442,1.3829787234042554
4sor,15.57150462962963,37.019164697145065,46.28674764097126,0.5,6.0,3.0,2.0,2.1666666666666665,0.16666666666666666,3.0,2.0,0.0,1.0,5.5,0.0,0.00032407407407407406,2.0
4ssh,13.99451388888889,31.37283696581998,48.557846101086376,0.3963963963963964,111.0,4.44,25.0,2.4684684684684686,0.36936936936936937,8.0,4.0,0.02702702702702703,0.954954954954955,8.36936936936937,0.05405405405405406,2.992365468409586,2.081081081081081
4z8d4aa.c3,0.003275462962962963,0.11747048163434662,0.6043815011898312,1.0,212.0,9.217391304347826,23.0,2.3207547169811322,0.20754716981132076,10.0,3.0,0.0047169811320754715,0.9858490566037735,0.8160377358490566,0.009433962264150941,0.011032580477673937,1.0896226415094339
826 .a8cz3_.xd,0.023035497685185185,12.145046161747684,27.8751933832203,0.75,8.0,0.0,0.0,2.0,0.0,1.0,1.0,0.0,1.0,4.875,0.0,7.021773440945774,1.75
_2hhpqg,7.750729166666667,19.358627475212188,31.390365009429985,0.5833333333333334,120.0,12.0,10.0,2.1083333333333334,0.08333333333333333,25.0,7.0,0.03333333333333333,1.0,7.908333333333333,0.025000000000000022,13.389281595191683,4.25
av43.jd4aa.c3,0.0034178125,0.37338015786696616,1.6998745475000931,0.9852941176470589,136.0,136.0,1.0,2.0661764705882355,0.04411764705882353,21.0,6.0,0.0,1.0,0.7279411764705882,0.0,7.021773440945774,1.0220588235294117
bzy0xaygh,15.041539351851851,33.834784722222224,32.4726730334577,0.2,5.0,1.6666666666666667,3.0,2.0,0.0,2.0,2.0,0.0,1.0,2.2,0.0,52.7026875,2.2
d8e1n8vv8d4aa.c3,0.002790503472222222,2.6909122216961276,16.563093763235155,0.9772727272727273,44.0,7.333333333333333,6.0,2.477272727272727,0.22727272727272727,3.0,3.0,0.0,1.0,0.8181818181818182,0.022727272727272707,0.021752748842592592,1.0454545454545454
nzvz,1125.110855451389,957.9195617960859,446.5796506992054,0.09090909090909091,11.0,2.2,5.0,2.0,0.0,2.0,2.0,0.0,1.0,2.3636363636363638,0.0,11.288101851851852,2.3636363636363638
t.n2v8z2d,0.03480667824074074,5.137453136574074,12.235236365192067,0.875,8.0,0.0,0.0,2.0,0.0,5.0,4.0,0.0,1.0,2.125,0.0,7.021773440945774,1.875
t.y0v.wygh,4.195891203703703,10.146347736625515,12.789303918444025,0.6666666666666666,9.0,1.5,6.0,2.0,0.0,2.0,1.0,0.2222222222222222,1.0,3.3333333333333335,0.0,9.448855452674897,3.7777777777777777
t.y10tygh,0.0068865740740740745,14.757599342592593,20.989381528456715,0.6,5.0,1.25,4.0,2.0,0.2,3.0,3.0,0.0,1.0,4.2,0.0,5.722335069444444,1.6
t.y10tygp,7.4224652777777775,7.7431269290123454,6.3916454817687,0.6666666666666666,6.0,1.0,6.0,2.1666666666666665,0.16666666666666666,2.0,2.0,0.16666666666666666,1.0,2.6666666666666665,0.0,21.68914351851852,2.3333333333333335
t.y10tygr,12.812476851851851,17.18377403846154,13.520544808122269,0.3076923076923077,13.0,1.3,10.0,2.0,0.0,2.0,1.0,0.0,1.0,2.076923076923077,0.07692307692307687,40.35854878917379,2.3846153846153846
t.y10ygh,23.970150462962962,31.327465277777776,26.537433762500086,0.2857142857142857,7.0,1.1666666666666667,6.0,2.0,0.0,1.0,1.0,0.14285714285714285,1.0,4.0,0.0,28.36965443121693,3.4285714285714284
t.y1_3_ygh,15.76650462962963,28.563973214285717,40.173544980882596,0.2857142857142857,7.0,1.1666666666666667,6.0,2.0,0.0,1.0,1.0,0.14285714285714285,1.0,2.7142857142857144,0.1428571428571429,38.983139880952386,3.4285714285714284
t.y1z0ygh,2.995775462962963,8.413887602880658,9.996741109267383,0.6666666666666666,9.0,1.8,5.0,2.111111111111111,0.1111111111111111,3.0,1.0,0.0,1.0,1.2222222222222223,0.2222222222222222,15.993645833333334,2.3333333333333335
t.y1z0ygi,12.961354166666666,10.194065806878307,4.875960868790246,0.42857142857142855,7.0,1.75,4.0,2.0,0.0,3.0,1.0,0.2857142857142857,1.0,1.7142857142857142,0.0,28.633278769841272,3.142857142857143
t.y40ygh,5.663819444444444,17.554012345679013,23.675742046025036,0.5833333333333334,12.0,1.7142857142857142,7.0,2.0,0.0,1.0,2.0,0.08333333333333333,1.0,4.833333333333333,0.08333333333333337,40.552319637345676,2.6666666666666665
t.y8114ygh,3.1641666666666666,14.63550886501736,28.495795509625452,0.75,16.0,1.7777777777777777,9.0,2.0,0.0,2.0,2.0,0.1875,1.0,2.5,0.125,29.838848765432097,2.5
t.y8zv0ygi,22.498078703703705,31.033467592592594,32.785342469232404,0.4,5.0,1.0,5.0,2.0,0.0,1.0,1.0,0.2,1.0,3.4,0.0,49.23007175925926,4.8
t.y8zv0ygo,11.243894675925926,17.298098958333334,20.57837899198075,0.5,16.0,1.7777777777777777,9.0,2.0,0.0,1.0,1.0,0.0,1.0,1.9375,0.0,41.78958333333333,2.5625
t.yctn0ygh,4.6891087962962965,11.404136904761904,9.307509657047817,0.5714285714285714,7.0,1.1666666666666667,6.0,2.0,0.0,1.0,1.0,0.14285714285714285,1.0,3.142857142857143,0.0,28.28562830687831,3.4285714285714284
t.yd-0tygh,6.985335648148149,15.865868055555556,19.584198595693177,0.5714285714285714,7.0,1.1666666666666667,6.0,2.0,0.0,1.0,1.0,0.14285714285714285,1.0,3.857142857142857,0.0,43.80763392857143,4.0
t.yd10ygh,5.697662037037037,11.106086033950618,13.463476679353818,0.6666666666666666,6.0,1.5,4.0,2.0,0.0,1.0,1.0,0.0,1.0,2.0,0.33333333333333337,20.049596836419752,1.6666666666666667
t.yn039ygo,0.014780092592592593,64.5857662037037,128.81786208936143,0.6,5.0,1.25,4.0,2.0,0.0,2.0,1.0,0.0,1.0,1.4,0.19999999999999996,19.94984490740741,1.8
t.yt2_0ygi,6.325040509259259,5.619849537037037,1.5752269483157892,1.0,6.0,1.0,6.0,2.0,0.0,1.0,1.0,0.0,1.0,2.6666666666666665,0.0,34.64868634259259,2.8333333333333335
t.yt2_0ygo,3.849988425925926,7.531631944444444,10.266613290555373,0.8333333333333334,6.0,1.5,4.0,2.0,0.0,1.0,1.0,0.0,1.0,1.5,0.16666666666666663,55.88382523148148,2.8333333333333335
t.yt_9ygh,0.47924189814814816,14.22382265946502,24.43246663649707,0.6111111111111112,18.0,2.5714285714285716,7.0,2.0,0.0,3.0,1.0,0.05555555555555555,1.0,1.8888888888888888,0.0,52.25983731995884,2.888888888888889
t.ytu0ygh,35.991145833333334,27.435314203960907,23.197653659130935,0.3333333333333333,9.0,1.8,5.0,2.0,0.0,2.0,2.0,0.1111111111111111,1.0,2.0,0.0,52.9287962962963,2.2222222222222223
t.yx0uygi,7.148981481481481,5.47306712962963,4.149476786396627,1.0,5.0,1.0,5.0,2.0,0.0,1.0,1.0,0.0,1.0,4.4,0.0,55.079518518518526,3.8
t.yz01ygh,5.843356481481481,22.5969957010582,30.999851948256357,0.7142857142857143,7.0,1.4,5.0,2.0,0.0,1.0,1.0,0.14285714285714285,1.0,4.142857142857143,0.1428571428571429,46.04710152116402,3.4285714285714284
t.yz01ygi,5.028819444444444,13.59486224537037,18.56561463376996,0.6,5.0,1.25,4.0,2.0,0.0,1.0,1.0,0.0,1.0,3.0,0.0,29.629328703703703,2.8
t.yz42_ygi,1.283275462962963,7.424138888888889,9.738520828698109,0.6,5.0,1.25,4.0,2.0,0.0,1.0,1.0,0.2,1.0,5.2,0.0,30.002671296296295,3.4
t.yzt_0ygh,23.384369212962962,24.04707070707071,22.666659349113996,0.45454545454545453,22.0,2.75,8.0,2.0,0.0,4.0,1.0,0.09090909090909091,1.0,2.1363636363636362,0.0,36.046832912457916,2.909090909090909
u6y1.wwygh,40.83863425925926,39.65971836419753,28.35301328642034,0.16666666666666666,6.0,1.2,5.0,2.0,0.0,1.0,1.0,0.0,1.0,6.833333333333333,0.0,19.854542824074073,4.166666666666667
u6yu_0ygh,20.519172453703703,25.29235966724537,17.94506069320312,0.125,8.0,1.3333333333333333,6.0,2.0,0.0,1.0,1.0,0.125,1.0,6.125,0.125,15.134234457671957,4.375
u6yx0uygo,53.08359375,68.82801851851852,34.67726679008981,0.0,10.0,1.4285714285714286,7.0,2.0,0.0,2.0,1.0,0.1,1.0,9.3,0.0,55.67973842592593,5.5
u6yz0uygi,25.32921875,41.52387709876543,40.78401433616544,0.16666666666666666,6.0,1.2,5.0,2.0,0.0,1.0,2.0,0.0,1.0,4.833333333333333,0.0,39.264016203703704,3.0
unzvvz2,20.43454861111111,32.84186149691358,38.14145315228281,0.5,6.0,1.5,4.0,2.0,0.0,1.0,1.0,0.0,1.0,3.1666666666666665,0.16666666666666663,38.76221836419753,2.5
w.nzwwz2ycz6dn28n,0.00369212962962963,1.2811640211640212,4.521907982336082,0.9285714285714286,14.0,1.5555555555555556,9.0,2.4285714285714284,0.2857142857142857,4.0,4.0,0.0,0.9285714285714286,1.5,0.0,5.853161502849003,1.2857142857142858
wzcdd4aa,0.004357077546296296,0.4256866997087814,2.3639581896120245,0.989247311827957,186.0,186.0,1.0,2.0806451612903225,0.05913978494623656,9.0,4.0,0.0,1.0,0.9247311827956989,0.0,0.000787037037037037,1.1290322580645162
x8azvjn2,0.003674583333333334,2.2664831989454735,24.280452464805318,0.9861111111111112,144.0,6.857142857142857,21.0,2.2083333333333335,0.1736111111111111,6.0,5.0,0.006944444444444444,0.9583333333333334,1.1527777777777777,0.0,0.002135668276972625,1.1597222222222223
z2w_x,299.94586805555554,350.59065244697456,281.3766984552826,0.16279069767441862,43.0,3.0714285714285716,14.0,2.13953488372093,0.046511627906976744,8.0,5.0,0.0,1.0,0.9534883720930233,0.023255813953488413,169.9076129850088,1.2093023255813953
z8yx0z2ygh,35.07144675925926,67.90248842592592,54.17653215693212,0.0,9.0,1.2857142857142858,7.0,2.0,0.0,3.0,1.0,0.1111111111111111,1.0,9.333333333333334,0.0,70.01907021604939,3.7777777777777777
