employee,ticket_count,avg_time,median_time,std_time,avg_steps,median_steps,avg_comments,median_comments,total_reopens,reopen_rate,first_touch_rate,resolution_success_rate,avg_time_hours,median_time_hours
-.3.jn2,92,7440.948695652174,312.192,53628.575161596054,1.0434782608695652,1.0,0.717391304347826,0.0,0,0.0,0.021739130434782608,0.8913043478260869,2.0669301932367152,0.08672
0ny0x93ygh,10,9247662.8,7986606.5,8604283.72066254,3.5,3.0,11.3,11.0,1,0.1,0.6,0.5,2568.7952222222225,2218.5018055555556
0ny0x93ygi,18,1453363.637111111,341180.38049999997,3499728.7988576777,2.8333333333333335,3.0,5.444444444444445,3.5,1,0.05555555555555555,0.6111111111111112,0.9444444444444444,403.7121214197531,94.77232791666665
0ny0x93ygr,27,4041677.0880370373,1603897.275,6231878.816964897,2.962962962962963,2.0,10.481481481481481,5.0,4,0.14814814814814814,0.4074074074074074,0.9629629629629629,1122.688080010288,445.5270208333333
0zxu.ad,13,458012.76923076925,5258.0,1007594.6479525015,1.0,1.0,1.4615384615384615,1.0,0,0.0,0.0,0.9230769230769231,127.22576923076923,1.4605555555555556
1.ca.cz38j18x3czvj.ad,37,6233.057621621621,382.535,23757.187282864004,1.027027027027027,1.0,0.5675675675675675,1.0,0,0.0,0.0,0.8918918918918919,1.7314048948948948,0.10625972222222223
1n81u .ad h,34,1049.1716176470588,364.08,2162.2799065710506,1.1176470588235294,1.0,0.47058823529411764,0.0,0,0.0,0.0,0.9411764705882353,0.29143656045751637,0.10113333333333333
1n81u .ad i,48,413014.6169166667,524.836,2834795.0632837703,1.1875,1.0,0.5625,0.0,0,0.0,0.041666666666666664,0.8541666666666666,114.72628247685185,0.1457877777777778
1n81u .ad o,17,6024.907882352942,605.555,13814.22173226038,1.1176470588235294,1.0,1.0,0.0,0,0.0,0.11764705882352941,0.9411764705882353,1.6735855228758172,0.16820972222222222
1n81u .ad p,43,2034.9442093023254,315.257,7465.149535455284,1.1627906976744187,1.0,1.0232558139534884,1.0,0,0.0,0.06976744186046512,0.9767441860465116,0.5652622803617571,0.08757138888888889
1n81u.adh,45,56902.53333333333,1563.0,128116.89050479716,1.1555555555555554,1.0,1.1555555555555554,1.0,0,0.0,0.0,0.9555555555555556,15.806259259259258,0.43416666666666665
1n81u.adp,32,364965.40625,3611.5,858281.2405550788,1.375,1.0,3.28125,1.0,0,0.0,0.0,0.875,101.37927951388889,1.0031944444444445
3cxhok,149,6249948.76285906,860091.0,21980948.14660792,3.0067114093959733,3.0,7.429530201342282,5.0,12,0.08053691275167785,0.7181208053691275,0.9395973154362416,1736.0968785719613,238.91416666666666
3cxigp,197,202629.66146192892,301.124,1184132.89535223,2.2893401015228427,2.0,3.49746192893401,3.0,1,0.005076142131979695,0.9746192893401016,0.883248730964467,56.286017072758035,0.08364555555555556
3cxigq,317,808145.1978107255,588.019,3005502.834126892,2.3785488958990535,2.0,6.280757097791798,3.0,8,0.025236593059936908,0.6403785488958991,0.9463722397476341,224.48477716964598,0.16333861111111111
3cxigs,211,361.5605829383886,264.004,443.9833889591522,2.023696682464455,2.0,2.938388625592417,3.0,0,0.0,0.990521327014218,0.933649289099526,0.1004334952606635,0.07333444444444445
3cxiog,102,836667.6244313726,17869.771,1637900.8421675174,2.3823529411764706,2.0,3.343137254901961,2.0,1,0.00980392156862745,0.23529411764705882,0.9117647058823529,232.40767345315905,4.963825277777778
3cxogo,404,34174.10643564357,247.5,313068.2495251087,2.0024752475247523,2.0,3.032178217821782,3.0,6,0.01485148514851485,0.9108910891089109,0.943069306930693,9.492807343234324,0.06875
4ggk,211,12471614.597658768,1721794.0,29855526.049784623,2.241706161137441,2.0,4.3649289099526065,3.0,1,0.004739336492890996,0.8578199052132701,0.7298578199052133,3464.3373882385467,478.2761111111111
4ggo,133,2335893.634526316,274764.389,6063849.25725426,2.1503759398496243,1.0,3.398496240601504,1.0,2,0.015037593984962405,0.45112781954887216,0.6240601503759399,648.8593429239767,76.3234413888889
4ggr,110,1962253.8092909092,3633.0315,3572746.4819175135,1.6,1.0,2.3,1.0,1,0.00909090909090909,0.07272727272727272,0.9,545.0705025808081,1.0091754166666667
4gis,98,4376564.7887244895,599207.0945,12058765.012170902,2.663265306122449,2.0,3.836734693877551,2.0,14,0.14285714285714285,0.5816326530612245,0.9591836734693877,1215.7124413123581,166.44641513888888
4glr,13,1810572.6153846155,513354.0,3031212.615642364,2.1538461538461537,2.0,1.8461538461538463,2.0,0,0.0,0.5384615384615384,1.0,502.9368376068376,142.59833333333333
4grg,57,797725.8039473685,499513.0,959642.1162022537,2.7017543859649122,3.0,3.6666666666666665,3.0,0,0.0,0.8596491228070176,0.8947368421052632,221.59050109649127,138.7536111111111
4gsg,123,1928795.780487805,784290.0,4316687.756602161,3.089430894308943,2.0,1.910569105691057,1.0,4,0.032520325203252036,0.8861788617886179,1.0,535.776605691057,217.85833333333332
4hggg,32,2498016.0,947871.5,5926695.918540508,3.0625,3.0,10.71875,7.0,2,0.0625,0.21875,0.90625,693.8933333333333,263.2976388888889
4hghi,21,7212114.333333333,3730321.0,8289722.256812217,2.4285714285714284,2.0,9.904761904761905,7.0,1,0.047619047619047616,0.6666666666666666,0.6190476190476191,2003.3650925925924,1036.2002777777777
4hghk,609,77146.38095238095,206.0,864191.0503552357,1.9113300492610839,2.0,2.863711001642036,3.0,4,0.006568144499178982,0.8801313628899836,0.9293924466338259,21.42955026455026,0.05722222222222222
4hgho,105,2951241.2666666666,1025832.0,6378283.706778183,3.6476190476190475,2.0,9.80952380952381,5.0,28,0.26666666666666666,0.29523809523809524,0.9714285714285714,819.7892407407408,284.9533333333333
4hghq,519,181776.0231213873,395.0,951529.1255934831,2.321772639691715,2.0,4.360308285163777,3.0,3,0.005780346820809248,0.6339113680154143,0.9364161849710982,50.493339755940916,0.10972222222222222
4hghs,236,418.1949152542373,248.5,1167.124739516328,1.8644067796610169,2.0,2.8771186440677967,3.0,0,0.0,0.8559322033898306,0.9364406779661016,0.11616525423728813,0.06902777777777777
4hgi,150,13708997.877433334,2358608.5,28991587.816207934,2.7333333333333334,3.0,4.026666666666666,3.0,2,0.013333333333333334,0.88,0.7666666666666667,3808.0549659537037,655.1690277777777
4hgih,84,751065.4523809524,343703.0,1356770.035500769,3.119047619047619,3.0,4.285714285714286,3.0,12,0.14285714285714285,0.011904761904761904,0.9880952380952381,208.62929232804234,95.47305555555556
4hgir,74,989968.7837837838,262318.5,1749627.0971736314,2.72972972972973,3.0,5.594594594594595,4.0,5,0.06756756756756757,0.20270270270270271,0.8918918918918919,274.99132882882884,72.86625
4hgkl,23,865304.7391304348,90294.0,1398213.16640994,2.8260869565217392,2.0,4.6521739130434785,3.0,2,0.08695652173913043,0.08695652173913043,0.8695652173913043,240.3624275362319,25.081666666666667
4hgko,13,944173.9230769231,841374.0,879956.7419351232,2.6153846153846154,3.0,9.076923076923077,9.0,0,0.0,0.5384615384615384,0.38461538461538464,262.2705341880342,233.715
4hgkr,106,191593.49056603774,99981.5,321845.18050877895,2.2358490566037736,2.0,3.150943396226415,3.0,9,0.08490566037735849,0.0660377358490566,0.9056603773584906,53.2204140461216,27.77263888888889
4hglq,331,12770.226586102719,177.0,202431.9377014947,1.8821752265861027,2.0,2.694864048338369,3.0,0,0.0,0.8489425981873112,0.9123867069486404,3.5472851628063107,0.049166666666666664
4hgog,65,8028897.446153847,3711156.0,8716924.470168976,2.1846153846153844,2.0,14.046153846153846,10.0,3,0.046153846153846156,0.12307692307692308,0.7076923076923077,2230.249290598291,1030.8766666666668
4hgok,40,1481854.65,459384.5,2171810.8174060006,1.75,2.0,8.85,6.5,1,0.025,0.075,0.825,411.62629166666665,127.60680555555555
4hgol,532,3425.0075187969924,182.0,43351.95401578527,1.9229323308270676,2.0,2.7537593984962405,3.0,2,0.0037593984962406013,0.9060150375939849,0.9078947368421053,0.951390977443609,0.050555555555555555
4hgop,20,606048.3,36545.5,1259927.5678448263,3.2,2.0,1.9,1.0,8,0.4,0.25,0.7,168.34675000000001,10.151527777777778
4hgor,414,15836.95652173913,237.5,209684.60255920017,1.9082125603864735,2.0,2.8091787439613527,3.0,1,0.0024154589371980675,0.9033816425120773,0.9082125603864735,4.399154589371981,0.06597222222222222
4hgos,479,22820.574112734863,141.0,351108.59615685383,1.8893528183716075,2.0,2.720250521920668,3.0,3,0.006263048016701462,0.872651356993737,0.9206680584551148,6.339048364648573,0.03916666666666667
4hgpl,30,1458188.3,535073.0,2729981.7570895096,2.466666666666667,3.0,8.566666666666666,5.0,1,0.03333333333333333,0.26666666666666666,0.9333333333333333,405.05230555555556,148.6313888888889
4hgqg,10,310316.0,50491.5,453693.0951170503,2.1,1.5,2.5,1.5,0,0.0,0.0,0.6,86.19888888888889,14.025416666666667
4hgqk,25,2385898.08,488467.0,5411737.558250284,1.8,2.0,5.28,6.0,0,0.0,0.72,0.92,662.7494666666666,135.68527777777777
4hgqr,23,3324115.217391304,2622737.0,3341378.372061065,7.217391304347826,5.0,16.73913043478261,12.0,7,0.30434782608695654,0.13043478260869565,0.8260869565217391,923.3653381642512,728.5380555555555
4hgrl,265,4193.845283018868,178.0,36890.5697526716,1.7433962264150944,2.0,2.5245283018867926,3.0,0,0.0,0.8226415094339623,0.9245283018867925,1.1649570230607966,0.049444444444444444
4hhgi,462,6000.824675324675,159.0,57641.53925172012,1.7705627705627707,2.0,2.6406926406926408,3.0,2,0.004329004329004329,0.8722943722943723,0.8852813852813853,1.666895743145743,0.04416666666666667
4hhgk,29,368927.724137931,75365.0,540314.500288086,1.3793103448275863,1.0,4.310344827586207,4.0,2,0.06896551724137931,0.13793103448275862,0.4827586206896552,102.4799233716475,20.934722222222224
4hhgo,143,196.04895104895104,149.0,182.3462241842262,1.832167832167832,2.0,2.762237762237762,3.0,0,0.0,0.8811188811188811,0.993006993006993,0.05445804195804196,0.04138888888888889
4hhgr,27,727223.0,0.0,1787895.1101068326,0.7407407407407407,0.0,1.962962962962963,0.0,0,0.0,0.1111111111111111,0.2962962962962963,202.0063888888889,0.0
4hho,286,2999854.3567762235,178606.5,9872048.559904039,2.7587412587412588,2.0,5.370629370629371,2.0,9,0.03146853146853147,0.5699300699300699,0.8496503496503497,833.2928768822843,49.61291666666666
4hhoo,337,3791.5905044510387,126.0,30109.12137658469,1.9228486646884273,2.0,2.777448071216617,3.0,0,0.0,0.8991097922848664,0.9198813056379822,1.053219584569733,0.035
4hhop,334,423.30838323353294,152.0,3227.464331285367,1.8053892215568863,2.0,2.592814371257485,3.0,0,0.0,0.8233532934131736,0.8532934131736527,0.11758566200931471,0.042222222222222223
4hlg,346,1749279.3072283238,553627.8230000001,5620393.6145461155,2.4104046242774566,2.0,2.6271676300578033,2.0,3,0.008670520231213872,0.5953757225433526,0.869942196531792,485.9109186745344,153.7855063888889
4hlo,94,2174907.763457447,611160.5595,3133867.417738593,2.765957446808511,3.0,3.1914893617021276,2.0,1,0.010638297872340425,0.4574468085106383,0.39361702127659576,604.1410454048463,169.76682208333332
4hpg,212,3260313.7238301886,876928.0,6353162.169949899,3.3254716981132075,2.0,9.141509433962264,2.0,7,0.0330188679245283,0.7264150943396226,0.9150943396226415,905.6427010639413,243.5911111111111
4hph,89,3523838.0503146066,925090.0,5212653.053429498,2.292134831460674,2.0,7.157303370786517,4.0,2,0.02247191011235955,0.4044943820224719,0.8876404494382022,978.8439028651685,256.96944444444443
4hpp,1547,2359851.1952527473,328147.295,8085963.777684844,2.6961861667744023,3.0,5.741435035552683,3.0,24,0.015513897866839044,0.3865546218487395,0.8791208791208791,655.514220903541,91.15202638888888
4hsg,22,886866.788818182,79287.263,1451975.6701063868,1.6363636363636365,1.0,5.5,3.0,0,0.0,0.09090909090909091,0.8636363636363636,246.35188578282833,22.024239722222223
4igh,140,2896059.674485714,936477.0,6921459.663382956,1.8,1.0,3.335714285714286,2.0,0,0.0,0.6785714285714286,0.9928571428571429,804.4610206904762,260.1325
4ihs,1142,961751.0022276706,265854.5,3334253.6417868724,3.361646234676007,3.0,6.288091068301226,5.0,45,0.03940455341506129,0.7548161120840631,0.9763572679509632,267.15305617435297,73.84847222222223
4ikk,2098,2168206.9994108677,435711.8025,5416146.613803137,3.152049571020019,3.0,8.267874165872259,3.0,95,0.04528122020972355,0.4051477597712107,0.834604385128694,602.2797220585744,121.03105624999999
4ioh,469,1168853.3909594882,346587.0,6278096.635109728,3.5543710021321964,3.0,4.940298507462686,4.0,23,0.04904051172707889,0.7569296375266524,0.9445628997867804,324.68149748874674,96.27416666666667
4ipo,226,3025442.517699115,1022289.0,6082192.490327663,2.8451327433628317,2.0,7.606194690265487,2.0,20,0.08849557522123894,0.6902654867256637,0.9823008849557522,840.4006993608652,283.9691666666667
4isp,25,6635066.56,1203288.0,15555425.834068261,2.88,2.0,3.76,1.0,2,0.08,0.68,1.0,1843.0740444444443,334.24666666666667
4kgh,301,3089457.3393421927,792748.0,5676505.677290197,2.3255813953488373,2.0,12.029900332225914,6.0,3,0.009966777408637873,0.12624584717607973,0.9036544850498339,858.1825942617202,220.20777777777778
4kgi,772,123088.74625259066,278.0235,2266407.3442124343,1.9080310880829014,2.0,3.273316062176166,3.0,1,0.0012953367875647669,0.9365284974093264,0.9028497409326425,34.191318403497405,0.07722875
4kgk,49,3134936.3230816326,503963.609,6426911.037449715,2.5306122448979593,2.0,8.040816326530612,4.0,0,0.0,0.32653061224489793,0.7142857142857143,870.8156453004535,139.98989138888888
4kgo,149,787610.5907718121,294.017,3779361.462801589,2.4832214765100673,2.0,5.771812080536913,3.0,1,0.006711409395973154,0.6778523489932886,0.8993288590604027,218.78071965883672,0.08167138888888889
4kgp,229,663966.8669737991,2983.094,1905463.4503378395,2.606986899563319,2.0,5.449781659388647,4.0,5,0.021834061135371178,0.9126637554585153,0.9170305676855895,184.4352408260553,0.8286372222222222
4kgq,1032,71406.78703875968,196.425,2033941.6206297665,1.9709302325581395,2.0,3.2083333333333335,3.0,0,0.0,0.9660852713178295,0.9176356589147286,19.835218621877686,0.0545625
4kgr,252,4265394.095000001,1208225.494,7171440.034599247,2.607142857142857,2.0,13.619047619047619,7.0,4,0.015873015873015872,0.19047619047619047,0.8650793650793651,1184.8316930555557,335.6181927777778
4khg,998,75481.19668637276,218.4045,2051625.4592604141,1.9529058116232465,2.0,3.0080160320641283,3.0,0,0.0,0.9338677354709419,0.9448897795591182,20.96699907954799,0.06066791666666667
4khi,189,6111478.770560846,2087088.0,9120995.893722203,3.544973544973545,3.0,9.0,6.0,31,0.164021164021164,0.3544973544973545,0.8624338624338624,1697.6329918224571,579.7466666666667
4kho,261,1299412.584888889,99432.053,3627592.301644544,2.6053639846743293,2.0,6.448275862068965,4.0,5,0.019157088122605363,0.3103448275862069,0.9157088122605364,360.9479402469136,27.620014722222223
4khp,152,1905352.214223684,92589.9435,6196371.321683193,4.394736842105263,3.0,11.118421052631579,5.0,8,0.05263157894736842,0.13815789473684212,0.9078947368421053,529.2645039510234,25.71942875
4khq,18,326.4162777777778,226.91,307.83260810435604,2.0,2.0,3.0,3.0,0,0.0,0.9444444444444444,0.9444444444444444,0.09067118827160495,0.06303055555555555
4khs,134,1598064.5036791044,216053.4215,6251586.643042859,2.8358208955223883,2.0,8.201492537313433,5.0,5,0.03731343283582089,0.41044776119402987,0.9328358208955224,443.906806577529,60.014839305555554
4kig,11,1572495.129909091,381763.656,2509098.295472683,1.3636363636363635,1.0,5.454545454545454,3.0,0,0.0,0.09090909090909091,1.0,436.80420275252527,106.04546
4kih,23,3768986.8689565216,180148.0,7427991.305501624,1.2608695652173914,1.0,3.217391304347826,2.0,0,0.0,0.2608695652173913,0.6956521739130435,1046.9407969323672,50.041111111111114
4kkr,24,3624683.5884166663,1200418.1770000001,5671628.481687045,1.5416666666666667,2.0,4.291666666666667,2.5,1,0.041666666666666664,0.375,1.0,1006.8565523379629,333.44949361111117
4kll,132,1739658.0581439396,424864.854,3470372.2754463367,2.1136363636363638,2.0,6.628787878787879,4.5,6,0.045454545454545456,0.2196969696969697,0.8863636363636364,483.23834948442766,118.01801499999999
4klq,116,3397695.5910344827,721698.5,6392585.039068484,2.060344827586207,2.0,5.646551724137931,4.0,6,0.05172413793103448,0.8017241379310345,0.8879310344827587,943.8043308429119,200.47180555555556
4klr,70,3168275.509157143,818924.5,5526843.3626571605,2.057142857142857,2.0,8.014285714285714,5.0,0,0.0,0.42857142857142855,0.9714285714285714,880.0765303214287,227.4790277777778
4kol,55,979309.8034909092,147878.333,2494665.1024940964,2.272727272727273,2.0,5.4,3.0,0,0.0,0.509090909090909,0.9090909090909091,272.030500969697,41.077314722222226
4kph,336,210850.6788869048,259.48850000000004,3538190.4182428005,1.994047619047619,2.0,3.449404761904762,4.0,0,0.0,0.9732142857142857,0.9136904761904762,58.56963302414022,0.0720801388888889
4kpi,348,80298.08788793103,282.688,1116292.7247713192,1.9913793103448276,2.0,3.6063218390804597,4.0,0,0.0,0.9741379310344828,0.9109195402298851,22.305024413314175,0.07852444444444444
4kpk,180,1403065.7324055557,362974.478,3415493.522832649,2.3,2.0,5.722222222222222,4.0,8,0.044444444444444446,0.6277777777777778,0.9166666666666666,389.74048122376547,100.8262438888889
4kpq,388,1102781.6158659793,165939.5,2948786.960727601,2.711340206185567,2.0,5.623711340206185,3.0,22,0.05670103092783505,0.08505154639175258,0.9201030927835051,306.3282266294387,46.09430555555556
4kqh,107,2813930.9766915888,372279.247,7049045.078610938,3.8411214953271027,3.0,9.429906542056075,6.0,6,0.056074766355140186,0.3364485981308411,0.9719626168224299,781.6474935254413,103.41090194444443
4kqk,98,3004353.6023265305,1100043.0,6145218.67178834,3.163265306122449,3.0,10.642857142857142,7.0,2,0.02040816326530612,0.24489795918367346,0.8877551020408163,834.5426673129251,305.5675
4kqo,1005,157075.42811840796,220.0,2053336.14494926,2.008955223880597,2.0,3.343283582089552,3.0,4,0.003980099502487562,0.9253731343283582,0.9213930348258706,43.632063366224436,0.06111111111111111
4kqp,103,2935732.9692330095,538301.728,7824947.908868014,2.8932038834951457,3.0,7.310679611650485,4.0,3,0.02912621359223301,0.3786407766990291,0.941747572815534,815.4813803425027,149.52825777777778
4kqs,90,2650937.2120555555,1563577.5,3257228.0743093984,3.066666666666667,3.0,10.11111111111111,7.0,0,0.0,0.3333333333333333,0.9666666666666667,736.3714477932099,434.32708333333335
4kro,484,144846.78924793386,308.5,2527632.553033326,1.9297520661157024,2.0,3.3057851239669422,3.0,0,0.0,0.9710743801652892,0.9070247933884298,40.23521923553719,0.08569444444444445
4krp,44,2589048.973681818,780318.8685000001,3811328.1287834584,2.3863636363636362,2.0,7.2727272727272725,3.5,1,0.022727272727272728,0.3181818181818182,0.8409090909090909,719.1802704671717,216.75524125000004
4lhg,29,637840.2168965517,19589.709,950055.0449162503,1.7586206896551724,2.0,3.1724137931034484,2.0,0,0.0,0.7586206896551724,0.9310344827586207,177.1778380268199,5.441585833333333
4lhl,246,4631770.52397561,1778960.0,6749105.462847355,2.361788617886179,2.0,10.101626016260163,6.0,5,0.02032520325203252,0.04065040650406504,0.8455284552845529,1286.6029233265583,494.15555555555557
4lig,152,4195095.936019736,1390882.5,7559490.551015541,2.1447368421052633,2.0,7.703947368421052,5.5,12,0.07894736842105263,0.7105263157894737,0.9342105263157895,1165.304426672149,386.35625
4lih,61,1793301.3663278688,687095.0,4566981.508568836,3.3114754098360657,3.0,9.147540983606557,5.0,5,0.08196721311475409,0.32786885245901637,0.9180327868852459,498.139268424408,190.85972222222222
4lii,87,1869719.849126437,191322.0,4067417.813310788,2.954022988505747,3.0,7.620689655172414,5.0,7,0.08045977011494253,0.3103448275862069,0.9540229885057471,519.3666247573436,53.145
4lio,19,4793767.942473684,2597824.0,4727314.627670256,1.736842105263158,2.0,7.947368421052632,5.0,1,0.05263157894736842,0.5789473684210527,1.0,1331.60220624269,721.6177777777777
4lip,53,2788381.283018868,1729820.0,4167715.712156413,1.8867924528301887,2.0,7.09433962264151,6.0,2,0.03773584905660377,0.3018867924528302,0.8867924528301887,774.55035639413,480.50555555555553
4lkl,29,2890803.1379310344,772758.0,5704201.576825189,2.0344827586206895,2.0,6.517241379310345,6.0,0,0.0,0.6896551724137931,0.7241379310344828,803.0008716475096,214.655
4llr,101,4042849.693069307,1688289.0,5780238.039211811,3.089108910891089,3.0,10.851485148514852,7.0,5,0.04950495049504951,0.06930693069306931,0.5841584158415841,1123.013803630363,468.9691666666667
4lls,106,2265160.150943396,1669419.5,2550682.4322402105,4.009433962264151,3.0,9.339622641509434,8.0,4,0.03773584905660377,0.05660377358490566,0.8773584905660378,629.2111530398323,463.72763888888886
4lpl,104,1802549.4038461538,523224.0,3416720.913812871,1.8076923076923077,2.0,5.826923076923077,4.0,4,0.038461538461538464,0.25,0.8942307692307693,500.7081677350427,145.34
4lpo,575,1769977.9826086957,355445.0,3389821.301189889,3.3443478260869566,3.0,9.191304347826087,6.0,10,0.017391304347826087,0.23478260869565218,0.928695652173913,491.6605507246377,98.73472222222222
4lpq,35,768822.8571428572,13918.0,2750941.026033639,2.8285714285714287,2.0,4.6,4.0,8,0.22857142857142856,0.08571428571428572,1.0,213.56190476190477,3.866111111111111
4lqg,98,6036911.785714285,1942485.5,9088754.400046462,2.4693877551020407,2.0,8.23469387755102,6.0,7,0.07142857142857142,0.1836734693877551,0.5816326530612245,1676.9199404761905,539.5793055555556
4lqi,29,3340392.6551724137,1120767.0,4885909.6823994685,2.2758620689655173,2.0,7.931034482758621,5.0,2,0.06896551724137931,0.20689655172413793,0.9310344827586207,927.8868486590038,311.32416666666666
4lqk,121,1988027.3305785125,260629.0,4004710.914896426,1.743801652892562,2.0,3.7355371900826446,3.0,2,0.01652892561983471,0.7933884297520661,0.05785123966942149,552.2298140495868,72.39694444444444
4lqr,44,845236.5681818182,1594.5,1584352.6602685752,0.8863636363636364,1.0,0.9772727272727273,0.0,0,0.0,0.7045454545454546,0.22727272727272727,234.7879356060606,0.4429166666666667
4lqs,10,1730424.5,1238722.0,1610247.1079458755,3.0,3.0,8.8,7.5,1,0.1,0.6,1.0,480.67347222222224,344.08944444444444
4lrl,15,1715006.8666666667,3411.0,3390892.6168282186,1.3333333333333333,1.0,1.2666666666666666,1.0,1,0.06666666666666667,0.2,0.5333333333333333,476.3907962962963,0.9475
4lrp,94,650517.6170212766,136060.5,1092403.1694605248,3.127659574468085,3.0,6.053191489361702,5.0,5,0.05319148936170213,0.9361702127659575,0.9680851063829787,180.69933806146574,37.794583333333335
4lrs,272,529.9448529411765,236.0,2892.0225128203547,1.875,2.0,2.922794117647059,3.0,0,0.0,0.9448529411764706,0.9264705882352942,0.14720690359477123,0.06555555555555556
4lsh,24,3486316.0833333335,1378937.0,3711316.491605417,3.625,3.0,12.083333333333334,6.0,2,0.08333333333333333,0.4166666666666667,0.875,968.4211342592592,383.03805555555556
4lsk,457,506610.1225382932,3896.0,2207089.2421300984,2.4704595185995624,2.0,7.282275711159738,3.0,16,0.0350109409190372,0.045951859956236324,0.9846827133479212,140.72503403841478,1.0822222222222222
4lso,42,1611036.0952380951,1038345.5,1687510.5836295504,2.9285714285714284,3.0,10.095238095238095,7.0,3,0.07142857142857142,0.07142857142857142,0.9285714285714286,447.51002645502643,288.4293055555556
4lsp,54,818060.6851851852,42813.5,2378396.551958426,2.5555555555555554,2.0,3.1296296296296298,2.0,4,0.07407407407407407,0.2037037037037037,1.0,227.23907921810698,11.89263888888889
4ogg,89,1718517.5493707864,125034.324,4245026.030049969,2.651685393258427,2.0,3.932584269662921,2.0,7,0.07865168539325842,0.3595505617977528,0.8426966292134831,477.36598593632954,34.73175666666666
4ohk,687,1848773.8776404657,675315.147,3224159.996083965,4.758369723435226,4.0,14.032023289665212,7.0,39,0.056768558951965066,0.5895196506550219,0.9155749636098981,513.5482993445738,187.58754083333332
4ohl,174,3818166.8908045976,663358.5,10432270.003388854,2.3505747126436782,2.0,2.454022988505747,1.0,5,0.028735632183908046,0.8333333333333334,0.9885057471264368,1060.6019141123882,184.26625
4oio,649,3270264.5627550078,775374.0,9913637.78341817,3.3959938366718028,4.0,6.576271186440678,5.0,16,0.02465331278890601,0.9229583975346687,0.9722650231124808,908.4068229875022,215.38166666666666
4oiq,44,996784.7727272727,14994.5,1721787.8335329355,1.4090909090909092,1.0,1.2727272727272727,1.0,1,0.022727272727272728,0.4772727272727273,0.1590909090909091,276.8846590909091,4.1651388888888885
4okh,169,4507556.301408283,244845.0,18543621.60380994,3.408284023668639,3.0,4.763313609467455,4.0,6,0.03550295857988166,0.7514792899408284,0.9763313609467456,1252.0989726134121,68.0125
4olg,74,1315189.0945945946,968461.5,1565017.696265744,2.4864864864864864,2.0,3.2432432432432434,1.0,0,0.0,0.918918918918919,1.0,365.33030405405407,269.01708333333335
4oll,49,4617716.054693878,430396.511,7834750.930012303,1.9183673469387754,2.0,3.4081632653061225,2.0,1,0.02040816326530612,0.46938775510204084,0.8163265306122449,1282.6989040816327,119.5545863888889
4ook,28,771622.295,773400.622,463142.02750812,2.107142857142857,2.0,2.1785714285714284,2.0,0,0.0,0.0,1.0,214.3395263888889,214.8335061111111
4oop,16,13325971.125,4353833.5,21119298.605379093,1.3125,1.0,3.125,3.0,0,0.0,0.625,0.9375,3701.658645833333,1209.3981944444445
4opi,424,3146323.6597429244,1180751.9455,5231370.184299557,3.186320754716981,3.0,7.863207547169812,5.0,7,0.01650943396226415,0.5400943396226415,0.8867924528301887,873.9787943730346,327.9866515277778
4opp,182,2525391.27404945,615273.138,5349452.140542953,2.5494505494505493,2.0,6.972527472527473,3.5,7,0.038461538461538464,0.3791208791208791,0.8296703296703297,701.4975761248472,170.90920500000001
4ops,635,5397352.5660992125,279094.0,27050800.786307212,2.8755905511811024,3.0,5.436220472440945,4.0,4,0.006299212598425197,0.9622047244094488,0.9511811023622048,1499.2646016942258,77.5261111111111
4oqq,956,2949789.848037657,964338.6235,6845123.40029322,3.4152719665271967,4.0,10.609832635983263,7.0,36,0.03765690376569038,0.8535564853556485,0.8410041841004184,819.3860688993491,267.8718398611111
4org,38,1045359.3347894738,12576.046999999999,2685873.514347014,2.1315789473684212,2.0,2.0,1.0,1,0.02631578947368421,0.631578947368421,0.8947368421052632,290.3775929970761,3.4933463888888885
4orq,10,22360384.6,11439120.0,21879686.870114964,2.2,2.0,3.7,2.0,0,0.0,0.7,0.7,6211.217944444445,3177.5333333333333
4osr,1350,2055929.7234933334,333439.0,4955863.466154136,3.3014814814814817,3.0,12.864444444444445,5.0,52,0.03851851851851852,0.4,0.9251851851851852,571.0915898592593,92.62194444444444
4pgp,1055,2209941.0244161137,785615.0,6655198.917318944,3.0312796208530806,3.0,5.237914691943128,4.0,15,0.014218009478672985,0.8180094786729858,0.9213270142180094,613.8725067822538,218.2263888888889
4php,445,2430894.780267416,772730.403,5385138.660349923,3.6719101123595506,3.0,7.937078651685393,4.0,22,0.04943820224719101,0.4651685393258427,0.9213483146067416,675.2485500742822,214.64733416666667
4phs,32,3355893.03125,1289944.5,5740915.790748971,3.71875,3.0,3.6875,2.5,2,0.0625,0.875,0.9375,932.1925086805555,358.3179166666667
4pio,459,2057236.6610588236,519202.31,5913424.869773921,2.581699346405229,2.0,6.618736383442266,4.0,9,0.0196078431372549,0.3572984749455338,0.7015250544662309,571.4546280718954,144.2228638888889
4pls,17,890150.5525882352,262556.615,1724632.982241888,2.4705882352941178,3.0,5.235294117647059,4.0,0,0.0,0.23529411764705882,0.8823529411764706,247.2640423856209,72.93239305555555
4pok,385,3261134.070155844,798489.0,7157171.445047791,4.503896103896104,4.0,5.387012987012987,4.0,6,0.015584415584415584,0.974025974025974,0.987012987012987,905.87057504329,221.8025
4pps,1800,1701415.4931283332,285019.01749999996,4405303.844766605,2.7733333333333334,2.0,6.394444444444445,4.0,40,0.022222222222222223,0.26166666666666666,0.9411111111111111,472.6154147578703,79.17194930555554
4pqq,811,1185337.1780394574,555997.886,2459881.269855675,4.086313193588163,4.0,7.226880394574599,5.0,34,0.04192355117139334,0.8446362515413071,0.9395807644882861,329.26032723318264,154.44385722222225
4prg,1160,3443836.8666827586,858918.7744999999,6947942.7508986415,4.706896551724138,3.0,10.367241379310345,5.0,59,0.05086206896551724,0.5,0.8862068965517241,956.6213518563218,238.58854847222221
4prh,113,2350655.548672566,690561.0,4805461.314385721,2.5575221238938055,2.0,3.0530973451327434,1.0,6,0.05309734513274336,0.8141592920353983,0.9734513274336283,652.9598746312683,191.8225
4pri,69,3864805.135173913,1544861.451,8769836.708404833,2.8405797101449277,3.0,2.130434782608696,2.0,1,0.014492753623188406,0.855072463768116,0.8840579710144928,1073.5569819927537,429.1281808333333
4pro,114,2745851.3421052634,698230.0,6223310.138342247,2.4035087719298245,2.0,2.0526315789473686,1.0,5,0.043859649122807015,0.9298245614035088,1.0,762.7364839181287,193.95277777777778
4psk,719,3064552.662877608,767041.3420000001,11070499.399687096,3.536856745479833,4.0,5.963838664812239,5.0,14,0.019471488178025034,0.9221140472878998,0.9485396383866481,851.2646285771134,213.06703944444448
4psl,37,7163474.324324325,1020833.0,19699159.955377635,2.2972972972972974,2.0,1.9189189189189189,1.0,0,0.0,0.8648648648648649,0.972972972972973,1989.853978978979,283.5647222222222
4psr,606,2288016.89380033,536798.0,4504907.215282906,3.4834983498349836,3.5,5.16006600660066,4.0,23,0.037953795379537955,0.735973597359736,0.9620462046204621,635.5602482778694,149.11055555555555
4qil,165,2161085.2801515153,606863.0,5096680.421204942,3.727272727272727,4.0,5.430303030303031,4.0,1,0.006060606060606061,0.9272727272727272,0.9818181818181818,600.3014667087542,168.57305555555556
4qio,102,15187375.680754902,6207738.567,22933578.714840706,1.911764705882353,2.0,3.235294117647059,2.0,0,0.0,0.43137254901960786,0.6764705882352942,4218.7154668763615,1724.3718241666666
4qiq,757,3078201.114645971,1373185.373,8936297.537005726,2.9801849405548215,3.0,6.317040951122854,5.0,6,0.007926023778071334,0.8678996036988111,0.9062087186261559,855.0558651794364,381.44038138888885
4qkk,147,1968230.85707483,524721.0,3621480.8320434457,4.380952380952381,4.0,4.122448979591836,3.0,14,0.09523809523809523,0.8503401360544217,0.9387755102040817,546.7307936318972,145.75583333333333
4qko,203,1159745.182536946,414499.672,2428570.500201961,3.8916256157635467,4.0,5.945812807881773,4.0,5,0.024630541871921183,0.916256157635468,1.0,322.1514395935961,115.13879777777778
4qkp,306,1234647.6607320262,523757.0,2067458.2295501833,3.6601307189542482,3.0,11.009803921568627,6.0,12,0.0392156862745098,0.6339869281045751,0.8856209150326797,342.9576835366739,145.48805555555555
4qkr,387,2862048.5553436694,1262218.0,4097539.6171504892,3.3617571059431524,3.0,4.992248062015504,4.0,36,0.09302325581395349,0.8062015503875969,0.813953488372093,795.0134875954637,350.61611111111114
4qks,56,1041222.9464285715,567400.5,1560163.8893781921,2.1607142857142856,2.0,3.6607142857142856,2.0,1,0.017857142857142856,0.8214285714285714,1.0,289.22859623015876,157.61125
4qoh,653,1052557.3097350688,438977.0,1677616.814003557,3.2343032159264933,3.0,5.04594180704441,4.0,12,0.018376722817764167,0.885145482388974,0.9831546707503829,292.3770304819636,121.93805555555555
4qok,11,50262749.81818182,47622139.0,6455666.213788084,2.8181818181818183,3.0,0.36363636363636365,0.0,0,0.0,1.0,0.0,13961.87494949495,13228.371944444445
4qop,12,28873006.083333332,29817220.5,28549591.45835863,1.5833333333333333,1.0,1.3333333333333333,1.0,0,0.0,0.8333333333333334,1.0,8020.2794675925925,8282.56125
4qpl,16,3850622.3806875004,451419.9035,11178845.783087907,2.125,2.0,5.8125,3.0,0,0.0,0.625,0.9375,1069.61732796875,125.3944176388889
4qqo,23,10504247.12873913,4152347.631,14652539.494817644,2.9565217391304346,3.0,3.1739130434782608,1.0,0,0.0,0.782608695652174,0.9130434782608695,2917.8464246497583,1153.4298975
4qqr,656,2853283.744277439,1066350.2944999998,6759272.124910236,3.3780487804878048,4.0,6.625,5.0,8,0.012195121951219513,0.9009146341463414,0.9451219512195121,792.5788178548441,296.2084151388888
4qrh,289,4187530.8781660898,821235.755,8777220.848522753,4.294117647058823,3.0,11.40484429065744,6.0,23,0.07958477508650519,0.47750865051903113,0.698961937716263,1163.2030217128026,228.12104305555556
4qsh,1009,1086107.7322745293,109179.0,2774516.3138152924,2.2834489593657086,2.0,5.3201189296333,2.0,17,0.01684836471754212,0.38255698711595637,0.9018830525272548,301.69659229848037,30.3275
4qsk,997,2567411.037348044,588100.784,6606798.799292554,3.0712136409227684,3.0,6.228686058174524,4.0,33,0.033099297893681046,0.46940822467402205,0.7953861584754263,713.169732596679,163.3613288888889
4qsl,385,3293876.7428207793,1305949.736,6153851.190904176,3.137662337662338,3.0,6.189610389610389,4.0,14,0.03636363636363636,0.522077922077922,0.8727272727272727,914.9657618946609,362.76381555555554
4qsp,30,4714436.366666666,3022228.0,4210913.657024291,3.1,3.0,2.9,2.0,3,0.1,0.9666666666666667,0.9333333333333333,1309.5656574074073,839.5077777777777
4qsr,528,1864511.3465151517,699990.091,4154685.6053084303,3.558712121212121,3.0,6.445075757575758,4.0,32,0.06060606060606061,0.5643939393939394,0.8882575757575758,517.919818476431,194.44169194444444
4qss,514,1585832.3587023346,570911.007,3167226.6367832622,3.7431906614785992,3.0,5.597276264591439,4.0,45,0.08754863813229571,0.5642023346303502,0.9396887159533074,440.50898852842624,158.58639083333333
4rgh,388,2901087.354015464,693895.5,6913005.574504091,2.4922680412371134,2.0,4.582474226804123,3.0,12,0.030927835051546393,0.5283505154639175,0.8814432989690721,805.8575983376289,192.74875
4rhh,39,1120020.2516666667,590459.0,1445760.1820797198,3.4615384615384617,3.0,3.5641025641025643,3.0,1,0.02564102564102564,0.6923076923076923,0.9230769230769231,311.1167365740741,164.01638888888888
4rhp,378,1642744.8051084655,439050.5235,5599862.524844519,3.0714285714285716,3.0,6.35978835978836,5.0,8,0.021164021164021163,0.8042328042328042,0.9444444444444444,456.3180014190182,121.95847875
4ris,738,1837872.7766747968,514656.5145,4738322.262536841,2.772357723577236,3.0,7.017615176151762,4.0,11,0.014905149051490514,0.4024390243902439,0.9417344173441734,510.52021574299914,142.96014291666665
4rkg,415,2091145.8042939762,690990.985,3869379.8251960916,4.937349397590362,4.0,9.156626506024097,5.0,8,0.01927710843373494,0.4457831325301205,0.8722891566265061,580.8738345261045,191.94194027777777
4rli,336,2445082.372833333,699786.338,4605382.839040212,3.732142857142857,3.0,7.875,5.0,12,0.03571428571428571,0.45535714285714285,0.7797619047619048,679.1895480092592,194.3850938888889
4rlo,44,3107599.736886364,82703.1875,7010451.539071197,1.7727272727272727,2.0,2.9318181818181817,2.0,0,0.0,0.5909090909090909,0.9545454545454546,863.2221491351011,22.973107638888887
4rog,43,4184460.11627907,2604313.0,4860872.133796647,3.2093023255813953,3.0,8.046511627906977,6.0,2,0.046511627906976744,0.7674418604651163,0.7906976744186046,1162.3500322997415,723.4202777777778
4roi,24,1532920.026625,413488.91949999996,3018786.8857495673,2.375,3.0,3.7083333333333335,3.0,1,0.041666666666666664,0.6666666666666666,0.9166666666666666,425.8111185069444,114.85803319444443
4rol,110,3361461.0272727273,2677256.0,3396594.8922417792,2.4545454545454546,2.0,3.2181818181818183,2.0,6,0.05454545454545454,0.5181818181818182,0.9818181818181818,933.7391742424243,743.6822222222222
4roo,467,1711289.9070535332,529003.0,3731546.898674809,3.233404710920771,3.0,6.419700214132762,5.0,8,0.017130620985010708,0.7687366167023555,0.9571734475374732,475.3583075148703,146.9452777777778
4ror,108,1548706.9106666667,637216.0,2298634.8052625754,3.4166666666666665,3.0,3.9537037037037037,3.0,8,0.07407407407407407,0.5740740740740741,0.9722222222222222,430.1963640740741,177.00444444444443
4rpg,773,3076492.3064566622,879477.0,5411145.83921889,3.1384217335058215,3.0,6.567917205692108,4.0,34,0.04398447606727038,0.6998706338939198,0.8861578266494179,854.5811962379618,244.29916666666668
4rqs,624,2915248.8505176282,601406.8715,8073929.459909457,3.5,4.0,10.95673076923077,7.0,5,0.008012820512820512,0.6586538461538461,0.9262820512820513,809.7913473660078,167.05746430555556
4rrl,114,1664431.8699385966,814596.4539999999,2193444.480432362,3.043859649122807,3.0,5.7894736842105265,3.0,6,0.05263157894736842,0.4473684210526316,0.9122807017543859,462.3421860940546,226.27679277777776
4rsl,167,509120.60620958084,255736.601,858619.9509933348,3.712574850299401,4.0,4.508982035928144,4.0,0,0.0,0.8502994011976048,0.9880239520958084,141.42239061377245,71.03794472222222
4sgg,711,2749944.8025400843,676096.808,6210156.749386555,4.236286919831223,3.0,10.258790436005626,5.0,30,0.04219409282700422,0.1631504922644163,0.9142053445850914,763.8735562611346,187.80466888888887
4sgr,610,2582587.300521312,1006229.0,5176283.249239967,3.6295081967213116,3.0,8.3,5.0,14,0.022950819672131147,0.10655737704918032,0.9311475409836065,717.38536125592,279.50805555555553
4sgs,712,1782898.7172289328,778934.479,2920682.6059626173,4.310393258426966,3.0,9.849719101123595,7.0,14,0.019662921348314606,0.1601123595505618,0.9353932584269663,495.2496436747035,216.37068861111112
4shl,397,681715.5566347608,71792.0,1510115.2246229376,2.9672544080604535,2.0,5.831234256926952,4.0,14,0.03526448362720403,0.853904282115869,0.9798488664987406,189.36543239854467,19.942222222222224
4sig,645,35895.31571007752,182.291,618961.2604087363,1.9844961240310077,2.0,3.10077519379845,3.0,0,0.0,0.9674418604651163,0.9255813953488372,9.97092103057709,0.05063638888888889
4sih,415,1282664.1973903615,507549.0,2263065.52736497,2.5180722891566263,2.0,6.669879518072289,5.0,16,0.03855421686746988,0.8,0.9614457831325302,356.29561038621154,140.98583333333335
4sii,653,1200108.6080872894,15853.0,3176878.347570343,3.134762633996937,2.0,7.996937212863706,3.0,37,0.05666156202143951,0.24655436447166923,0.9035222052067381,333.3635022464693,4.403611111111111
4sil,205,2697674.162902439,787246.0,4909004.4759301385,2.0097560975609756,2.0,7.014634146341463,4.0,6,0.02926829268292683,0.25365853658536586,0.8926829268292683,749.3539341395664,218.67944444444444
4sio,429,4840198.580540793,579835.002,10807387.595658872,2.237762237762238,2.0,6.417249417249417,3.0,10,0.023310023310023312,0.40792540792540793,0.7878787878787878,1344.4996057057758,161.06527833333334
4sip,172,457802.9733372093,278.523,1128209.5801284749,2.4069767441860463,2.0,4.773255813953488,3.0,7,0.040697674418604654,0.7209302325581395,0.936046511627907,127.16749259366925,0.0773675
4skh,10,624772.5607,122360.328,827307.0577420661,1.8,1.5,5.4,4.0,0,0.0,0.0,1.0,173.5479335277778,33.98898
4skk,60,6018312.136833333,2105400.7580000004,8022896.902107386,2.433333333333333,2.0,12.016666666666667,7.0,1,0.016666666666666666,0.31666666666666665,0.7833333333333333,1671.7533713425926,584.833543888889
4skl,84,1371314.8661190476,483636.5,2720487.316828269,1.7023809523809523,1.0,3.7857142857142856,3.0,0,0.0,0.35714285714285715,0.9285714285714286,380.9207961441799,134.34347222222223
4skr,191,3200234.0757853403,958036.0,7074501.897473858,4.230366492146596,3.0,17.230366492146597,8.0,9,0.04712041884816754,0.15706806282722513,0.900523560209424,888.9539099403723,266.12111111111113
4sks,520,1518998.7088903848,173783.5,5675170.185884958,2.875,3.0,6.601923076923077,4.0,36,0.06923076923076923,0.14423076923076922,0.8903846153846153,421.9440858028847,48.27319444444444
4slh,194,2324304.63035567,687505.02,5842279.279131594,3.0618556701030926,2.0,6.603092783505154,5.0,15,0.07731958762886598,0.15979381443298968,0.9432989690721649,645.6401750987973,190.97361666666666
4sli,238,1368462.4483067228,105150.401,4258387.363329431,2.865546218487395,2.0,7.718487394957983,4.5,15,0.06302521008403361,0.10504201680672269,0.9495798319327731,380.12845786297856,29.20844472222222
4sog,459,162663.02678867104,199.51,3113378.4580935724,1.973856209150327,2.0,3.1938997821350763,3.0,0,0.0,0.9738562091503268,0.8867102396514162,45.184174107964175,0.055419444444444445
4soo,19,5863782.169421053,63731.765,11052255.726596113,1.368421052631579,1.0,5.894736842105263,2.0,1,0.05263157894736842,0.42105263157894735,0.7894736842105263,1628.8283803947368,17.703268055555554
4sop,11,504415.1818181818,241059.0,608617.3842027219,3.272727272727273,3.0,4.909090909090909,5.0,1,0.09090909090909091,0.8181818181818182,0.5454545454545454,140.11532828282827,66.96083333333333
4soq,47,2313442.7021276597,613309.0,4627661.674442217,1.3829787234042554,1.0,8.127659574468085,4.0,1,0.02127659574468085,0.2553191489361702,0.8936170212765957,642.6229728132388,170.3636111111111
4ssh,111,2710613.113846847,1209126.0,4195397.903133862,2.081081081081081,2.0,8.36936936936937,5.0,3,0.02702702702702703,0.13513513513513514,0.8468468468468469,752.9480871796796,335.86833333333334
4z8d4aa.c3,212,10149.449613207547,283.0,52218.5617028014,1.0896226415094339,1.0,0.8160377358490566,1.0,1,0.0047169811320754715,0.018867924528301886,0.9292452830188679,2.8192915592243186,0.07861111111111112
_2hhpqg,120,1672585.4138583331,669663.0,2712127.53681475,4.25,3.5,7.908333333333333,4.0,4,0.03333333333333333,0.5416666666666666,0.9666666666666667,464.6070594050925,186.0175
av43.jd4aa.c3,136,32260.045639705884,295.299,146869.16090400805,1.0220588235294117,1.0,0.7279411764705882,0.0,0,0.0,0.029411764705882353,0.7647058823529411,8.96112378880719,0.08202749999999999
d8e1n8vv8d4aa.c3,44,232494.81595454543,241.09949999999998,1431051.3011435175,1.0454545454545454,1.0,0.8181818181818182,0.5,0,0.0,0.022727272727272728,0.8409090909090909,64.58189332070707,0.06697208333333332
nzvz,11,82764250.13918182,97209577.911,38584481.82041135,2.3636363636363638,2.0,2.3636363636363638,2.0,0,0.0,0.8181818181818182,1.0,22990.06948310606,27002.660530833335
t.y10tygr,13,1484678.076923077,1106998.0,1168175.071421764,2.3846153846153846,2.0,2.076923076923077,2.0,0,0.0,0.46153846153846156,0.9230769230769231,412.4105769230769,307.49944444444446
t.y40ygh,12,1516666.6666666667,489354.0,2045584.112776563,2.6666666666666665,2.5,4.833333333333333,4.5,1,0.08333333333333333,0.5,1.0,421.2962962962963,135.93166666666667
t.y8114ygh,16,1264507.9659375,273384.0,2462036.7320316397,2.5,2.0,2.5,2.0,3,0.1875,0.375,0.9375,351.2522127604166,75.94
t.y8zv0ygo,16,1494555.75,971472.5,1777971.9449071367,2.5625,3.0,1.9375,1.5,0,0.0,0.5,1.0,415.154375,269.8534722222222
t.yt_9ygh,18,1228938.2777777778,41406.5,2110965.117393347,2.888888888888889,3.0,1.8888888888888888,1.0,1,0.05555555555555555,0.3333333333333333,0.9444444444444444,341.3717438271605,11.501805555555556
t.yzt_0ygh,22,2077666.9090909092,2020409.5,1958399.3677634492,2.909090909090909,3.0,2.1363636363636362,2.0,2,0.09090909090909091,0.6363636363636364,0.9545454545454546,577.129696969697,561.2248611111111
u6yx0uygo,10,5946740.8,4586422.5,2996115.850663759,5.5,5.0,9.3,9.0,1,0.1,0.8,0.9,1651.8724444444445,1274.00625
w.nzwwz2ycz6dn28n,14,110692.57142857143,319.0,390692.8496738374,1.2857142857142858,1.0,1.5,1.0,0,0.0,0.07142857142857142,0.9285714285714286,30.747936507936508,0.08861111111111111
wzcdd4aa,186,36779.330854838714,376.4515,204245.9875824789,1.1290322580645162,1.0,0.9247311827956989,0.0,0,0.0,0.03225806451612903,0.956989247311828,10.216480793010755,0.10456986111111112
x8azvjn2,144,195824.14838888892,317.48400000000004,2097831.092959179,1.1597222222222223,1.0,1.1527777777777777,1.0,1,0.006944444444444444,0.013888888888888888,0.8888888888888888,54.39559677469137,0.08819
z2w_x,43,30291032.371418603,25915323.0,24310946.74653642,1.2093023255813953,1.0,0.9534883720930233,0.0,0,0.0,0.5813953488372093,0.9767441860465116,8414.17565872739,7198.700833333333
