employee,ticket_count,avg_steps,avg_comments,reopen_rate,success_rate,first_touch_rate,median_time_hours,std_time_hours,pct_high,pct_low,pct_hd_service,cluster,cluster_name,umap_1,umap_2
-.3.jn2,92,1.0434782608695652,0.717391304347826,0.0,0.8913043478260869,0.021739130434782608,0.08672,14.896826433776681,0.010869565217391304,0.0,0.08695652173913043,0,HD-Service-Spezialist,1.222159,10.617292
0ny0x93ygh,10,3.5,11.3,0.1,0.5,0.6,2218.5018055555556,2390.07881129515,0.0,0.0,0.0,0,HD-Service-Spezialist,-10.489515,4.452637
0ny0x93ygi,18,2.8333333333333335,5.444444444444445,0.05555555555555555,0.9444444444444444,0.6111111111111112,94.77232791666665,972.1468885715772,0.0,0.0,0.05555555555555555,0,HD-Service-Spezialist,-3.3758345,0.7057951
0ny0x93ygr,27,2.962962962962963,10.481481481481481,0.14814814814814814,0.9629629629629629,0.4074074074074074,445.5270208333333,1731.077449156916,0.037037037037037035,0.0,0.1111111111111111,0,HD-Service-Spezialist,-3.6208134,1.2813553
0zxu.ad,13,1.0,1.4615384615384615,0.0,0.9230769230769231,0.0,1.4605555555555556,279.8874022090282,0.6923076923076923,0.0,0.0,0,HD-Service-Spezialist,1.0637366,9.432915
1.ca.cz38j18x3czvj.ad,37,1.027027027027027,0.5675675675675675,0.0,0.8918918918918919,0.0,0.10625972222222223,6.599218689684446,0.16216216216216217,0.02702702702702703,0.05405405405405406,0,HD-Service-Spezialist,1.292163,10.657124
1n81u .ad h,34,1.1176470588235294,0.47058823529411764,0.0,0.9411764705882353,0.0,0.10113333333333333,0.6006333073808474,0.058823529411764705,0.0,0.38235294117647056,0,HD-Service-Spezialist,1.267246,10.65182
1n81u .ad i,48,1.1875,0.5625,0.0,0.8541666666666666,0.041666666666666664,0.1457877777777778,787.4430731343806,0.020833333333333332,0.020833333333333332,0.20833333333333334,0,HD-Service-Spezialist,0.24730133,7.100684
1n81u .ad o,17,1.1176470588235294,1.0,0.0,0.9411764705882353,0.11764705882352941,0.16820972222222222,3.837283814516772,0.058823529411764705,0.0,0.058823529411764705,0,HD-Service-Spezialist,1.3102107,10.30437
1n81u .ad p,43,1.1627906976744187,1.0232558139534884,0.0,0.9767441860465116,0.06976744186046512,0.08757138888888889,2.073652648737579,0.0,0.0,0.06976744186046512,0,HD-Service-Spezialist,1.248018,10.468386
1n81u.adh,45,1.1555555555555554,1.1555555555555554,0.0,0.9555555555555556,0.0,0.43416666666666665,35.58802514022143,0.7555555555555555,0.022222222222222223,0.022222222222222223,0,HD-Service-Spezialist,1.0666399,9.95996
1n81u.adp,32,1.375,3.28125,0.0,0.875,0.0,1.0031944444444445,238.41145570974413,0.59375,0.0,0.0625,0,HD-Service-Spezialist,0.9758262,9.187328
3cxhok,149,3.0067114093959733,7.429530201342282,0.0738255033557047,0.9395973154362416,0.7181208053691275,238.91416666666666,6105.818929613311,0.0,0.0,0.0,0,HD-Service-Spezialist,-4.242239,0.7256387
3cxigp,197,2.2893401015228427,3.49746192893401,0.005076142131979695,0.883248730964467,0.9746192893401016,0.08364555555555556,328.9258042645083,0.05583756345177665,0.0,0.1218274111675127,0,HD-Service-Spezialist,0.6767519,7.2235274
3cxigq,317,2.3785488958990535,6.280757097791798,0.022082018927444796,0.9463722397476341,0.6403785488958991,0.16333861111111111,834.8618983685811,0.03785488958990536,0.0031545741324921135,0.23974763406940064,0,HD-Service-Spezialist,0.08279223,6.765249
3cxigs,211,2.023696682464455,2.938388625592417,0.0,0.933649289099526,0.990521327014218,0.07333444444444445,0.12332871915532005,0.04739336492890995,0.009478672985781991,0.1895734597156398,0,HD-Service-Spezialist,1.5593166,10.35677
3cxiog,102,2.3823529411764706,3.343137254901961,0.00980392156862745,0.9117647058823529,0.23529411764705882,4.963825277777778,454.9724561576437,0.029411764705882353,0.058823529411764705,0.13725490196078433,0,HD-Service-Spezialist,-0.099777624,7.720394
3cxogo,404,2.0024752475247523,3.032178217821782,0.009900990099009901,0.943069306930693,0.9108910891089109,0.06875,86.96340264586354,0.5965346534653465,0.019801980198019802,0.01485148514851485,0,HD-Service-Spezialist,1.4482496,9.642194
4ggk,211,2.241706161137441,4.3649289099526065,0.004739336492890996,0.7298578199052133,0.8578199052132701,478.2761111111111,8293.20168049573,0.037914691943127965,0.004739336492890996,0.009478672985781991,0,HD-Service-Spezialist,-9.938497,4.034297
4ggo,133,2.1503759398496243,3.398496240601504,0.015037593984962405,0.6240601503759399,0.45112781954887216,76.3234413888889,1684.4025714595166,0.15789473684210525,0.007518796992481203,0.06015037593984962,0,HD-Service-Spezialist,-10.349453,4.305799
4ggr,110,1.6,2.3,0.00909090909090909,0.9,0.07272727272727272,1.0091754166666667,992.4295783104204,0.01818181818181818,0.0,0.1,0,HD-Service-Spezialist,0.47082016,7.1031346
4gis,98,2.663265306122449,3.836734693877551,0.08163265306122448,0.9591836734693877,0.5816326530612245,166.44641513888888,3349.6569478252504,0.04081632653061224,0.0,0.01020408163265306,0,HD-Service-Spezialist,-4.0232353,0.6293386
4glr,13,2.1538461538461537,1.8461538461538463,0.0,1.0,0.5384615384615384,142.59833333333333,842.0035043451012,0.0,0.0,0.0,0,HD-Service-Spezialist,-2.5928175,-0.05435781
4grg,57,2.7017543859649122,3.6666666666666665,0.0,0.8947368421052632,0.8596491228070176,138.7536111111111,266.56725450062606,0.0,0.017543859649122806,0.0,0,HD-Service-Spezialist,-3.2589297,-0.13468513
4gsg,123,3.089430894308943,1.910569105691057,0.024390243902439025,1.0,0.8861788617886179,217.85833333333332,1199.0799323894892,0.0,0.0,0.0,0,HD-Service-Spezialist,-2.6851795,-0.14000833
4hggg,32,3.0625,10.71875,0.03125,0.90625,0.21875,263.2976388888889,1646.3044218168077,0.4375,0.0,0.03125,0,HD-Service-Spezialist,-3.840022,2.7897327
4hghi,21,2.4285714285714284,9.904761904761905,0.047619047619047616,0.6190476190476191,0.6666666666666666,1036.2002777777777,2302.7006268922823,0.09523809523809523,0.23809523809523808,0.047619047619047616,1,Problemlöser,-10.544128,5.9491777
4hghk,609,1.9113300492610839,2.863711001642036,0.006568144499178982,0.9293924466338259,0.8801313628899836,0.05722222222222222,240.05306954312104,0.6584564860426929,0.0180623973727422,0.027914614121510674,0,HD-Service-Spezialist,1.352558,9.344189
4hgho,105,3.6476190476190475,9.80952380952381,0.13333333333333333,0.9714285714285714,0.29523809523809524,284.9533333333333,1771.7454741050508,0.20952380952380953,0.13333333333333333,0.02857142857142857,0,HD-Service-Spezialist,-10.670136,6.1595507
4hghq,519,2.321772639691715,4.360308285163777,0.005780346820809248,0.9364161849710982,0.6339113680154143,0.10972222222222222,264.31364599818977,0.7148362235067437,0.01348747591522158,0.015414258188824663,0,HD-Service-Spezialist,1.240767,9.183375
4hghs,236,1.8644067796610169,2.8771186440677967,0.0,0.9364406779661016,0.8559322033898306,0.06902777777777777,0.3242013165323133,0.6694915254237288,0.00847457627118644,0.01694915254237288,0,HD-Service-Spezialist,1.4842432,10.118223
4hgi,150,2.7333333333333334,4.026666666666666,0.013333333333333334,0.7666666666666667,0.88,655.1690277777777,8053.218837835538,0.006666666666666667,0.0,0.0,0,HD-Service-Spezialist,-9.78168,3.9482286
4hgih,84,3.119047619047619,4.285714285714286,0.09523809523809523,0.9880952380952381,0.011904761904761904,95.47305555555556,376.8805654168803,0.5238095238095238,0.03571428571428571,0.047619047619047616,0,HD-Service-Spezialist,-3.3240263,3.1085641
4hgir,74,2.72972972972973,5.594594594594595,0.06756756756756757,0.8918918918918919,0.20270270270270271,72.86625,486.0075269926754,0.4189189189189189,0.0,0.02702702702702703,0,HD-Service-Spezialist,-3.5167692,2.7428477
4hgkl,23,2.8260869565217392,4.6521739130434785,0.08695652173913043,0.8695652173913043,0.08695652173913043,25.081666666666667,388.39254622498333,0.391304347826087,0.0,0.0,0,HD-Service-Spezialist,-3.4450486,2.6570652
4hgko,13,2.6153846153846154,9.076923076923077,0.0,0.38461538461538464,0.5384615384615384,233.715,244.432428315312,0.46153846153846156,0.07692307692307693,0.0,0,HD-Service-Spezialist,-10.4604845,4.8740935
4hgkr,106,2.2358490566037736,3.150943396226415,0.05660377358490566,0.9056603773584906,0.0660377358490566,27.77263888888889,89.40143903021638,0.9905660377358491,0.0,0.009433962264150943,0,HD-Service-Spezialist,1.03582,9.104199
4hglq,331,1.8821752265861027,2.694864048338369,0.0,0.9123867069486404,0.8489425981873112,0.049166666666666664,56.23109380597075,0.7190332326283988,0.015105740181268883,0.00906344410876133,0,HD-Service-Spezialist,1.4015738,9.756556
4hgog,65,2.1846153846153844,14.046153846153846,0.046153846153846156,0.7076923076923077,0.12307692307692308,1030.8766666666668,2421.3679083802713,0.5846153846153846,0.06153846153846154,0.015384615384615385,0,HD-Service-Spezialist,-10.311582,5.399718
4hgok,40,1.75,8.85,0.025,0.825,0.075,127.60680555555555,603.2807826127779,0.55,0.0,0.0,0,HD-Service-Spezialist,-3.8726635,3.0676868
4hgol,532,1.9229323308270676,2.7537593984962405,0.0037593984962406013,0.9078947368421053,0.9060150375939849,0.050555555555555555,12.042209448829242,0.6672932330827067,0.05263157894736842,0.011278195488721804,0,HD-Service-Spezialist,1.5594367,9.911191
4hgop,20,3.2,1.9,0.25,0.7,0.25,10.151527777777778,349.9798799568962,0.05,0.5,0.0,1,Problemlöser,-10.642891,6.041202
4hgor,414,1.9082125603864735,2.8091787439613527,0.0024154589371980675,0.9082125603864735,0.9033816425120773,0.06597222222222222,58.24572293311116,0.6497584541062802,0.021739130434782608,0.028985507246376812,0,HD-Service-Spezialist,1.3462259,9.773059
4hgos,479,1.8893528183716075,2.720250521920668,0.0041753653444676405,0.9206680584551148,0.872651356993737,0.03916666666666667,97.53016559912606,0.7223382045929019,0.031315240083507306,0.006263048016701462,0,HD-Service-Spezialist,1.4620403,9.539056
4hgpl,30,2.466666666666667,8.566666666666666,0.03333333333333333,0.9333333333333333,0.26666666666666666,148.6313888888889,758.3282658581971,0.3333333333333333,0.06666666666666667,0.03333333333333333,0,HD-Service-Spezialist,-10.003628,6.029359
4hgqg,10,2.1,2.5,0.0,0.6,0.0,14.025416666666667,126.02585975473619,0.3,0.0,0.1,0,HD-Service-Spezialist,-10.688883,4.5680323
4hgqk,25,1.8,5.28,0.0,0.92,0.72,135.68527777777777,1503.260432847301,0.04,0.04,0.0,0,HD-Service-Spezialist,-9.469613,5.8926883
4hgqr,23,7.217391304347826,16.73913043478261,0.21739130434782608,0.8260869565217391,0.13043478260869565,728.5380555555555,928.1606589058514,0.0,0.21739130434782608,0.043478260869565216,1,Problemlöser,-10.531875,5.970813
4hgrl,265,1.7433962264150944,2.5245283018867926,0.0,0.9245283018867925,0.8226415094339623,0.049444444444444444,10.247380486853222,0.6188679245283019,0.033962264150943396,0.018867924528301886,0,HD-Service-Spezialist,1.4564825,10.181126
4hhgi,462,1.7705627705627707,2.6406926406926408,0.004329004329004329,0.8852813852813853,0.8722943722943723,0.04416666666666667,16.011538681033365,0.6861471861471862,0.03463203463203463,0.01948051948051948,0,HD-Service-Spezialist,1.4076866,9.884566
4hhgk,29,1.3793103448275863,4.310344827586207,0.034482758620689655,0.4827586206896552,0.13793103448275862,20.934722222222224,150.08736119113502,0.4482758620689655,0.034482758620689655,0.0,0,HD-Service-Spezialist,-10.635234,4.6410675
4hhgo,143,1.832167832167832,2.762237762237762,0.0,0.993006993006993,0.8811188811188811,0.04138888888888889,0.05065172894006283,0.6293706293706294,0.0,0.013986013986013986,0,HD-Service-Spezialist,1.6138062,10.172388
4hhgr,27,0.7407407407407407,1.962962962962963,0.0,0.2962962962962963,0.1111111111111111,0.0,496.6375305852313,0.18518518518518517,0.0,0.0,0,HD-Service-Spezialist,-10.471424,4.4173713
4hho,286,2.7587412587412588,5.370629370629371,0.03146853146853147,0.8496503496503497,0.5699300699300699,49.61291666666666,2742.235711084455,0.04895104895104895,0.01048951048951049,0.027972027972027972,0,HD-Service-Spezialist,-6.1754484,2.579917
4hhoo,337,1.9228486646884273,2.777448071216617,0.0,0.9198813056379822,0.8991097922848664,0.035,8.36364482682908,0.7091988130563798,0.01483679525222552,0.011869436201780416,0,HD-Service-Spezialist,1.610909,10.103203
4hhop,334,1.8053892215568863,2.592814371257485,0.0,0.8532934131736527,0.8233532934131736,0.042222222222222223,0.8965178698014907,0.6916167664670658,0.005988023952095809,0.005988023952095809,0,HD-Service-Spezialist,1.6697229,10.070221
4hlg,346,2.4104046242774566,2.6271676300578033,0.008670520231213872,0.869942196531792,0.5953757225433526,153.7855063888889,1561.2204484850322,0.03757225433526012,0.0,0.046242774566473986,0,HD-Service-Spezialist,-5.961678,2.5023293
4hlo,94,2.765957446808511,3.1914893617021276,0.010638297872340425,0.39361702127659576,0.4574468085106383,169.76682208333332,870.5187271496092,0.19148936170212766,0.02127659574468085,0.010638297872340425,0,HD-Service-Spezialist,-10.524711,4.5660524
4hpg,212,3.3254716981132075,9.141509433962264,0.02830188679245283,0.9150943396226415,0.7264150943396226,243.5911111111111,1764.7672694305277,0.0330188679245283,0.02830188679245283,0.0,0,HD-Service-Spezialist,-5.716867,1.3828548
4hph,89,2.292134831460674,7.157303370786517,0.02247191011235955,0.8876404494382022,0.4044943820224719,256.96944444444443,1447.959181508194,0.1348314606741573,0.011235955056179775,0.12359550561797752,0,HD-Service-Spezialist,-4.694704,3.9760385
4hpp,1547,2.6961861667744023,5.741435035552683,0.014221073044602456,0.8791208791208791,0.3865546218487395,91.15202638888888,2246.101049356901,0.07304460245636717,0.005817711700064641,0.13510019392372333,0,HD-Service-Spezialist,-5.5032144,3.821057
4hsg,22,1.6363636363636365,5.5,0.0,0.8636363636363636,0.09090909090909091,22.024239722222223,403.32657502955186,0.0,0.13636363636363635,0.09090909090909091,0,HD-Service-Spezialist,-10.789721,5.9928856
4igh,140,1.8,3.335714285714286,0.0,0.9928571428571429,0.6785714285714286,260.1325,1922.6276842730433,0.007142857142857143,0.0,0.0,0,HD-Service-Spezialist,-2.2816083,0.18377703
4ihs,1142,3.361646234676007,6.288091068301226,0.03590192644483362,0.9763572679509632,0.7548161120840631,73.84847222222223,926.1815671630201,0.16987740805604204,0.0070052539404553416,0.006129597197898424,0,HD-Service-Spezialist,-5.1255884,0.7312442
4ikk,2098,3.152049571020019,8.267874165872259,0.042897998093422304,0.834604385128694,0.4051477597712107,121.03105624999999,1504.4851705008714,0.10581506196377502,0.0023832221163012394,0.11582459485224023,0,HD-Service-Spezialist,-5.919046,3.5714264
4ioh,469,3.5543710021321964,4.940298507462686,0.04477611940298507,0.9445628997867804,0.7569296375266524,96.27416666666667,1743.9157319749245,0.1257995735607676,0.0042643923240938165,0.0042643923240938165,0,HD-Service-Spezialist,-5.204041,0.7983383
4ipo,226,2.8451327433628317,7.606194690265487,0.07079646017699115,0.9823008849557522,0.6902654867256637,283.9691666666667,1689.4979139799063,0.017699115044247787,0.0,0.0,0,HD-Service-Spezialist,-4.143387,0.6378967
4isp,25,2.88,3.76,0.08,1.0,0.68,334.24666666666667,4320.951620574517,0.16,0.0,0.0,0,HD-Service-Spezialist,-3.9362628,0.5006291
4kgh,301,2.3255813953488373,12.029900332225914,0.009966777408637873,0.9036544850498339,0.12624584717607973,220.20777777777778,1576.8071325806104,0.3920265780730897,0.013289036544850499,0.029900332225913623,0,HD-Service-Spezialist,-3.9576187,3.1649532
4kgi,772,1.9080310880829014,3.273316062176166,0.0012953367875647669,0.9028497409326425,0.9365284974093264,0.07722875,629.5575956145651,0.33419689119170987,0.010362694300518135,0.06865284974093264,0,HD-Service-Spezialist,0.92088085,7.8558674
4kgk,49,2.5306122448979593,8.040816326530612,0.0,0.7142857142857143,0.32653061224489793,139.98989138888888,1785.2530659582542,0.0,0.0,0.02040816326530612,0,HD-Service-Spezialist,-10.179314,4.17916
4kgo,149,2.4832214765100673,5.771812080536913,0.006711409395973154,0.8993288590604027,0.6778523489932886,0.08167138888888889,1049.822628555997,0.03355704697986577,0.006711409395973154,0.1342281879194631,0,HD-Service-Spezialist,0.4231787,6.9899282
4kgp,229,2.606986899563319,5.449781659388647,0.017467248908296942,0.9170305676855895,0.9126637554585153,0.8286372222222222,529.2954028716221,0.2314410480349345,0.017467248908296942,0.026200873362445413,0,HD-Service-Spezialist,0.8488366,7.7697096
4kgq,1032,1.9709302325581395,3.2083333333333335,0.0,0.9176356589147286,0.9660852713178295,0.0545625,564.9837835082685,0.29844961240310075,0.005813953488372093,0.05910852713178295,0,HD-Service-Spezialist,1.0177596,7.7497497
4kgr,252,2.607142857142857,13.619047619047619,0.011904761904761904,0.8650793650793651,0.19047619047619047,335.6181927777778,1992.0666762775688,0.38095238095238093,0.03968253968253968,0.027777777777777776,0,HD-Service-Spezialist,-9.431639,5.368555
4khg,998,1.9529058116232465,3.0080160320641283,0.0,0.9448897795591182,0.9338677354709419,0.06066791666666667,569.8959609056706,0.4468937875751503,0.017034068136272545,0.04408817635270541,0,HD-Service-Spezialist,1.0440334,8.030038
4khi,189,3.544973544973545,9.0,0.164021164021164,0.8624338624338624,0.3544973544973545,579.7466666666667,2533.6099704783896,0.24338624338624337,0.0,0.021164021164021163,0,HD-Service-Spezialist,-3.6690578,1.1635106
4kho,261,2.6053639846743293,6.448275862068965,0.019157088122605363,0.9157088122605364,0.3103448275862069,27.620014722222223,1007.6645282345955,0.05363984674329502,0.0,0.06513409961685823,0,HD-Service-Spezialist,-5.0333633,2.6118643
4khp,152,4.394736842105263,11.118421052631579,0.039473684210526314,0.9078947368421053,0.13815789473684212,25.71942875,1721.214256023109,0.17763157894736842,0.0,0.10526315789473684,0,HD-Service-Spezialist,-4.8302674,3.567267
4khq,18,2.0,3.0,0.0,0.9444444444444444,0.9444444444444444,0.06303055555555555,0.08550905780676557,0.16666666666666666,0.0,0.1111111111111111,0,HD-Service-Spezialist,1.5041121,10.427291
4khs,134,2.8358208955223883,8.201492537313433,0.03731343283582089,0.9328358208955224,0.41044776119402987,60.014839305555554,1736.551845289683,0.15671641791044777,0.007462686567164179,0.21641791044776118,0,HD-Service-Spezialist,-4.7297134,4.1876745
4kig,11,1.3636363636363635,5.454545454545454,0.0,1.0,0.09090909090909091,106.04546,696.9717487424119,0.0,0.09090909090909091,0.09090909090909091,0,HD-Service-Spezialist,-10.345183,6.236354
4kih,23,1.2608695652173914,3.217391304347826,0.0,0.6956521739130435,0.2608695652173913,50.041111111111114,2063.3309181948957,0.13043478260869565,0.0,0.043478260869565216,0,HD-Service-Spezialist,-10.40545,4.1605887
4kkr,24,1.5416666666666667,4.291666666666667,0.041666666666666664,1.0,0.375,333.44949361111117,1575.4523560241792,0.08333333333333333,0.0,0.08333333333333333,0,HD-Service-Spezialist,-2.7028677,0.53341097
4kll,132,2.1136363636363638,6.628787878787879,0.030303030303030304,0.8863636363636364,0.2196969696969697,118.01801499999999,963.9922987350935,0.2803030303030303,0.10606060606060606,0.030303030303030304,0,HD-Service-Spezialist,-10.571924,5.912747
4klq,116,2.060344827586207,5.646551724137931,0.04310344827586207,0.8879310344827587,0.8017241379310345,200.47180555555556,1775.7180664079121,0.1724137931034483,0.0603448275862069,0.017241379310344827,0,HD-Service-Spezialist,-9.759715,5.8556466
4klr,70,2.057142857142857,8.014285714285714,0.0,0.9714285714285714,0.42857142857142855,227.4790277777778,1535.2342674047668,0.2714285714285714,0.0,0.014285714285714285,0,HD-Service-Spezialist,-2.4106536,0.8223064
4kol,55,2.272727272727273,5.4,0.0,0.9090909090909091,0.509090909090909,41.077314722222226,692.9625284705824,0.05454545454545454,0.0,0.05454545454545454,0,HD-Service-Spezialist,-4.530222,1.9635701
4kph,336,1.994047619047619,3.449404761904762,0.0,0.9136904761904762,0.9732142857142857,0.0720801388888889,982.8306717341112,0.044642857142857144,0.002976190476190476,0.10416666666666667,0,HD-Service-Spezialist,0.50666374,6.9972315
4kpi,348,1.9913793103448276,3.6063218390804597,0.0,0.9109195402298851,0.9741379310344828,0.07852444444444444,310.08131243647756,0.04310344827586207,0.0028735632183908046,0.08908045977011494,0,HD-Service-Spezialist,0.68979484,7.2275534
4kpk,180,2.3,5.722222222222222,0.044444444444444446,0.9166666666666666,0.6277777777777778,100.8262438888889,948.748200786847,0.13333333333333333,0.0,0.011111111111111112,0,HD-Service-Spezialist,-4.229084,1.4456198
4kpq,388,2.711340206185567,5.623711340206185,0.05412371134020619,0.9201030927835051,0.08505154639175258,46.09430555555556,819.1074890910003,0.4690721649484536,0.020618556701030927,0.020618556701030927,0,HD-Service-Spezialist,-3.4059827,3.3156488
4kqh,107,3.8411214953271027,9.429906542056075,0.056074766355140186,0.9719626168224299,0.3364485981308411,103.41090194444443,1958.0680773919273,0.056074766355140186,0.0,0.14018691588785046,0,HD-Service-Spezialist,-4.9249244,3.7700965
4kqk,98,3.163265306122449,10.642857142857142,0.02040816326530612,0.8877551020408163,0.24489795918367346,305.5675,1707.0051866078722,0.16326530612244897,0.030612244897959183,0.11224489795918367,0,HD-Service-Spezialist,-4.6651053,3.886331
4kqo,1005,2.008955223880597,3.343283582089552,0.003980099502487562,0.9213930348258706,0.9253731343283582,0.06111111111111111,570.3711513747944,0.36716417910447763,0.024875621890547265,0.045771144278606964,0,HD-Service-Spezialist,0.91106135,8.001175
4kqp,103,2.8932038834951457,7.310679611650485,0.02912621359223301,0.941747572815534,0.3786407766990291,149.52825777777778,2173.596641352226,0.18446601941747573,0.009708737864077669,0.10679611650485436,0,HD-Service-Spezialist,-4.7481804,3.7635455
4kqs,90,3.066666666666667,10.11111111111111,0.0,0.9666666666666667,0.3333333333333333,434.32708333333335,904.7855761970551,0.022222222222222223,0.05555555555555555,0.07777777777777778,0,HD-Service-Spezialist,-9.743194,6.136251
4kro,484,1.9297520661157024,3.3057851239669422,0.0,0.9070247933884298,0.9710743801652892,0.08569444444444445,702.1201536203682,0.2830578512396694,0.006198347107438017,0.049586776859504134,0,HD-Service-Spezialist,0.9206502,7.8023386
4krp,44,2.3863636363636362,7.2727272727272725,0.022727272727272728,0.8409090909090909,0.3181818181818182,216.75524125000004,1058.702257995405,0.045454545454545456,0.022727272727272728,0.0,0,HD-Service-Spezialist,-6.6005235,2.6622627
4lhg,29,1.7586206896551724,3.1724137931034484,0.0,0.9310344827586207,0.7586206896551724,5.441585833333333,263.90417914340287,0.10344827586206896,0.034482758620689655,0.034482758620689655,0,HD-Service-Spezialist,0.25972813,7.8942604
4lhl,246,2.361788617886179,10.101626016260163,0.02032520325203252,0.8455284552845529,0.04065040650406504,494.15555555555557,1874.7515174575985,0.5121951219512195,0.056910569105691054,0.008130081300813009,0,HD-Service-Spezialist,-9.773346,5.477892
4lig,152,2.1447368421052633,7.703947368421052,0.07894736842105263,0.9342105263157895,0.7105263157894737,386.35625,2099.858486393206,0.125,0.019736842105263157,0.019736842105263157,0,HD-Service-Spezialist,-4.2453346,0.87501585
4lih,61,3.3114754098360657,9.147540983606557,0.06557377049180328,0.9180327868852459,0.32786885245901637,190.85972222222222,1268.6059746024546,0.3442622950819672,0.03278688524590164,0.03278688524590164,0,HD-Service-Spezialist,-3.3140976,3.3942437
4lii,87,2.954022988505747,7.620689655172414,0.06896551724137931,0.9540229885057471,0.3103448275862069,53.145,1129.838281475219,0.28735632183908044,0.0,0.022988505747126436,0,HD-Service-Spezialist,-3.4928634,2.465427
4lio,19,1.736842105263158,7.947368421052632,0.05263157894736842,1.0,0.5789473684210527,721.6177777777777,1313.1429521306268,0.10526315789473684,0.3684210526315789,0.05263157894736842,1,Problemlöser,-10.704951,6.0078616
4lip,53,1.8867924528301887,7.09433962264151,0.03773584905660377,0.8867924528301887,0.3018867924528302,480.50555555555553,1157.698808932337,0.4339622641509434,0.0,0.03773584905660377,0,HD-Service-Spezialist,-3.9891772,3.1702237
4lkl,29,2.0344827586206895,6.517241379310345,0.0,0.7241379310344828,0.6896551724137931,214.655,1584.500438006997,0.20689655172413793,0.10344827586206896,0.034482758620689655,0,HD-Service-Spezialist,-10.472036,5.7964606
4llr,101,3.089108910891089,10.851485148514852,0.039603960396039604,0.5841584158415841,0.06930693069306931,468.9691666666667,1605.6216775588364,0.594059405940594,0.019801980198019802,0.009900990099009901,0,HD-Service-Spezialist,-10.659874,4.353144
4lls,106,4.009433962264151,9.339622641509434,0.03773584905660377,0.8773584905660378,0.05660377358490566,463.72763888888886,708.522897844503,0.8962264150943396,0.0,0.04716981132075472,0,HD-Service-Spezialist,-3.7965,3.2035403
4lpl,104,1.8076923076923077,5.826923076923077,0.038461538461538464,0.8942307692307693,0.25,145.34,949.0891427257975,0.41346153846153844,0.028846153846153848,0.038461538461538464,0,HD-Service-Spezialist,-3.4499595,3.6588185
4lpo,575,3.3443478260869566,9.191304347826087,0.017391304347826087,0.928695652173913,0.23478260869565218,98.73472222222222,941.6170281083025,0.7965217391304348,0.0034782608695652175,0.017391304347826087,0,HD-Service-Spezialist,-3.6421514,3.2936556
4lpq,35,2.8285714285714287,4.6,0.14285714285714285,1.0,0.08571428571428572,3.866111111111111,764.1502850093442,0.6857142857142857,0.0,0.0,0,HD-Service-Spezialist,-3.274844,2.8654065
4lqg,98,2.4693877551020407,8.23469387755102,0.05102040816326531,0.5816326530612245,0.1836734693877551,539.5793055555556,2524.654000012906,0.17346938775510204,0.23469387755102042,0.01020408163265306,1,Problemlöser,-10.633968,5.7873573
4lqi,29,2.2758620689655173,7.931034482758621,0.06896551724137931,0.9310344827586207,0.20689655172413793,311.32416666666666,1357.1971339998524,0.3793103448275862,0.0,0.1724137931034483,0,HD-Service-Spezialist,-4.3777666,4.0504904
4lqk,121,1.743801652892562,3.7355371900826446,0.01652892561983471,0.05785123966942149,0.7933884297520661,72.39694444444444,1112.4196985823405,0.2066115702479339,0.049586776859504134,0.0,0,HD-Service-Spezialist,-10.519546,4.517622
4lqr,44,0.8863636363636364,0.9772727272727273,0.0,0.22727272727272727,0.7045454545454546,0.4429166666666667,440.09796118571535,0.25,0.22727272727272727,0.0,1,Problemlöser,-10.656509,5.407231
4lqs,10,3.0,8.8,0.1,1.0,0.6,344.08944444444444,447.29086331829876,0.1,0.1,0.2,0,HD-Service-Spezialist,-10.44905,6.269709
4lrl,15,1.3333333333333333,1.2666666666666666,0.06666666666666667,0.5333333333333333,0.2,0.9475,941.9146157856163,0.6,0.0,0.0,0,HD-Service-Spezialist,-10.556889,4.4217534
4lrp,94,3.127659574468085,6.053191489361702,0.0425531914893617,0.9680851063829787,0.9361702127659575,37.794583333333335,303.44532485014577,0.425531914893617,0.0,0.02127659574468085,0,HD-Service-Spezialist,-4.7708864,0.80749553
4lrs,272,1.875,2.922794117647059,0.0,0.9264705882352942,0.9448529411764706,0.06555555555555556,0.803339586894543,0.6470588235294118,0.003676470588235294,0.025735294117647058,0,HD-Service-Spezialist,1.601598,9.98867
4lsh,24,3.625,12.083333333333334,0.041666666666666664,0.875,0.4166666666666667,383.03805555555556,1030.9212476681714,0.20833333333333334,0.0,0.041666666666666664,0,HD-Service-Spezialist,-4.000405,2.4698102
4lsk,457,2.4704595185995624,7.282275711159738,0.030634573304157548,0.9846827133479212,0.045951859956236324,1.0822222222222222,613.0803450361384,0.7417943107221007,0.006564551422319475,0.0,0,HD-Service-Spezialist,-3.0273743,3.4950376
4lso,42,2.9285714285714284,10.095238095238095,0.047619047619047616,0.9285714285714286,0.07142857142857142,288.4293055555556,468.75293989709735,0.23809523809523808,0.0,0.0,0,HD-Service-Spezialist,-3.6150584,2.4347072
4lsp,54,2.5555555555555554,3.1296296296296298,0.037037037037037035,1.0,0.2037037037037037,11.89263888888889,660.6657088773405,0.5185185185185185,0.1111111111111111,0.037037037037037035,0,HD-Service-Spezialist,-10.4781685,6.1034346
4ogg,89,2.651685393258427,3.932584269662921,0.07865168539325842,0.8426966292134831,0.3595505617977528,34.73175666666666,1179.1738972361027,0.033707865168539325,0.0,0.0898876404494382,0,HD-Service-Spezialist,-5.9866056,3.0467002
4ohk,687,4.758369723435226,14.032023289665212,0.05240174672489083,0.9155749636098981,0.5895196506550219,187.58754083333332,895.5999989122125,0.042212518195050945,0.002911208151382824,0.12372634643377002,0,HD-Service-Spezialist,-5.2484045,3.4503639
4ohl,174,2.3505747126436782,2.454022988505747,0.028735632183908046,0.9885057471264368,0.8333333333333334,184.26625,2897.852778719126,0.08045977011494253,0.05172413793103448,0.0,0,HD-Service-Spezialist,-9.49652,5.818736
4oio,649,3.3959938366718028,6.576271186440678,0.023112480739599383,0.9722650231124808,0.9229583975346687,215.38166666666666,2753.7882731717136,0.12480739599383667,0.02465331278890601,0.0015408320493066256,0,HD-Service-Spezialist,-5.7119617,1.0039852
4oiq,44,1.4090909090909092,1.2727272727272727,0.022727272727272728,0.1590909090909091,0.4772727272727273,4.1651388888888885,478.2743982035932,0.29545454545454547,0.4090909090909091,0.0,1,Problemlöser,-10.765728,5.787162
4okh,169,3.408284023668639,4.763313609467455,0.03550295857988166,0.9763313609467456,0.7514792899408284,68.0125,5151.006001058317,0.029585798816568046,0.005917159763313609,0.0,0,HD-Service-Spezialist,-5.289671,0.8325528
4olg,74,2.4864864864864864,3.2432432432432434,0.0,1.0,0.918918918918919,269.01708333333335,434.72713785159556,0.0,0.0,0.0,0,HD-Service-Spezialist,-2.7127979,-0.08616022
4oll,49,1.9183673469387754,3.4081632653061225,0.02040816326530612,0.8163265306122449,0.46938775510204084,119.5545863888889,2176.3197027811952,0.08163265306122448,0.0,0.04081632653061224,0,HD-Service-Spezialist,-6.417164,2.8450074
4ook,28,2.107142857142857,2.1785714285714284,0.0,1.0,0.0,214.8335061111111,128.6505631967,0.14285714285714285,0.03571428571428571,0.0,0,HD-Service-Spezialist,-2.9258533,-0.35125858
4oop,16,1.3125,3.125,0.0,0.9375,0.625,1209.3981944444445,5866.4718348275255,0.0625,0.0,0.0,0,HD-Service-Spezialist,-1.946759,0.028260214
4opi,424,3.186320754716981,7.863207547169812,0.01650943396226415,0.8867924528301887,0.5400943396226415,327.9866515277778,1453.1583845276546,0.06367924528301887,0.0023584905660377358,0.14622641509433962,0,HD-Service-Spezialist,-5.3035693,3.8631737
4opp,182,2.5494505494505493,6.972527472527473,0.038461538461538464,0.8296703296703297,0.3791208791208791,170.90920500000001,1485.958927928598,0.038461538461538464,0.0,0.07692307692307693,0,HD-Service-Spezialist,-6.1503496,3.011326
4ops,635,2.8755905511811024,5.436220472440945,0.006299212598425197,0.9511811023622048,0.9622047244094488,77.5261111111111,7514.111329529781,0.2094488188976378,0.028346456692913385,0.0031496062992125984,0,HD-Service-Spezialist,-5.7639976,1.09603
4oqq,956,3.4152719665271967,10.609832635983263,0.032426778242677826,0.8410041841004184,0.8535564853556485,267.8718398611111,1901.4231667481167,0.04497907949790795,0.008368200836820083,0.007322175732217573,0,HD-Service-Spezialist,-5.978079,2.2066174
4org,38,2.1315789473684212,2.0,0.02631578947368421,0.8947368421052632,0.631578947368421,3.4933463888888885,746.0759762075039,0.02631578947368421,0.0,0.23684210526315788,0,HD-Service-Spezialist,0.16082902,6.841731
4orq,10,2.2,3.7,0.0,0.7,0.7,3177.5333333333333,6077.690797254157,0.0,0.0,0.0,0,HD-Service-Spezialist,-10.048013,4.04071
4osr,1350,3.3014814814814817,12.864444444444445,0.03259259259259259,0.9251851851851852,0.4,92.62194444444444,1376.628740598371,0.17777777777777778,0.002962962962962963,0.06518518518518518,0,HD-Service-Spezialist,-4.824554,3.1328983
4pgp,1055,3.0312796208530806,5.237914691943128,0.013270142180094787,0.9213270142180094,0.8180094786729858,218.2263888888889,1848.666365921929,0.07962085308056872,0.013270142180094787,0.013270142180094787,0,HD-Service-Spezialist,-5.5713897,1.3174183
4php,445,3.6719101123595506,7.937078651685393,0.0449438202247191,0.9213483146067416,0.4651685393258427,214.64733416666667,1495.8718500972009,0.011235955056179775,0.0,0.10786516853932585,0,HD-Service-Spezialist,-5.231558,3.467073
4phs,32,3.71875,3.6875,0.0625,0.9375,0.875,358.3179166666667,1594.698830763603,0.125,0.0,0.0,0,HD-Service-Spezialist,-3.6445317,0.64337623
4pio,459,2.581699346405229,6.618736383442266,0.0196078431372549,0.7015250544662309,0.3572984749455338,144.2228638888889,1642.6180193816447,0.22875816993464052,0.010893246187363835,0.0392156862745098,0,HD-Service-Spezialist,-10.433652,4.1727185
4pls,17,2.4705882352941178,5.235294117647059,0.0,0.8823529411764706,0.23529411764705882,72.93239305555555,479.06471728941335,0.058823529411764705,0.058823529411764705,0.0,0,HD-Service-Spezialist,-9.700775,6.1092005
4pok,385,4.503896103896104,5.387012987012987,0.015584415584415584,0.987012987012987,0.974025974025974,221.8025,1988.103179179942,0.0025974025974025974,0.0,0.0,0,HD-Service-Spezialist,-5.2012386,0.3822188
4pps,1800,2.7733333333333334,6.394444444444445,0.020555555555555556,0.9411111111111111,0.26166666666666666,79.17194930555554,1223.695512435168,0.4577777777777778,0.0011111111111111111,0.044444444444444446,0,HD-Service-Spezialist,-4.135022,3.2541614
4pqq,811,4.086313193588163,7.226880394574599,0.036991368680641186,0.9395807644882861,0.8446362515413071,154.44385722222225,683.3003527376875,0.13070283600493218,0.004932182490752158,0.0012330456226880395,0,HD-Service-Spezialist,-4.9993896,0.5369337
4prg,1160,4.706896551724138,10.367241379310345,0.04827586206896552,0.8862068965517241,0.5,238.58854847222221,1929.984097471845,0.05344827586206897,0.006896551724137931,0.04827586206896552,0,HD-Service-Spezialist,-5.3347793,3.0550568
4prh,113,2.5575221238938055,3.0530973451327434,0.035398230088495575,0.9734513274336283,0.8141592920353983,191.8225,1334.8503651071449,0.017699115044247787,0.0,0.0,0,HD-Service-Spezialist,-2.7664716,0.21512654
4pri,69,2.8405797101449277,2.130434782608696,0.014492753623188406,0.8840579710144928,0.855072463768116,429.1281808333333,2436.065752334676,0.0,0.0,0.0,0,HD-Service-Spezialist,-2.1405041,0.5360906
4pro,114,2.4035087719298245,2.0526315789473686,0.03508771929824561,1.0,0.9298245614035088,193.95277777777778,1728.6972606506242,0.0,0.0,0.0,0,HD-Service-Spezialist,-2.5428314,-0.03951349
4psk,719,3.536856745479833,5.963838664812239,0.019471488178025034,0.9485396383866481,0.9221140472878998,213.06703944444448,3075.1387221353048,0.11961057023643949,0.013908205841446454,0.0,0,HD-Service-Spezialist,-5.7348943,0.9500701
4psl,37,2.2972972972972974,1.9189189189189189,0.0,0.972972972972973,0.8648648648648649,283.5647222222222,5471.988876493788,0.0,0.0,0.0,0,HD-Service-Spezialist,-2.018667,0.056408487
4psr,606,3.4834983498349836,5.16006600660066,0.033003300330033,0.9620462046204621,0.735973597359736,149.11055555555555,1251.3631153563626,0.09405940594059406,0.018151815181518153,0.006600660066006601,0,HD-Service-Spezialist,-5.447882,0.79796946
4qil,165,3.727272727272727,5.430303030303031,0.006060606060606061,0.9818181818181818,0.9272727272727272,168.57305555555556,1415.7445614458172,0.048484848484848485,0.0,0.0,0,HD-Service-Spezialist,-5.1677413,0.22045948
4qio,102,1.911764705882353,3.235294117647059,0.0,0.6764705882352942,0.43137254901960786,1724.3718241666666,6370.438531900196,0.029411764705882353,0.0196078431372549,0.0,0,HD-Service-Spezialist,-10.132379,4.156366
4qiq,757,2.9801849405548215,6.317040951122854,0.007926023778071334,0.9062087186261559,0.8678996036988111,381.44038138888885,2482.3048713904795,0.0488771466314399,0.013210039630118891,0.002642007926023778,0,HD-Service-Spezialist,-5.7735944,1.2540237
4qkk,147,4.380952380952381,4.122448979591836,0.09523809523809523,0.9387755102040817,0.8503401360544217,145.75583333333333,1005.966897789846,0.0,0.0,0.0,0,HD-Service-Spezialist,-3.8056881,0.9590045
4qko,203,3.8916256157635467,5.945812807881773,0.024630541871921183,1.0,0.916256157635468,115.13879777777778,674.602916722767,0.0,0.0,0.0,0,HD-Service-Spezialist,-4.845242,0.12695897
4qkp,306,3.6601307189542482,11.009803921568627,0.0392156862745098,0.8856209150326797,0.6339869281045751,145.48805555555555,574.2939526528287,0.0196078431372549,0.00980392156862745,0.10457516339869281,0,HD-Service-Spezialist,-5.368782,3.4127014
4qkr,387,3.3617571059431524,4.992248062015504,0.06201550387596899,0.813953488372093,0.8062015503875969,350.61611111111114,1138.2054492084692,0.15762273901808785,0.002583979328165375,0.0,0,HD-Service-Spezialist,-6.0998697,2.4628277
4qks,56,2.1607142857142856,3.6607142857142856,0.017857142857142856,1.0,0.8214285714285714,157.61125,433.3788581606089,0.0,0.017857142857142856,0.0,0,HD-Service-Spezialist,-2.8048763,-0.23264991
4qoh,653,3.2343032159264933,5.04594180704441,0.018376722817764167,0.9831546707503829,0.885145482388974,121.93805555555555,466.0046705565436,0.08728943338437979,0.004594180704441042,0.0,0,HD-Service-Spezialist,-4.925795,0.28466713
4qok,11,2.8181818181818183,0.36363636363636365,0.0,0.0,1.0,13228.371944444445,1793.2406149411345,0.0,0.0,0.0,0,HD-Service-Spezialist,-10.48836,4.231111
4qop,12,1.5833333333333333,1.3333333333333333,0.0,1.0,0.8333333333333334,8282.56125,7930.442071766286,0.0,0.0,0.0,0,HD-Service-Spezialist,-1.8864491,-0.24389188
4qpl,16,2.125,5.8125,0.0,0.9375,0.625,125.3944176388889,3105.234939746641,0.0,0.0,0.0,0,HD-Service-Spezialist,-2.0520856,0.31145263
4qqo,23,2.9565217391304346,3.1739130434782608,0.0,0.9130434782608695,0.782608695652174,1153.4298975,4070.149859671568,0.0,0.0,0.0,0,HD-Service-Spezialist,-1.970169,0.3758828
4qqr,656,3.3780487804878048,6.625,0.012195121951219513,0.9451219512195121,0.9009146341463414,296.2084151388888,1877.5755902528435,0.06859756097560976,0.006097560975609756,0.004573170731707317,0,HD-Service-Spezialist,-5.6073055,1.0515099
4qrh,289,4.294117647058823,11.40484429065744,0.0726643598615917,0.698961937716263,0.47750865051903113,228.12104305555556,2438.116902367431,0.07958477508650519,0.03806228373702422,0.1453287197231834,0,HD-Service-Spezialist,-6.3676457,3.617969
4qsh,1009,2.2834489593657086,5.3201189296333,0.015857284440039643,0.9018830525272548,0.38255698711595637,30.3275,770.6989760598035,0.03964321110009911,0.0019821605550049554,0.12983151635282458,0,HD-Service-Spezialist,-5.508289,3.8462222
4qsk,997,3.0712136409227684,6.228686058174524,0.033099297893681046,0.7953861584754263,0.46940822467402205,163.3613288888889,1835.221888692376,0.10932798395185557,0.004012036108324975,0.07522567703109329,0,HD-Service-Spezialist,-6.31857,3.3975363
4qsl,385,3.137662337662338,6.189610389610389,0.03636363636363636,0.8727272727272727,0.522077922077922,362.76381555555554,1709.4031085844933,0.02077922077922078,0.0,0.06493506493506493,0,HD-Service-Spezialist,-5.7389517,2.89554
4qsp,30,3.1,2.9,0.1,0.9333333333333333,0.9666666666666667,839.5077777777777,1169.698238062303,0.0,0.0,0.0,0,HD-Service-Spezialist,-3.673018,0.8337433
4qsr,528,3.558712121212121,6.445075757575758,0.05303030303030303,0.8882575757575758,0.5643939393939394,194.44169194444444,1154.0793348078973,0.028409090909090908,0.001893939393939394,0.09090909090909091,0,HD-Service-Spezialist,-5.482288,3.2505562
4qss,514,3.7431906614785992,5.597276264591439,0.08560311284046693,0.9396887159533074,0.5642023346303502,158.58639083333333,879.7851768842395,0.007782101167315175,0.0,0.042801556420233464,0,HD-Service-Spezialist,-3.9542904,1.1492627
4rgh,388,2.4922680412371134,4.582474226804123,0.030927835051546393,0.8814432989690721,0.5283505154639175,192.74875,1920.2793262511366,0.01288659793814433,0.0,0.01804123711340206,0,HD-Service-Spezialist,-5.791948,2.3244443
4rhh,39,3.4615384615384617,3.5641025641025643,0.02564102564102564,0.9230769230769231,0.6923076923076923,164.01638888888888,401.60005057769996,0.02564102564102564,0.0,0.0,0,HD-Service-Spezialist,-3.4120474,0.21202606
4rhp,378,3.0714285714285716,6.35978835978836,0.021164021164021163,0.9444444444444444,0.8042328042328042,121.95847875,1555.5173680123664,0.16137566137566137,0.007936507936507936,0.005291005291005291,0,HD-Service-Spezialist,-5.272704,1.0069005
4ris,738,2.772357723577236,7.017615176151762,0.012195121951219513,0.9417344173441734,0.4024390243902439,142.96014291666665,1316.200628482456,0.10298102981029811,0.012195121951219513,0.05013550135501355,0,HD-Service-Spezialist,-5.0657687,2.2551427
4rkg,415,4.937349397590362,9.156626506024097,0.016867469879518072,0.8722891566265061,0.4457831325301205,191.94194027777777,1074.8277292211365,0.08674698795180723,0.0,0.18072289156626506,0,HD-Service-Spezialist,-5.3805275,3.761259
4rli,336,3.732142857142857,7.875,0.03273809523809524,0.7797619047619048,0.45535714285714285,194.3850938888889,1279.2730108445035,0.050595238095238096,0.0,0.11607142857142858,0,HD-Service-Spezialist,-6.124438,3.5086923
4rlo,44,1.7727272727272727,2.9318181818181817,0.0,0.9545454545454546,0.5909090909090909,22.973107638888887,1947.347649741999,0.022727272727272728,0.0,0.0,0,HD-Service-Spezialist,-2.2385566,0.2785767
4rog,43,3.2093023255813953,8.046511627906977,0.046511627906976744,0.7906976744186046,0.7674418604651163,723.4202777777778,1350.2422593879576,0.0,0.0,0.0,0,HD-Service-Spezialist,-6.4241962,2.6277473
4roi,24,2.375,3.7083333333333335,0.041666666666666664,0.9166666666666666,0.6666666666666666,114.85803319444443,838.5519127082132,0.0,0.0,0.0,0,HD-Service-Spezialist,-3.1285222,0.49199873
4rol,110,2.4545454545454546,3.2181818181818183,0.03636363636363636,0.9818181818181818,0.5181818181818182,743.6822222222222,943.498581178272,0.0,0.00909090909090909,0.0,0,HD-Service-Spezialist,-2.8676524,0.096069105
4roo,467,3.233404710920771,6.419700214132762,0.017130620985010708,0.9571734475374732,0.7687366167023555,146.9452777777778,1036.540805187447,0.006423982869379015,0.0,0.0,0,HD-Service-Spezialist,-5.210381,0.36126277
4ror,108,3.4166666666666665,3.9537037037037037,0.05555555555555555,0.9722222222222222,0.5740740740740741,177.00444444444443,638.5096681284932,0.037037037037037035,0.0,0.0,0,HD-Service-Spezialist,-3.5782492,0.3510774
4rpg,773,3.1384217335058215,6.567917205692108,0.04139715394566624,0.8861578266494179,0.6998706338939198,244.29916666666668,1503.0960664496918,0.0,0.0,0.028460543337645538,0,HD-Service-Spezialist,-5.72995,2.3757856
4rqs,624,3.5,10.95673076923077,0.008012820512820512,0.9262820512820513,0.6586538461538461,167.05746430555556,2242.7581833081827,0.0673076923076923,0.01282051282051282,0.016025641025641024,0,HD-Service-Spezialist,-5.688525,1.3352476
4rrl,114,3.043859649122807,5.7894736842105265,0.05263157894736842,0.9122807017543859,0.4473684210526316,226.27679277777776,609.2901334534339,0.0,0.0,0.03508771929824561,0,HD-Service-Spezialist,-3.885111,1.4429266
4rsl,167,3.712574850299401,4.508982035928144,0.0,0.9880239520958084,0.8502994011976048,71.03794472222222,238.505541942593,0.0,0.0,0.0,0,HD-Service-Spezialist,-4.7737927,0.073929496
4sgg,711,4.236286919831223,10.258790436005626,0.03938115330520394,0.9142053445850914,0.1631504922644163,187.80466888888887,1725.043541496265,0.4571026722925457,0.0028129395218002813,0.10548523206751055,0,HD-Service-Spezialist,-4.2902026,3.5054517
4sgr,610,3.6295081967213116,8.3,0.022950819672131147,0.9311475409836065,0.10655737704918032,279.50805555555553,1437.856458122213,0.2934426229508197,0.00819672131147541,0.040983606557377046,0,HD-Service-Spezialist,-4.474066,3.0837152
4sgs,712,4.310393258426966,9.849719101123595,0.019662921348314606,0.9353932584269663,0.1601123595505618,216.37068861111112,811.3007238785049,0.20646067415730338,0.0,0.03651685393258427,0,HD-Service-Spezialist,-4.731847,3.0663328
4shl,397,2.9672544080604535,5.831234256926952,0.030226700251889168,0.9798488664987406,0.853904282115869,19.942222222222224,419.47645128414933,0.24937027707808565,0.012594458438287154,0.05037783375314862,0,HD-Service-Spezialist,-4.896612,0.8836218
4sig,645,1.9844961240310077,3.10077519379845,0.0,0.9255813953488372,0.9674418604651163,0.05063638888888889,171.93368344687119,0.03255813953488372,0.004651162790697674,0.12868217054263567,0,HD-Service-Spezialist,0.70850265,7.2718453
4sih,415,2.5180722891566263,6.669879518072289,0.03855421686746988,0.9614457831325302,0.8,140.98583333333335,628.6293131569362,0.20481927710843373,0.007228915662650603,0.033734939759036145,0,HD-Service-Spezialist,-4.782217,0.9852411
4sii,653,3.134762633996937,7.996937212863706,0.05206738131699847,0.9035222052067381,0.24655436447166923,4.403611111111111,882.4662076584286,0.4012251148545176,0.016845329249617153,0.04747320061255743,0,HD-Service-Spezialist,-3.4861627,3.4641647
4sil,205,2.0097560975609756,7.014634146341463,0.024390243902439025,0.8926829268292683,0.25365853658536586,218.67944444444444,1363.6123544250386,0.3170731707317073,0.004878048780487805,0.08292682926829269,0,HD-Service-Spezialist,-4.272262,3.4493017
4sio,429,2.237762237762238,6.417249417249417,0.02097902097902098,0.7878787878787878,0.40792540792540793,161.06527833333334,3002.052109905242,0.1888111888111888,0.016317016317016316,0.0979020979020979,0,HD-Service-Spezialist,-6.4331627,3.4257185
4sip,172,2.4069767441860463,4.773255813953488,0.040697674418604654,0.936046511627907,0.7209302325581395,0.0773675,313.3915500356875,0.0755813953488372,0.03488372093023256,0.12790697674418605,0,HD-Service-Spezialist,0.21095899,7.613909
4skh,10,1.8,5.4,0.0,1.0,0.0,33.98898,229.8075160394628,0.2,0.0,0.3,0,HD-Service-Spezialist,-0.17133968,6.5709853
4skk,60,2.433333333333333,12.016666666666667,0.016666666666666666,0.7833333333333333,0.31666666666666665,584.833543888889,2228.5824728076072,0.06666666666666667,0.0,0.05,0,HD-Service-Spezialist,-6.6201916,3.178169
4skl,84,1.7023809523809523,3.7857142857142856,0.0,0.9285714285714286,0.35714285714285715,134.34347222222223,755.6909213411858,0.08333333333333333,0.047619047619047616,0.38095238095238093,0,HD-Service-Spezialist,-0.24048346,6.709323
4skr,191,4.230366492146596,17.230366492146597,0.041884816753926704,0.900523560209424,0.15706806282722513,266.12111111111113,1965.1394159649606,0.13612565445026178,0.031413612565445025,0.020942408376963352,0,HD-Service-Spezialist,-4.9069333,2.4845638
4sks,520,2.875,6.601923076923077,0.06346153846153846,0.8903846153846153,0.14423076923076922,48.27319444444444,1576.4361627458218,0.4,0.009615384615384616,0.08653846153846154,0,HD-Service-Spezialist,-3.7845647,3.660521
4slh,194,3.0618556701030926,6.603092783505154,0.07216494845360824,0.9432989690721649,0.15979381443298968,190.97361666666666,1622.8553553143317,0.33505154639175255,0.015463917525773196,0.10824742268041238,0,HD-Service-Spezialist,-3.938445,3.808252
4sli,238,2.865546218487395,7.718487394957983,0.06302521008403361,0.9495798319327731,0.10504201680672269,29.20844472222222,1182.8853787026198,0.3697478991596639,0.012605042016806723,0.046218487394957986,0,HD-Service-Spezialist,-3.3977923,3.33157
4sog,459,1.973856209150327,3.1938997821350763,0.0,0.8867102396514162,0.9738562091503268,0.055419444444444445,864.8273494704367,0.04357298474945534,0.006535947712418301,0.16339869281045752,0,HD-Service-Spezialist,0.44362697,6.9601264
4soo,19,1.368421052631579,5.894736842105263,0.05263157894736842,0.7894736842105263,0.42105263157894735,17.703268055555554,3070.071035165587,0.2631578947368421,0.0,0.10526315789473684,0,HD-Service-Spezialist,-6.420945,2.9993007
4sop,11,3.272727272727273,4.909090909090909,0.09090909090909091,0.5454545454545454,0.8181818181818182,66.96083333333333,169.06038450075607,0.45454545454545453,0.2727272727272727,0.0,1,Problemlöser,-10.748506,5.9249697
4soq,47,1.3829787234042554,8.127659574468085,0.02127659574468085,0.8936170212765957,0.2553191489361702,170.3636111111111,1285.461576233949,0.23404255319148937,0.0,0.19148936170212766,0,HD-Service-Spezialist,-4.4902177,4.137133
4ssh,111,2.081081081081081,8.36936936936937,0.02702702702702703,0.8468468468468469,0.13513513513513514,335.86833333333334,1165.3883064260726,0.36936936936936937,0.0,0.0990990990990991,0,HD-Service-Spezialist,-4.405866,3.4129078
4z8d4aa.c3,212,1.0896226415094339,0.8160377358490566,0.0047169811320754715,0.9292452830188679,0.018867924528301886,0.07861111111111112,14.505156028555945,0.20754716981132076,0.0,0.03773584905660377,0,HD-Service-Spezialist,1.4075078,10.608407
_2hhpqg,120,4.25,7.908333333333333,0.03333333333333333,0.9666666666666667,0.5416666666666666,186.0175,753.3687602263195,0.08333333333333333,0.0,0.0,0,HD-Service-Spezialist,-4.5428743,0.11243272
av43.jd4aa.c3,136,1.0220588235294117,0.7279411764705882,0.0,0.7647058823529411,0.029411764705882353,0.08202749999999999,40.79698914000224,0.04411764705882353,0.007352941176470588,0.0661764705882353,0,HD-Service-Spezialist,1.0168494,10.622258
d8e1n8vv8d4aa.c3,44,1.0454545454545454,0.8181818181818182,0.0,0.8409090909090909,0.022727272727272728,0.06697208333333332,397.51425031764376,0.22727272727272727,0.0,0.022727272727272728,0,HD-Service-Spezialist,0.7611879,9.048827
nzvz,11,2.3636363636363638,2.3636363636363638,0.0,1.0,0.8181818181818182,27002.660530833335,10717.91161678093,0.0,0.0,0.0,0,HD-Service-Spezialist,-1.9615812,-0.12414176
t.y10tygr,13,2.3846153846153846,2.076923076923077,0.0,0.9230769230769231,0.46153846153846156,307.49944444444446,324.49307539493446,0.0,0.0,0.0,0,HD-Service-Spezialist,-3.0603118,-0.19316226
t.y40ygh,12,2.6666666666666665,4.833333333333333,0.08333333333333333,1.0,0.5,135.93166666666667,568.2178091046009,0.0,0.0,0.0,0,HD-Service-Spezialist,-3.3384194,0.6233135
t.y8114ygh,16,2.5,2.5,0.1875,0.9375,0.375,75.94,683.899092231011,0.0,0.0,0.0,0,HD-Service-Spezialist,-3.4752903,1.0834821
t.y8zv0ygo,16,2.5625,1.9375,0.0,1.0,0.5,269.8534722222222,493.881095807538,0.0,0.0,0.0,0,HD-Service-Spezialist,-2.8361127,-0.25439847
t.yt_9ygh,18,2.888888888888889,1.8888888888888888,0.05555555555555555,0.9444444444444444,0.3333333333333333,11.501805555555556,586.3791992759298,0.0,0.0,0.0,0,HD-Service-Spezialist,-3.2386801,0.45759866
t.yzt_0ygh,22,2.909090909090909,2.1363636363636362,0.09090909090909091,0.9545454545454546,0.6363636363636364,561.2248611111111,543.9998243787359,0.0,0.0,0.0,0,HD-Service-Spezialist,-3.434411,0.7759007
u6yx0uygo,10,5.5,9.3,0.1,0.9,0.8,1274.00625,832.2544029621553,0.0,0.0,0.0,0,HD-Service-Spezialist,-3.8345854,1.0937798
w.nzwwz2ycz6dn28n,14,1.2857142857142858,1.5,0.0,0.9285714285714286,0.07142857142857142,0.08861111111111111,108.52579157606596,0.2857142857142857,0.07142857142857142,0.14285714285714285,0,HD-Service-Spezialist,-0.08000682,7.8004775
wzcdd4aa,186,1.1290322580645162,0.9247311827956989,0.0,0.956989247311828,0.03225806451612903,0.10456986111111112,56.734996550688585,0.05913978494623656,0.0,0.05913978494623656,0,HD-Service-Spezialist,1.1445082,10.558232
x8azvjn2,144,1.1597222222222223,1.1527777777777777,0.006944444444444444,0.8888888888888888,0.013888888888888888,0.08819,582.7308591553275,0.1736111111111111,0.041666666666666664,0.027777777777777776,0,HD-Service-Spezialist,0.2991217,7.999283
z2w_x,43,1.2093023255813953,0.9534883720930233,0.0,0.9767441860465116,0.5813953488372093,7198.700833333333,6753.040762926783,0.046511627906976744,0.0,0.0,0,HD-Service-Spezialist,-1.8770322,-0.06504695
