contributors,turn_no,spent hours,steps,comments count,spent_hours,steps_count,comments_count,priority_numeric,type_Deployment,type_HD Service,type_Ticket,is_multi_assignee,is_first_turn,assignee_avg_time,assignee_std_time,assignee_ticket_count,Q1,Q2,Q3
1.0,1,3402.456,2,49,3402.456,2,49,3.0,False,False,True,0,1,5397352.5660992125,27050800.786307212,635.0,5,5,5
1.0,1,170.342,3,4,170.342,3,4,2.0,False,False,True,0,1,2788381.283018868,4167715.712156413,53.0,3,4,4
3.0,1,0.074,2,3,0.074,2,3,2.0,False,False,True,1,1,418.1949152542373,1167.124739516328,236.0,5,5,5
2.0,2,3509.266,2,21,3509.266,2,21,2.0,False,False,False,0,0,4265394.095000001,7171440.034599247,252.0,1,1,1
2.0,3,5178.264,3,19,5178.264,3,19,2.0,False,False,False,0,0,4631770.52397561,6749105.462847355,246.0,1,1,1
6.0,1,0.078,2,3,0.078,2,3,2.0,False,False,True,1,1,77146.38095238095,864191.0503552357,609.0,5,5,5
2.0,2,3508.488,2,18,3508.488,2,18,2.0,False,False,False,0,0,4265394.095000001,7171440.034599247,252.0,1,1,1
2.0,3,3865.889,1,21,3865.889,1,21,2.0,False,False,False,0,0,4631770.52397561,6749105.462847355,246.0,1,1,1
2.0,4,501.446,1,0,501.446,1,0,2.0,False,False,False,0,0,1805206.0,2378396.551958426,1.0,1,1,1
2.0,5,0.093,1,0,0.093,1,0,2.0,False,False,False,0,0,4042849.693069307,5780238.039211811,101.0,1,1,1
2.0,6,0.056,1,0,0.056,1,0,2.0,False,False,False,0,0,6000.824675324675,57641.53925172012,462.0,5,5,5
2.0,7,2163.177,3,3,2163.177,3,3,2.0,False,False,False,0,0,4042849.693069307,5780238.039211811,101.0,5,5,5
2.0,1,0.071,2,4,0.071,2,4,2.0,False,False,True,1,1,181776.0231213873,951529.1255934831,519.0,5,5,5
2.0,2,22.608,2,2,22.608,2,2,2.0,False,False,False,0,0,1200108.6080872894,3176878.347570343,653.0,2,2,3
4.0,1,0.023,2,2,0.023,2,2,2.0,False,False,True,1,1,77146.38095238095,864191.0503552357,609.0,5,5,5
2.0,2,0.101,1,0,0.101,1,0,2.0,False,False,False,0,0,1749279.3072283238,5620393.6145461155,346.0,1,1,1
2.0,3,0.64,1,0,0.64,1,0,2.0,False,False,False,0,0,77146.38095238095,864191.0503552357,609.0,5,5,5
2.0,4,0.013,1,0,0.013,1,0,2.0,False,False,False,0,0,181776.0231213873,951529.1255934831,519.0,5,5,5
2.0,5,0.409,1,3,0.409,1,3,2.0,False,False,False,0,0,1102781.6158659793,2948786.960727601,388.0,2,2,3
2.0,1,0.076,2,3,0.076,2,3,3.0,False,False,True,1,1,418.1949152542373,1167.124739516328,236.0,5,5,5
2.0,2,3789.245,6,49,3789.245,6,49,2.0,False,False,False,0,0,2055929.7234933334,4955863.466154136,1350.0,2,1,4
1.0,1,2233.083,8,30,2233.083,8,30,3.0,False,False,True,0,1,3270264.5627550078,9913637.78341817,649.0,4,3,5
2.0,1,0.04,2,3,0.04,2,3,2.0,False,False,True,1,1,181776.0231213873,951529.1255934831,519.0,5,5,5
2.0,2,7691.157,3,95,7691.157,3,95,2.0,False,False,False,0,0,3089457.3393421927,5676505.677290197,301.0,3,3,3
2.0,1,0.051,2,3,0.051,2,3,2.0,False,False,True,1,1,181776.0231213873,951529.1255934831,519.0,5,5,5
2.0,2,1722.546,10,48,1722.546,10,48,2.0,False,False,False,0,0,1200108.6080872894,3176878.347570343,653.0,4,3,5
2.0,1,0.06,2,3,0.06,2,3,2.0,False,False,True,1,1,418.1949152542373,1167.124739516328,236.0,5,5,5
2.0,2,1007.815,3,18,1007.815,3,18,2.0,False,False,False,0,0,4631770.52397561,6749105.462847355,246.0,4,4,5
3.0,1,0.148,2,3,0.148,2,3,2.0,False,False,True,1,1,75481.19668637276,2051625.4592604141,998.0,5,5,5
2.0,2,0.695,2,2,0.695,2,2,2.0,False,False,False,0,0,3089457.3393421927,5676505.677290197,301.0,4,4,4
2.0,3,1482.557,2,14,1482.557,2,14,2.0,False,False,False,0,0,4631770.52397561,6749105.462847355,246.0,3,3,3
2.0,1,0.148,2,3,0.148,2,3,3.0,False,False,True,1,1,75481.19668637276,2051625.4592604141,998.0,5,5,5
2.0,2,0.167,1,1,0.167,1,1,2.0,False,False,False,0,0,3089457.3393421927,5676505.677290197,301.0,4,4,4
1.0,1,1342.388,3,11,1342.388,3,11,2.0,False,False,True,0,1,1403065.7324055557,3415493.522832649,180.0,4,4,4
2.0,1,0.065,2,3,0.065,2,3,3.0,False,False,True,1,1,181776.0231213873,951529.1255934831,519.0,5,5,5
2.0,2,2997.455,2,23,2997.455,2,23,2.0,False,False,False,0,0,1769977.9826086957,3389821.301189889,575.0,1,1,1
2.0,1,0.676,1,4,0.676,1,4,2.0,False,False,True,1,1,77146.38095238095,864191.0503552357,609.0,5,5,5
2.0,2,2715.66,4,16,2715.66,4,16,2.0,False,False,False,0,0,3340392.6551724137,4885909.6823994685,29.0,5,5,5
1.0,1,166.229,2,18,166.229,2,18,3.0,False,False,True,0,1,681715.5566347608,1510115.2246229376,397.0,5,5,5
2.0,1,0.226,2,3,0.226,2,3,3.0,False,False,True,1,1,529.9448529411765,2892.0225128203547,272.0,5,5,5
2.0,2,6681.004,3,10,6681.004,3,10,2.0,False,False,False,0,0,1701415.4931283332,4405303.844766605,1800.0,3,3,3
2.0,1,0.148,2,3,0.148,2,3,2.0,False,False,True,1,1,418.1949152542373,1167.124739516328,236.0,5,5,5
2.0,2,46.086,1,8,46.086,1,8,2.0,False,False,False,0,0,2697674.162902439,4909004.4759301385,205.0,4,4,4
2.0,1,0.053,3,3,0.053,3,3,3.0,False,False,True,1,1,77146.38095238095,864191.0503552357,609.0,5,5,5
2.0,2,1363.488,3,23,1363.488,3,23,2.0,False,False,False,0,0,3089457.3393421927,5676505.677290197,301.0,5,5,5
1.0,1,0.864,2,4,0.864,2,4,2.0,False,False,True,0,1,961751.0022276706,3334253.6417868724,1142.0,5,5,5
2.0,1,0.151,2,3,0.151,2,3,3.0,False,False,True,1,1,157075.42811840796,2053336.14494926,1005.0,5,5,5
2.0,2,3.811,3,4,3.811,3,4,2.0,False,False,False,0,0,506610.1225382932,2207089.2421300984,457.0,5,5,5
2.0,1,0.076,1,3,0.076,1,3,2.0,False,False,True,1,1,123088.74625259066,2266407.3442124343,772.0,5,5,5
2.0,2,2066.698,3,51,2066.698,3,51,2.0,False,False,False,0,0,1701415.4931283332,4405303.844766605,1800.0,2,2,2
3.0,1,0.017,2,2,0.017,2,2,3.0,False,False,True,1,1,157075.42811840796,2053336.14494926,1005.0,5,5,5
2.0,2,0.023,1,2,0.023,1,2,2.0,False,False,False,0,0,77146.38095238095,864191.0503552357,609.0,5,5,5
2.0,3,1.022,2,3,1.022,2,3,2.0,False,False,False,0,0,1200108.6080872894,3176878.347570343,653.0,5,5,5
2.0,1,0.182,2,3,0.182,2,3,3.0,False,False,True,1,1,157075.42811840796,2053336.14494926,1005.0,5,5,5
2.0,2,2517.578,3,18,2517.578,3,18,2.0,False,False,False,0,0,4265394.095000001,7171440.034599247,252.0,4,4,4
2.0,1,0.086,2,4,0.086,2,4,2.0,False,False,True,1,1,181776.0231213873,951529.1255934831,519.0,5,5,5
2.0,2,0.744,3,2,0.744,3,2,2.0,False,False,False,0,0,1200108.6080872894,3176878.347570343,653.0,5,5,5
1.0,1,3526.964,8,45,3526.964,8,45,3.0,False,False,True,0,1,1368462.4483067228,4258387.363329431,238.0,4,4,4
2.0,1,0.094,2,3,0.094,2,3,2.0,False,False,True,1,1,418.1949152542373,1167.124739516328,236.0,5,5,5
2.0,2,6.674,2,2,6.674,2,2,2.0,False,False,False,0,0,1200108.6080872894,3176878.347570343,653.0,5,5,5
1.0,1,0.888,4,5,0.888,4,5,2.0,False,False,True,0,1,1168853.3909594882,6278096.635109728,469.0,5,5,5
2.0,1,0.061,2,3,0.061,2,3,2.0,False,False,True,1,1,418.1949152542373,1167.124739516328,236.0,5,5,5
2.0,2,127.567,4,5,127.567,4,5,2.0,False,False,False,0,0,1200108.6080872894,3176878.347570343,653.0,5,5,5
2.0,1,0.058,2,3,0.058,2,3,3.0,False,False,True,1,1,418.1949152542373,1167.124739516328,236.0,5,5,5
2.0,2,7847.777,11,192,7847.777,11,192,2.0,False,False,False,0,0,506610.1225382932,2207089.2421300984,457.0,1,1,1
3.0,1,0.011,1,2,0.011,1,2,2.0,False,False,True,1,1,77146.38095238095,864191.0503552357,609.0,5,5,5
2.0,2,0.031,2,2,0.031,2,2,2.0,False,False,False,0,0,418.1949152542373,1167.124739516328,236.0,5,5,5
2.0,3,690.374,2,8,690.374,2,8,2.0,False,False,False,0,0,2710613.113846847,4195397.903133862,111.0,5,5,5
2.0,1,0.058,2,3,0.058,2,3,3.0,False,False,True,1,1,75481.19668637276,2051625.4592604141,998.0,5,5,5
2.0,2,45.327,1,4,45.327,1,4,2.0,False,False,False,0,0,1701415.4931283332,4405303.844766605,1800.0,5,5,5
2.0,1,0.107,2,3,0.107,2,3,2.0,False,False,True,1,1,77146.38095238095,864191.0503552357,609.0,5,5,5
2.0,2,6206.081,3,10,6206.081,3,10,2.0,False,False,False,0,0,1701415.4931283332,4405303.844766605,1800.0,3,3,3
2.0,1,2688.167,3,20,2688.167,3,20,1.0,False,False,True,1,1,4265394.095000001,7171440.034599247,252.0,2,2,2
2.0,2,5178.891,5,3,5178.891,5,3,2.0,False,False,False,0,0,4631770.52397561,6749105.462847355,246.0,2,2,2
2.0,1,2688.015,2,17,2688.015,2,17,1.0,False,False,True,1,1,4265394.095000001,7171440.034599247,252.0,2,2,2
2.0,2,5178.746,5,3,5178.746,5,3,2.0,False,False,False,0,0,4631770.52397561,6749105.462847355,246.0,2,2,2
1.0,1,7866.358,5,12,7866.358,5,12,1.0,False,False,True,0,1,4631770.52397561,6749105.462847355,246.0,2,2,2
2.0,1,0.051,2,3,0.051,2,3,2.0,False,False,True,1,1,75481.19668637276,2051625.4592604141,998.0,5,5,5
2.0,2,4815.721,4,17,4815.721,4,17,2.0,False,False,False,0,0,3200234.0757853403,7074501.897473858,191.0,4,4,4
2.0,1,0.131,1,3,0.131,1,3,2.0,False,False,True,1,1,4265394.095000001,7171440.034599247,252.0,1,1,1
2.0,2,4825.145,3,6,4825.145,3,6,2.0,False,False,False,0,0,4631770.52397561,6749105.462847355,246.0,1,1,1
1.0,1,55.602,2,9,55.602,2,9,2.0,False,False,True,0,1,681715.5566347608,1510115.2246229376,397.0,5,5,5
2.0,1,0.061,2,3,0.061,2,3,3.0,False,False,True,1,1,77146.38095238095,864191.0503552357,609.0,5,5,5
2.0,2,2932.219,3,27,2932.219,3,27,2.0,False,False,False,0,0,4042849.693069307,5780238.039211811,101.0,5,5,5
3.0,1,0.047,2,4,0.047,2,4,2.0,False,False,True,1,1,77146.38095238095,864191.0503552357,609.0,5,5,5
2.0,2,22.461,2,8,22.461,2,8,2.0,False,False,False,0,0,4265394.095000001,7171440.034599247,252.0,4,4,4
2.0,3,4227.456,2,1,4227.456,2,1,2.0,False,False,False,0,0,1749279.3072283238,5620393.6145461155,346.0,4,4,4
2.0,1,0.228,2,3,0.228,2,3,2.0,False,False,True,1,1,77146.38095238095,864191.0503552357,609.0,5,5,5
2.0,2,1724.779,3,52,1724.779,3,52,2.0,False,False,False,0,0,3089457.3393421927,5676505.677290197,301.0,4,4,4
2.0,1,0.038,2,3,0.038,2,3,3.0,False,False,True,1,1,77146.38095238095,864191.0503552357,609.0,5,5,5
2.0,2,668.692,2,12,668.692,2,12,2.0,False,False,False,0,0,1769977.9826086957,3389821.301189889,575.0,3,3,3
3.0,1,0.1,2,3,0.1,2,3,3.0,False,False,True,1,1,77146.38095238095,864191.0503552357,609.0,5,5,5
2.0,2,0.214,2,2,0.214,2,2,2.0,False,False,False,0,0,4265394.095000001,7171440.034599247,252.0,3,3,3
2.0,3,847.032,2,6,847.032,2,6,2.0,False,False,False,0,0,4631770.52397561,6749105.462847355,246.0,3,2,3
2.0,1,0.085,2,3,0.085,2,3,3.0,False,False,True,1,1,77146.38095238095,864191.0503552357,609.0,5,5,5
2.0,2,190.062,8,8,190.062,8,8,2.0,False,False,False,0,0,506610.1225382932,2207089.2421300984,457.0,2,2,2
1.0,1,43.8,3,4,43.8,3,4,2.0,False,False,True,0,1,2862048.5553436694,4097539.6171504892,387.0,5,5,5
2.0,1,1.068,1,2,1.068,1,2,2.0,False,False,True,1,1,2949789.848037657,6845123.40029322,956.0,5,5,5
2.0,2,167.903,2,2,167.903,2,2,2.0,False,False,False,0,0,3397695.5910344827,6392585.039068484,116.0,5,5,5
2.0,1,0.368,2,4,0.368,2,4,3.0,False,False,True,1,1,123088.74625259066,2266407.3442124343,772.0,5,5,5
2.0,2,21.689,3,1,21.689,3,1,2.0,False,False,False,0,0,3089457.3393421927,5676505.677290197,301.0,5,5,5
2.0,1,0.245,2,3,0.245,2,3,2.0,False,False,True,1,1,71406.78703875968,2033941.6206297665,1032.0,5,5,5
2.0,2,2331.618,4,49,2331.618,4,49,2.0,False,False,False,0,0,2567411.037348044,6606798.799292554,997.0,4,4,4
2.0,1,0.019,2,3,0.019,2,3,3.0,False,False,True,1,1,71406.78703875968,2033941.6206297665,1032.0,5,5,5
2.0,2,5848.792,3,2,5848.792,3,2,2.0,False,False,False,0,0,1701415.4931283332,4405303.844766605,1800.0,1,1,1
1.0,1,7008.848,8,22,7008.848,8,22,2.0,False,False,True,0,1,2862048.5553436694,4097539.6171504892,387.0,4,4,3
1.0,1,4029.686,7,52,4029.686,7,52,2.0,False,False,True,0,1,681715.5566347608,1510115.2246229376,397.0,2,2,2
2.0,1,0.063,2,4,0.063,2,4,3.0,False,False,True,1,1,75481.19668637276,2051625.4592604141,998.0,5,5,5
2.0,2,191.83,2,7,191.83,2,7,2.0,False,False,False,0,0,1769977.9826086957,3389821.301189889,575.0,5,5,5
2.0,1,0.124,2,2,0.124,2,2,3.0,False,False,True,1,1,181776.0231213873,951529.1255934831,519.0,5,5,5
2.0,2,5707.129,3,4,5707.129,3,4,2.0,False,False,False,0,0,1701415.4931283332,4405303.844766605,1800.0,4,4,4
1.0,1,5706.887,4,4,5706.887,4,4,2.0,False,False,True,0,1,1701415.4931283332,4405303.844766605,1800.0,1,1,1
2.0,1,0.041,2,3,0.041,2,3,2.0,False,False,True,1,1,181776.0231213873,951529.1255934831,519.0,5,5,5
2.0,2,5706.79,3,10,5706.79,3,10,2.0,False,False,False,0,0,1701415.4931283332,4405303.844766605,1800.0,1,1,1
1.0,1,42.133,4,6,42.133,4,6,2.0,False,False,True,0,1,961751.0022276706,2378396.551958426,457.0,5,5,5
1.0,1,401.609,3,3,401.609,3,3,2.0,False,True,False,0,1,961751.0022276706,2378396.551958426,457.0,5,5,5
1.0,1,3785.073,1,4,3785.073,1,4,2.0,False,False,True,0,1,4840198.580540793,10807387.595658872,429.0,5,5,5
2.0,1,500.191,1,2,500.191,1,2,2.0,False,False,True,1,1,1701415.4931283332,4405303.844766605,1800.0,1,1,1
2.0,2,695.48,1,2,695.48,1,2,2.0,False,False,False,0,0,5580210.2,11129863.284520825,5.0,5,5,5
2.0,3,0.002,1,0,0.002,1,0,2.0,False,False,False,0,0,1701415.4931283332,4405303.844766605,1800.0,1,1,1
2.0,4,7054.246,2,2,7054.246,2,2,2.0,False,False,False,0,0,5580210.2,11129863.284520825,5.0,5,5,5
1.0,1,66.081,3,3,66.081,3,3,3.0,False,False,True,0,1,2209941.0244161137,6655198.917318944,1055.0,5,5,5
2.0,1,0.058,2,3,0.058,2,3,2.0,False,False,True,1,1,181776.0231213873,951529.1255934831,519.0,5,5,5
2.0,2,7920.4,3,85,7920.4,3,85,2.0,False,False,False,0,0,4631770.52397561,6749105.462847355,246.0,1,1,1
1.0,1,149.997,3,8,149.997,3,8,2.0,False,False,True,0,1,2567411.037348044,6606798.799292554,997.0,5,5,5
2.0,1,0.073,2,3,0.073,2,3,3.0,False,False,True,1,1,181776.0231213873,951529.1255934831,519.0,5,5,5
2.0,2,4009.222,2,25,4009.222,2,25,2.0,False,False,False,0,0,4840198.580540793,10807387.595658872,429.0,3,3,3
3.0,1,0.043,2,3,0.043,2,3,3.0,False,False,True,1,1,181776.0231213873,951529.1255934831,519.0,5,5,5
2.0,2,2348.37,4,47,2348.37,4,47,2.0,False,False,False,0,0,2055929.7234933334,4955863.466154136,1350.0,3,3,3
2.0,3,148.068,2,7,148.068,2,7,2.0,False,False,False,0,0,506610.1225382932,2207089.2421300984,457.0,3,3,3
1.0,1,1174.797,3,9,1174.797,3,9,2.0,False,False,True,0,1,6111478.770560846,9120995.893722203,189.0,3,3,3
1.0,1,2276.856,3,11,2276.856,3,11,2.0,False,False,True,0,1,961751.0022276706,2378396.551958426,457.0,5,5,5
3.0,1,0.08,2,3,0.08,2,3,3.0,False,False,True,1,1,77146.38095238095,864191.0503552357,609.0,5,5,5
2.0,2,1270.425,4,55,1270.425,4,55,2.0,False,False,False,0,0,1200108.6080872894,3176878.347570343,653.0,3,3,3
2.0,3,958.351,2,17,958.351,2,17,2.0,False,False,False,0,0,2055929.7234933334,4955863.466154136,1350.0,3,3,3
1.0,1,1.555,2,3,1.555,2,3,2.0,False,False,True,0,1,961751.0022276706,2378396.551958426,457.0,5,5,5
1.0,1,310.955,2,5,310.955,2,5,2.0,False,True,False,0,1,5397352.5660992125,27050800.786307212,635.0,4,4,4
3.0,1,0.074,2,3,0.074,2,3,2.0,False,False,True,1,1,181776.0231213873,951529.1255934831,519.0,5,5,5
2.0,2,1.732,1,5,1.732,1,5,2.0,False,False,False,0,0,2915248.8505176282,8073929.459909457,624.0,5,5,4
2.0,3,494.833,2,6,494.833,2,6,2.0,False,False,False,0,0,2788381.283018868,4167715.712156413,53.0,5,5,4
4.0,1,0.113,2,3,0.113,2,3,2.0,False,False,True,1,1,15836.95652173913,209684.60255920017,414.0,5,5,5
2.0,2,101.799,2,3,101.799,2,3,2.0,False,False,False,0,0,4265394.095000001,7171440.034599247,252.0,3,3,3
2.0,3,3457.109,1,28,3457.109,1,28,2.0,False,False,False,0,0,4631770.52397561,6749105.462847355,246.0,3,3,3
2.0,4,401.719,2,7,401.719,2,7,2.0,False,False,False,0,0,4042849.693069307,5780238.039211811,101.0,3,3,3
2.0,1,0.014,2,2,0.014,2,2,2.0,False,False,True,1,1,22820.574112734863,351108.59615685383,479.0,5,5,5
2.0,2,4561.03,5,14,4561.03,5,14,2.0,False,False,False,0,0,6111478.770560846,9120995.893722203,189.0,4,4,4
2.0,1,0.045,2,3,0.045,2,3,2.0,False,False,True,1,1,22820.574112734863,351108.59615685383,479.0,5,5,5
2.0,2,3116.621,3,17,3116.621,3,17,2.0,False,False,False,0,0,2057236.6610588236,5913424.869773921,459.0,1,1,1
2.0,1,0.159,1,3,0.159,1,3,2.0,False,False,True,1,1,1518998.7088903848,5675170.185884958,520.0,5,5,5
2.0,2,94.111,2,3,94.111,2,3,2.0,False,False,False,0,0,2706693.0,2292834.2770800074,7.0,4,4,4
2.0,1,0.012,2,2,0.012,2,2,2.0,False,False,True,1,1,181776.0231213873,951529.1255934831,519.0,5,5,5
2.0,2,0.28,1,4,0.28,1,4,2.0,False,False,False,0,0,1701415.4931283332,4405303.844766605,1800.0,4,4,4
1.0,1,595.033,2,5,595.033,2,5,2.0,False,False,True,0,1,5397352.5660992125,27050800.786307212,635.0,5,5,5
1.0,1,75.987,2,6,75.987,2,6,3.0,False,False,True,0,1,5397352.5660992125,27050800.786307212,635.0,5,5,5
2.0,1,0.103,2,3,0.103,2,3,2.0,False,False,True,1,1,15836.95652173913,209684.60255920017,414.0,5,5,5
2.0,2,1028.674,5,36,1028.674,5,36,2.0,False,False,False,0,0,3200234.0757853403,7074501.897473858,191.0,4,4,4
2.0,1,0.194,2,3,0.194,2,3,3.0,False,False,True,1,1,418.1949152542373,1167.124739516328,236.0,5,5,5
2.0,2,2204.83,2,6,2204.83,2,6,2.0,False,False,False,0,0,1701415.4931283332,4405303.844766605,1800.0,2,2,2
3.0,1,0.063,2,3,0.063,2,3,3.0,False,False,True,1,1,15836.95652173913,209684.60255920017,414.0,5,5,5
2.0,2,0.037,1,3,0.037,1,3,2.0,False,False,False,0,0,1769977.9826086957,3389821.301189889,575.0,5,5,5
2.0,3,10.126,1,0,10.126,1,0,2.0,False,False,False,0,0,1701415.4931283332,4405303.844766605,1800.0,3,3,3
2.0,4,3055.238,6,27,3055.238,6,27,2.0,False,False,False,0,0,1769977.9826086957,3389821.301189889,575.0,2,2,2
1.0,1,453.117,2,21,453.117,2,21,3.0,False,False,True,0,1,5397352.5660992125,27050800.786307212,635.0,3,3,3
1.0,1,92.023,3,7,92.023,3,7,3.0,False,False,True,0,1,1518998.7088903848,5675170.185884958,520.0,5,5,5
2.0,1,0.059,1,2,0.059,1,2,2.0,False,False,True,1,1,15836.95652173913,209684.60255920017,414.0,5,5,5
2.0,2,54.406,3,5,54.406,3,5,2.0,False,False,False,0,0,1769977.9826086957,3389821.301189889,575.0,5,5,5
1.0,1,166.869,2,4,166.869,2,4,2.0,False,False,True,0,1,3004353.6023265305,6145218.67178834,98.0,5,5,5
1.0,1,1722.405,7,15,1722.405,7,15,2.0,False,False,True,0,1,3270264.5627550078,9913637.78341817,649.0,3,3,3
1.0,1,480.469,3,8,480.469,3,8,3.0,False,False,True,0,1,2890803.1379310344,5704201.576825189,29.0,4,4,4
1.0,1,4504.588,3,25,4504.588,3,25,2.0,False,False,True,0,1,1403065.7324055557,3415493.522832649,180.0,2,2,2
3.0,1,0.116,2,4,0.116,2,4,3.0,False,False,True,1,1,3425.0075187969924,43351.95401578527,532.0,5,5,5
2.0,3,6744.583,4,15,6744.583,4,15,2.0,False,False,False,0,0,4631770.52397561,6749105.462847355,246.0,3,3,3
2.0,1,0.041,2,3,0.041,2,3,2.0,False,False,True,1,1,22820.574112734863,351108.59615685383,479.0,5,5,5
2.0,2,0.36,2,3,0.36,2,3,2.0,False,False,False,0,0,1200108.6080872894,3176878.347570343,653.0,5,5,5
3.0,1,0.045,2,3,0.045,2,3,2.0,False,False,True,1,1,3425.0075187969924,43351.95401578527,532.0,5,5,5
2.0,2,20.868,1,2,20.868,1,2,2.0,False,False,False,0,0,2057236.6610588236,5913424.869773921,459.0,3,3,3
2.0,3,7227.241,3,26,7227.241,3,26,2.0,False,False,False,0,0,2567411.037348044,6606798.799292554,997.0,4,4,4
4.0,1,0.04,7,3,0.04,7,3,3.0,False,False,True,1,1,15836.95652173913,209684.60255920017,414.0,5,5,5
2.0,2,0.019,1,0,0.019,1,0,2.0,False,False,False,0,0,22820.574112734863,351108.59615685383,479.0,5,5,5
2.0,3,0.041,1,0,0.041,1,0,2.0,False,False,False,0,0,15836.95652173913,209684.60255920017,414.0,5,5,5
2.0,4,1542.439,1,10,1542.439,1,10,2.0,False,False,False,0,0,4265394.095000001,7171440.034599247,252.0,2,2,2
2.0,5,5177.962,5,4,5177.962,5,4,2.0,False,False,False,0,0,4631770.52397561,6749105.462847355,246.0,2,2,2
2.0,1,0.121,2,4,0.121,2,4,3.0,False,False,True,1,1,3425.0075187969924,43351.95401578527,532.0,5,5,5
2.0,2,1365.234,3,24,1365.234,3,24,2.0,False,False,False,0,0,3200234.0757853403,7074501.897473858,191.0,3,3,3
1.0,1,1029.798,2,19,1029.798,2,19,2.0,False,False,True,0,1,5397352.5660992125,27050800.786307212,635.0,5,5,5
2.0,1,0.077,2,3,0.077,2,3,3.0,False,False,True,1,1,22820.574112734863,351108.59615685383,479.0,5,5,5
2.0,2,2808.854,12,30,2808.854,12,30,2.0,False,False,False,0,0,1769977.9826086957,3389821.301189889,575.0,3,3,3
2.0,1,0.057,2,3,0.057,2,3,1.0,False,False,True,1,1,3425.0075187969924,43351.95401578527,532.0,5,5,5
2.0,2,119.173,5,8,119.173,5,8,2.0,False,False,False,0,0,1200108.6080872894,3176878.347570343,653.0,3,3,3
2.0,1,0.036,2,3,0.036,2,3,2.0,False,False,True,1,1,3425.0075187969924,43351.95401578527,532.0,5,5,5
2.0,2,304.376,3,5,304.376,3,5,2.0,False,False,False,0,0,2582587.300521312,5176283.249239967,610.0,5,3,5
1.0,1,50.921,3,6,50.921,3,6,2.0,False,False,True,0,1,3064552.662877608,11070499.399687096,719.0,5,5,5
4.0,1,0.058,2,3,0.058,2,3,2.0,False,False,True,1,1,15836.95652173913,209684.60255920017,414.0,5,5,5
2.0,2,0.061,1,2,0.061,1,2,2.0,False,False,False,0,0,4265394.095000001,7171440.034599247,252.0,5,5,5
2.0,3,2661.703,2,17,2661.703,2,17,2.0,False,False,False,0,0,3089457.3393421927,5676505.677290197,301.0,3,3,2
2.0,4,844.526,2,7,844.526,2,7,2.0,False,False,False,0,0,4631770.52397561,6749105.462847355,246.0,3,3,2
2.0,1,0.069,2,3,0.069,2,3,2.0,False,False,True,1,1,3425.0075187969924,43351.95401578527,532.0,5,5,5
2.0,2,2537.785,2,23,2537.785,2,23,2.0,False,False,False,0,0,1769977.9826086957,3389821.301189889,575.0,2,2,2
2.0,1,0.19,2,3,0.19,2,3,3.0,False,False,True,1,1,15836.95652173913,209684.60255920017,414.0,5,5,5
2.0,2,4032.202,2,27,4032.202,2,27,2.0,False,False,False,0,0,8028897.446153847,8716924.470168976,65.0,4,3,4
2.0,1,0.136,2,3,0.136,2,3,3.0,False,False,True,1,1,3425.0075187969924,43351.95401578527,532.0,5,5,5
2.0,2,2856.12,5,34,2856.12,5,34,2.0,False,False,False,0,0,4042849.693069307,5780238.039211811,101.0,2,2,2
1.0,1,1485.452,1,3,1485.452,1,3,2.0,False,False,True,0,1,961751.0022276706,2378396.551958426,457.0,3,3,3
1.0,1,3725.373,6,21,3725.373,6,21,2.0,False,False,True,0,1,1403065.7324055557,3415493.522832649,180.0,3,3,3
2.0,1,0.034,2,3,0.034,2,3,3.0,False,False,True,1,1,22820.574112734863,351108.59615685383,479.0,5,5,5
2.0,2,2343.058,4,20,2343.058,4,20,2.0,False,False,False,0,0,2749944.8025400843,6210156.749386555,711.0,3,3,3
3.0,1,0.098,2,3,0.098,2,3,3.0,False,False,True,1,1,418.1949152542373,1167.124739516328,236.0,5,5,5
2.0,2,0.838,1,1,0.838,1,1,2.0,False,False,False,0,0,34174.10643564357,313068.2495251087,404.0,5,5,5
2.0,3,0.025,1,0,0.025,1,0,2.0,False,False,False,0,0,2567411.037348044,6606798.799292554,997.0,5,5,5
2.0,4,0.078,1,0,0.078,1,0,2.0,False,False,False,0,0,34174.10643564357,313068.2495251087,404.0,5,5,5
2.0,5,0.106,1,1,0.106,1,1,2.0,False,False,False,0,0,2567411.037348044,6606798.799292554,997.0,5,5,5
2.0,6,0.274,2,2,0.274,2,2,2.0,False,False,False,0,0,34174.10643564357,313068.2495251087,404.0,5,5,5
3.0,1,0.013,2,2,0.013,2,2,3.0,False,False,True,1,1,75481.19668637276,2051625.4592604141,998.0,5,5,5
2.0,2,0.043,1,2,0.043,1,2,2.0,False,False,False,0,0,418.1949152542373,1167.124739516328,236.0,5,5,5
2.0,3,0.021,1,0,0.021,1,0,2.0,False,False,False,0,0,75481.19668637276,2051625.4592604141,998.0,5,5,5
2.0,4,7611.17,7,2,7611.17,7,2,2.0,False,False,False,0,0,2324304.63035567,5842279.279131594,194.0,5,5,5
4.0,1,0.015,2,3,0.015,2,3,3.0,False,False,True,1,1,22820.574112734863,351108.59615685383,479.0,5,5,5
2.0,2,0.062,1,2,0.062,1,2,2.0,False,False,False,0,0,75481.19668637276,2051625.4592604141,998.0,5,5,5
2.0,3,0.133,1,1,0.133,1,1,2.0,False,False,False,0,0,4265394.095000001,7171440.034599247,252.0,5,5,5
2.0,4,7517.346,2,85,7517.346,2,85,2.0,False,False,False,0,0,8028897.446153847,8716924.470168976,65.0,3,3,3
1.0,1,168.53,3,7,168.53,3,7,2.0,False,False,True,0,1,3064552.662877608,11070499.399687096,719.0,5,5,5
3.0,1,0.014,2,2,0.014,2,2,2.0,False,False,True,1,1,418.1949152542373,1167.124739516328,236.0,5,5,5
2.0,2,0.052,1,2,0.052,1,2,2.0,False,False,False,0,0,123088.74625259066,2266407.3442124343,772.0,5,5,5
2.0,3,21.186,3,6,21.186,3,6,2.0,False,False,False,0,0,4042849.693069307,5780238.039211811,101.0,5,5,5
2.0,1,170.081,2,10,170.081,2,10,2.0,False,False,True,1,1,3200234.0757853403,7074501.897473858,191.0,3,3,3
2.0,2,2347.088,3,34,2347.088,3,34,2.0,False,False,False,0,0,2951241.2666666666,6378283.706778183,105.0,3,3,3
2.0,3,3146.149,30,75,3146.149,30,75,2.0,False,False,False,0,0,2951241.2666666666,6378283.706778183,105.0,3,3,3
2.0,1,0.046,2,3,0.046,2,3,2.0,False,False,True,1,1,418.1949152542373,1167.124739516328,236.0,5,5,5
2.0,2,23.569,3,4,23.569,3,4,2.0,False,False,False,0,0,1518998.7088903848,5675170.185884958,520.0,4,4,4
2.0,1,0.072,2,3,0.072,2,3,3.0,False,False,True,1,1,418.1949152542373,1167.124739516328,236.0,5,5,5
2.0,2,841.688,5,10,841.688,5,10,2.0,False,False,False,0,0,2749944.8025400843,6210156.749386555,711.0,3,3,3
1.0,1,0.194,2,3,0.194,2,3,3.0,False,False,True,0,1,2935732.9692330095,7824947.908868014,103.0,4,4,4
2.0,1,0.05,2,3,0.05,2,3,3.0,False,False,True,1,1,22820.574112734863,351108.59615685383,479.0,5,5,5
2.0,2,3942.921,3,24,3942.921,3,24,2.0,False,False,False,0,0,4631770.52397561,6749105.462847355,246.0,1,1,1
2.0,1,0.255,2,4,0.255,2,4,2.0,False,False,True,1,1,15836.95652173913,209684.60255920017,414.0,5,5,5
2.0,2,1053.635,2,6,1053.635,2,6,2.0,False,False,False,0,0,2324304.63035567,5842279.279131594,194.0,4,4,4
2.0,1,0.061,2,3,0.061,2,3,3.0,False,False,True,1,1,418.1949152542373,1167.124739516328,236.0,5,5,5
2.0,2,2207.089,4,16,2207.089,4,16,2.0,False,False,False,0,0,2265160.150943396,2550682.4322402105,106.0,4,4,4
2.0,1,0.473,2,5,0.473,2,5,2.0,False,False,True,1,1,181776.0231213873,951529.1255934831,519.0,5,5,5
2.0,2,1493.93,3,7,1493.93,3,7,2.0,False,False,False,0,0,4631770.52397561,6749105.462847355,246.0,1,1,1
2.0,1,0.083,2,3,0.083,2,3,2.0,False,False,True,1,1,15836.95652173913,209684.60255920017,414.0,5,5,5
2.0,2,171.099,2,10,171.099,2,10,2.0,False,False,False,0,0,4631770.52397561,6749105.462847355,246.0,3,3,3
3.0,1,0.134,2,3,0.134,2,3,2.0,False,False,True,1,1,22820.574112734863,351108.59615685383,479.0,5,5,5
2.0,2,117.68,2,5,117.68,2,5,2.0,False,False,False,0,0,2055929.7234933334,4955863.466154136,1350.0,3,3,3
2.0,3,48.595,2,1,48.595,2,1,2.0,False,False,False,0,0,1200108.6080872894,3176878.347570343,653.0,4,3,4
2.0,1,0.083,2,3,0.083,2,3,2.0,False,False,True,1,1,77146.38095238095,864191.0503552357,609.0,5,5,5
2.0,2,0.351,1,2,0.351,1,2,2.0,False,False,False,0,0,2265160.150943396,2550682.4322402105,106.0,5,5,5
1.0,1,4.28,2,5,4.28,2,5,2.0,False,False,True,0,1,5397352.5660992125,27050800.786307212,635.0,4,4,5
1.0,1,2281.548,3,25,2281.548,3,25,2.0,False,False,True,0,1,2949789.848037657,6845123.40029322,956.0,5,5,5
2.0,1,0.051,2,3,0.051,2,3,3.0,False,True,False,1,1,77146.38095238095,864191.0503552357,609.0,5,5,5
2.0,2,3862.732,13,42,3862.732,13,42,2.0,False,False,False,0,0,1769977.9826086957,3389821.301189889,575.0,5,5,5
3.0,1,0.044,2,2,0.044,2,2,3.0,False,False,True,1,1,77146.38095238095,864191.0503552357,609.0,5,5,5
2.0,2,0.015,1,1,0.015,1,1,2.0,False,False,False,0,0,418.1949152542373,1167.124739516328,236.0,5,5,5
2.0,3,7395.991,6,39,7395.991,6,39,2.0,False,False,False,0,0,8028897.446153847,8716924.470168976,65.0,2,2,2
2.0,1,0.105,2,3,0.105,2,3,3.0,True,False,False,1,1,75481.19668637276,2051625.4592604141,998.0,5,5,5
2.0,2,19.274,1,4,19.274,1,4,2.0,False,False,False,0,0,2265160.150943396,2550682.4322402105,106.0,5,5,5
1.0,1,2262.527,5,6,2262.527,5,6,3.0,False,False,True,0,1,6111478.770560846,9120995.893722203,189.0,3,3,5
1.0,1,18.8,3,4,18.8,3,4,3.0,False,False,True,0,1,5397352.5660992125,27050800.786307212,635.0,5,5,5
2.0,1,0.042,2,3,0.042,2,3,3.0,False,False,True,1,1,22820.574112734863,351108.59615685383,479.0,5,5,5
2.0,2,2.112,2,6,2.112,2,6,2.0,False,False,False,0,0,506610.1225382932,2207089.2421300984,457.0,5,5,5
2.0,1,0.06,2,3,0.06,2,3,3.0,False,False,True,1,1,3425.0075187969924,43351.95401578527,532.0,5,5,5
2.0,2,2.776,3,4,2.776,3,4,2.0,False,False,False,0,0,506610.1225382932,2207089.2421300984,457.0,3,3,5
1.0,1,189.449,3,6,189.449,3,6,3.0,False,False,True,0,1,5397352.5660992125,27050800.786307212,635.0,4,4,3
2.0,1,0.079,2,3,0.079,2,3,3.0,False,False,True,1,1,3425.0075187969924,43351.95401578527,532.0,5,5,5
2.0,2,648.83,3,22,648.83,3,22,2.0,False,False,False,0,0,4631770.52397561,6749105.462847355,246.0,3,3,3
1.0,1,2691.076,4,17,2691.076,4,17,2.0,False,False,True,0,1,157075.42811840796,2053336.14494926,1005.0,3,3,3
2.0,1,0.066,2,3,0.066,2,3,2.0,False,False,True,1,1,123088.74625259066,2266407.3442124343,772.0,5,5,5
2.0,2,1005.934,2,10,1005.934,2,10,2.0,False,False,False,0,0,1769977.9826086957,3389821.301189889,575.0,2,2,2
1.0,1,457.262,2,7,457.262,2,7,3.0,False,False,True,0,1,2853283.744277439,6759272.124910236,656.0,5,5,5
3.0,1,0.015,1,2,0.015,1,2,2.0,False,False,True,1,1,22820.574112734863,351108.59615685383,479.0,5,5,5
2.0,2,0.022,2,1,0.022,2,1,2.0,False,False,False,0,0,418.1949152542373,1167.124739516328,236.0,5,5,5
2.0,3,0.038,1,0,0.038,1,0,2.0,False,False,False,0,0,22820.574112734863,351108.59615685383,479.0,5,5,5
2.0,4,1088.324,4,13,1088.324,4,13,2.0,False,False,False,0,0,1769977.9826086957,3389821.301189889,575.0,2,2,2
3.0,1,0.01,1,2,0.01,1,2,2.0,False,False,True,1,1,123088.74625259066,2266407.3442124343,772.0,5,5,5
2.0,2,0.046,2,2,0.046,2,2,2.0,False,False,False,0,0,4193.845283018868,36890.5697526716,265.0,5,5,5
2.0,3,0.064,1,0,0.064,1,0,2.0,False,False,False,0,0,123088.74625259066,2266407.3442124343,772.0,5,5,5
2.0,4,429.681,3,4,429.681,3,4,2.0,False,False,False,0,0,4631770.52397561,6749105.462847355,246.0,4,4,4
2.0,1,0.138,2,4,0.138,2,4,2.0,False,False,True,1,1,181776.0231213873,951529.1255934831,519.0,5,5,5
2.0,2,6617.32,16,82,6617.32,16,82,2.0,False,False,False,0,0,2749944.8025400843,6210156.749386555,711.0,2,2,2
4.0,1,0.091,1,2,0.091,1,2,2.0,False,False,True,1,1,15836.95652173913,209684.60255920017,414.0,5,5,5
2.0,2,0.034,2,0,0.034,2,0,2.0,False,False,False,0,0,4193.845283018868,36890.5697526716,265.0,1,1,1
2.0,4,0.051,1,1,0.051,1,1,2.0,False,False,False,0,0,15836.95652173913,209684.60255920017,414.0,5,5,5
2.0,5,54.925,3,4,54.925,3,4,2.0,False,False,False,0,0,506610.1225382932,2207089.2421300984,457.0,4,4,5
1.0,1,0.165,5,4,0.165,5,4,2.0,False,False,True,0,1,34174.10643564357,313068.2495251087,404.0,5,5,5
2.0,1,0.018,1,2,0.018,1,2,3.0,False,False,True,1,1,15836.95652173913,209684.60255920017,414.0,3,3,5
2.0,2,18.088,2,2,18.088,2,2,2.0,False,False,False,0,0,2951241.2666666666,6378283.706778183,105.0,4,4,5
2.0,3,362.281,2,1,362.281,2,1,2.0,False,False,False,0,0,2951241.2666666666,6378283.706778183,105.0,4,4,5
2.0,1,0.062,2,4,0.062,2,4,2.0,False,False,True,1,1,15836.95652173913,209684.60255920017,414.0,5,5,5
2.0,2,313.462,2,30,313.462,2,30,2.0,False,False,False,0,0,2055929.7234933334,4955863.466154136,1350.0,3,3,3
2.0,1,0.248,2,4,0.248,2,4,3.0,False,False,True,1,1,181776.0231213873,951529.1255934831,519.0,5,5,5
2.0,2,1.289,3,4,1.289,3,4,2.0,False,False,False,0,0,34174.10643564357,313068.2495251087,404.0,5,5,5
4.0,1,0.054,2,3,0.054,2,3,1.0,False,False,True,1,1,15836.95652173913,209684.60255920017,414.0,5,5,5
2.0,2,0.136,1,1,0.136,1,1,2.0,False,False,False,0,0,3089457.3393421927,5676505.677290197,301.0,1,1,1
2.0,3,3338.722,2,18,3338.722,2,18,2.0,False,False,False,0,0,4631770.52397561,6749105.462847355,246.0,1,1,1
2.0,5,306.418,1,2,306.418,1,2,2.0,False,False,False,0,0,4631770.52397561,6749105.462847355,246.0,1,1,1
2.0,1,0.043,2,3,0.043,2,3,2.0,False,False,True,1,1,77146.38095238095,864191.0503552357,609.0,5,5,5
2.0,2,430.269,5,20,430.269,5,20,2.0,False,False,False,0,0,506610.1225382932,2207089.2421300984,457.0,5,5,5
1.0,1,1.135,2,4,1.135,2,4,3.0,False,False,True,0,1,5397352.5660992125,27050800.786307212,635.0,5,5,5
2.0,1,0.04,2,3,0.04,2,3,2.0,False,False,True,1,1,22820.574112734863,351108.59615685383,479.0,5,5,5
2.0,2,89.439,3,21,89.439,3,21,2.0,False,False,False,0,0,506610.1225382932,2207089.2421300984,457.0,1,1,5
1.0,1,24.134,2,5,24.134,2,5,3.0,False,False,True,0,1,681715.5566347608,1510115.2246229376,397.0,4,4,5
2.0,1,0.051,2,3,0.051,2,3,3.0,False,False,True,1,1,75481.19668637276,2051625.4592604141,998.0,5,5,5
2.0,2,137.447,3,5,137.447,3,5,2.0,False,False,False,0,0,1102781.6158659793,2948786.960727601,388.0,2,2,5
4.0,1,0.021,1,2,0.021,1,2,3.0,False,False,True,1,1,418.1949152542373,1167.124739516328,236.0,5,5,5
2.0,2,0.001,1,0,0.001,1,0,2.0,False,False,False,0,0,123088.74625259066,2266407.3442124343,772.0,5,5,5
2.0,3,0.041,2,3,0.041,2,3,2.0,False,False,False,0,0,22820.574112734863,351108.59615685383,479.0,5,5,5
2.0,4,5178.541,13,55,5178.541,13,55,2.0,False,False,False,0,0,2749944.8025400843,6210156.749386555,711.0,1,1,1
1.0,1,646.884,3,6,646.884,3,6,2.0,False,True,False,0,1,1086107.7322745293,2774516.3138152924,1009.0,3,3,3
3.0,1,0.01,2,2,0.01,2,2,3.0,False,False,True,1,1,4193.845283018868,36890.5697526716,265.0,5,5,5
2.0,2,0.273,1,1,0.273,1,1,2.0,False,False,False,0,0,77146.38095238095,864191.0503552357,609.0,5,5,5
2.0,3,4566.695,2,48,4566.695,2,48,2.0,False,False,False,0,0,1739658.0581439396,3470372.2754463367,132.0,3,3,3
2.0,1,0.069,2,3,0.069,2,3,3.0,False,False,True,1,1,77146.38095238095,864191.0503552357,609.0,5,5,5
2.0,2,0.758,2,5,0.758,2,5,2.0,False,False,False,0,0,506610.1225382932,2207089.2421300984,457.0,5,5,5
3.0,1,0.064,2,3,0.064,2,3,2.0,False,False,True,1,1,77146.38095238095,864191.0503552357,609.0,5,5,5
2.0,2,190.28,1,3,190.28,1,3,2.0,False,False,False,0,0,2788381.283018868,4167715.712156413,53.0,5,5,5
2.0,3,190.439,2,5,190.439,2,5,2.0,False,False,False,0,0,1458188.3,2729981.7570895096,30.0,5,5,5
2.0,1,0.042,2,3,0.042,2,3,2.0,False,False,True,1,1,77146.38095238095,864191.0503552357,609.0,5,5,5
2.0,2,4707.922,9,147,4707.922,9,147,2.0,False,False,False,0,0,506610.1225382932,2207089.2421300984,457.0,2,2,2
2.0,1,0.042,2,3,0.042,2,3,2.0,False,False,True,1,1,77146.38095238095,864191.0503552357,609.0,5,5,5
2.0,2,1175.438,3,19,1175.438,3,19,2.0,False,False,False,0,0,2359851.1952527473,8085963.777684844,1547.0,4,4,5
2.0,1,239.71,2,5,239.71,2,5,2.0,False,False,True,1,1,2209941.0244161137,6655198.917318944,1055.0,4,4,4
2.0,2,750.857,1,3,750.857,1,3,2.0,False,False,False,0,0,3078201.114645971,8936297.537005726,757.0,4,4,4
2.0,3,908.996,3,6,908.996,3,6,2.0,False,False,False,0,0,2209941.0244161137,6655198.917318944,1055.0,4,4,4
2.0,1,0.038,2,3,0.038,2,3,2.0,False,False,True,1,1,22820.574112734863,351108.59615685383,479.0,5,5,5
2.0,2,697.941,6,12,697.941,6,12,2.0,False,False,False,0,0,1769977.9826086957,3389821.301189889,575.0,1,1,1
2.0,1,0.042,2,2,0.042,2,2,2.0,False,False,True,1,1,4193.845283018868,36890.5697526716,265.0,5,5,5
2.0,2,1060.425,4,10,1060.425,4,10,2.0,False,False,False,0,0,2324304.63035567,5842279.279131594,194.0,1,1,1
2.0,1,0.057,2,3,0.057,2,3,1.0,False,False,True,1,1,4193.845283018868,36890.5697526716,265.0,5,5,5
2.0,2,242.106,2,2,242.106,2,2,2.0,False,False,False,0,0,751065.4523809524,1356770.035500769,84.0,4,4,4
2.0,1,0.046,2,3,0.046,2,3,3.0,False,False,True,1,1,3425.0075187969924,43351.95401578527,532.0,5,5,5
2.0,2,190.272,3,3,190.272,3,3,2.0,False,False,False,0,0,2324304.63035567,5842279.279131594,194.0,4,4,4
3.0,1,0.054,1,2,0.054,1,2,2.0,False,False,True,1,1,663966.8669737991,1905463.4503378395,229.0,4,4,4
2.0,2,28.228,1,0,28.228,1,0,2.0,False,False,False,0,0,1282664.1973903615,2263065.52736497,415.0,4,4,4
2.0,3,477.601,2,3,477.601,2,3,2.0,False,False,False,0,0,681715.5566347608,1510115.2246229376,397.0,4,4,4
1.0,1,120.394,3,4,120.394,3,4,2.0,False,False,True,0,1,1837872.7766747968,4738322.262536841,738.0,3,3,3
3.0,1,0.009,2,2,0.009,2,2,2.0,False,False,True,1,1,22820.574112734863,351108.59615685383,479.0,5,5,5
2.0,2,0.016,1,1,0.016,1,1,2.0,False,False,False,0,0,4193.845283018868,36890.5697526716,265.0,5,5,5
2.0,3,0.004,1,0,0.004,1,0,2.0,False,False,False,0,0,22820.574112734863,351108.59615685383,479.0,5,5,5
2.0,4,2878.071,8,28,2878.071,8,28,2.0,False,False,False,0,0,1769977.9826086957,3389821.301189889,575.0,4,4,4
2.0,1,0.13,2,4,0.13,2,4,2.0,False,False,True,1,1,15836.95652173913,209684.60255920017,414.0,5,5,5
2.0,2,83.614,2,5,83.614,2,5,2.0,False,False,False,0,0,3089457.3393421927,5676505.677290197,301.0,5,5,5
3.0,1,0.065,2,3,0.065,2,3,2.0,False,False,True,1,1,15836.95652173913,209684.60255920017,414.0,5,5,5
2.0,2,3895.661,2,72,3895.661,2,72,2.0,False,False,False,0,0,2697674.162902439,4909004.4759301385,205.0,1,1,1
2.0,3,1414.689,2,19,1414.689,2,19,2.0,False,False,False,0,0,989968.7837837838,1749627.0971736314,74.0,1,1,1
2.0,1,0.12,2,4,0.12,2,4,2.0,False,False,True,1,1,15836.95652173913,209684.60255920017,414.0,5,5,5
2.0,2,2738.95,5,58,2738.95,5,58,2.0,False,False,False,0,0,3089457.3393421927,5676505.677290197,301.0,1,1,1
2.0,1,70.843,2,5,70.843,2,5,2.0,False,False,True,1,1,5397352.5660992125,27050800.786307212,635.0,4,4,4
2.0,2,169.012,1,1,169.012,1,1,2.0,False,False,False,0,0,1052557.3097350688,1677616.814003557,653.0,4,4,4
3.0,1,0.074,2,3,0.074,2,3,3.0,False,True,False,1,1,15836.95652173913,209684.60255920017,414.0,5,5,5
2.0,2,1209.354,2,8,1209.354,2,8,2.0,False,False,False,0,0,3089457.3393421927,5676505.677290197,301.0,2,2,1
2.0,3,3494.826,2,17,3494.826,2,17,2.0,False,False,False,0,0,5191380.777777778,4931493.810996592,9.0,2,2,1
2.0,1,0.032,2,3,0.032,2,3,3.0,False,False,True,1,1,77146.38095238095,864191.0503552357,609.0,5,5,5
2.0,2,5277.69,2,26,5277.69,2,26,2.0,False,False,False,0,0,8028897.446153847,8716924.470168976,65.0,1,1,1
2.0,1,0.109,2,3,0.109,2,3,3.0,False,False,True,1,1,15836.95652173913,209684.60255920017,414.0,5,5,5
2.0,2,4179.977,4,37,4179.977,4,37,2.0,False,False,False,0,0,4042849.693069307,5780238.039211811,101.0,1,1,1
3.0,1,0.011,2,3,0.011,2,3,3.0,False,False,True,1,1,22820.574112734863,351108.59615685383,479.0,5,5,5
2.0,2,0.006,1,1,0.006,1,1,2.0,False,False,False,0,0,4193.845283018868,36890.5697526716,265.0,5,5,5
2.0,3,0.036,1,1,0.036,1,1,2.0,False,False,False,0,0,22820.574112734863,351108.59615685383,479.0,5,5,5
2.0,4,5791.018,4,25,5791.018,4,25,2.0,False,False,False,0,0,8028897.446153847,8716924.470168976,65.0,1,1,1
2.0,1,0.022,2,3,0.022,2,3,2.0,False,False,True,1,1,22820.574112734863,351108.59615685383,479.0,5,5,5
2.0,2,652.221,4,13,652.221,4,13,2.0,False,False,False,0,0,1769977.9826086957,3389821.301189889,575.0,2,2,2
3.0,1,0.008,1,2,0.008,1,2,2.0,False,False,True,1,1,22820.574112734863,351108.59615685383,479.0,5,5,5
2.0,2,0.007,2,1,0.007,2,1,2.0,False,False,False,0,0,4193.845283018868,36890.5697526716,265.0,5,5,5
2.0,3,482.132,3,8,482.132,3,8,2.0,False,False,False,0,0,1769977.9826086957,3389821.301189889,575.0,4,4,4
3.0,1,0.007,1,2,0.007,1,2,2.0,False,True,False,1,1,77146.38095238095,864191.0503552357,609.0,5,5,5
2.0,2,0.025,2,2,0.025,2,2,2.0,False,False,False,0,0,4193.845283018868,36890.5697526716,265.0,5,5,5
2.0,3,0.026,1,0,0.026,1,0,2.0,False,False,False,0,0,77146.38095238095,864191.0503552357,609.0,5,5,5
2.0,4,42.496,2,8,42.496,2,8,2.0,False,False,False,0,0,2055929.7234933334,4955863.466154136,1350.0,5,5,5
2.0,1,0.074,2,3,0.074,2,3,2.0,False,False,True,1,1,3425.0075187969924,43351.95401578527,532.0,5,5,5
2.0,2,1560.796,20,45,1560.796,20,45,2.0,False,False,False,0,0,3200234.0757853403,7074501.897473858,191.0,4,4,4
3.0,1,0.009,1,2,0.009,1,2,3.0,False,False,True,1,1,22820.574112734863,351108.59615685383,479.0,5,5,5
2.0,2,0.096,2,2,0.096,2,2,2.0,False,False,False,0,0,75481.19668637276,2051625.4592604141,998.0,5,5,5
2.0,3,4751.123,3,42,4751.123,3,42,2.0,False,False,False,0,0,4631770.52397561,6749105.462847355,246.0,1,1,1
1.0,1,0.759,3,6,0.759,3,6,2.0,False,False,True,0,1,157075.42811840796,2053336.14494926,1005.0,5,5,5
2.0,1,0.039,2,3,0.039,2,3,2.0,False,False,True,1,1,77146.38095238095,864191.0503552357,609.0,5,5,5
2.0,2,479.148,4,9,479.148,4,9,2.0,False,False,False,0,0,181776.0231213873,951529.1255934831,519.0,3,3,3
3.0,1,0.038,2,3,0.038,2,3,3.0,False,False,True,1,1,77146.38095238095,864191.0503552357,609.0,5,5,5
2.0,3,0.043,1,0,0.043,1,0,2.0,False,False,False,0,0,77146.38095238095,864191.0503552357,609.0,5,5,5
2.0,4,1647.838,13,54,1647.838,13,54,2.0,False,False,False,0,0,3200234.0757853403,7074501.897473858,191.0,3,3,3
3.0,1,0.012,1,2,0.012,1,2,2.0,False,False,True,1,1,4193.845283018868,36890.5697526716,265.0,5,5,5
2.0,2,0.114,2,1,0.114,2,1,2.0,False,False,False,0,0,418.1949152542373,1167.124739516328,236.0,5,5,5
2.0,3,171.834,3,9,171.834,3,9,2.0,False,False,False,0,0,1368462.4483067228,4258387.363329431,238.0,4,4,4
2.0,1,0.03,2,3,0.03,2,3,2.0,False,False,True,1,1,22820.574112734863,351108.59615685383,479.0,5,5,5
2.0,2,4008.826,9,48,4008.826,9,48,2.0,False,False,False,0,0,3200234.0757853403,7074501.897473858,191.0,2,2,2
2.0,1,0.034,2,3,0.034,2,3,2.0,False,False,True,1,1,77146.38095238095,864191.0503552357,609.0,5,5,5
2.0,2,4031.506,6,40,4031.506,6,40,2.0,False,False,False,0,0,818060.6851851852,2378396.551958426,54.0,1,1,1
3.0,1,0.062,2,3,0.062,2,3,3.0,False,False,True,1,1,22820.574112734863,351108.59615685383,479.0,5,5,5
2.0,2,0.269,1,2,0.269,1,2,2.0,False,False,False,0,0,1458188.3,2729981.7570895096,30.0,5,5,5
2.0,3,0.329,1,0,0.329,1,0,2.0,False,False,False,0,0,1739658.0581439396,3470372.2754463367,132.0,5,5,5
2.0,4,284.622,3,5,284.622,3,5,2.0,False,False,False,0,0,1458188.3,2729981.7570895096,30.0,5,5,5
2.0,1,0.061,2,4,0.061,2,4,2.0,False,False,True,1,1,4193.845283018868,36890.5697526716,265.0,5,5,5
2.0,2,0.252,2,2,0.252,2,2,2.0,False,False,False,0,0,506610.1225382932,2207089.2421300984,457.0,4,4,4
3.0,1,0.04,3,3,0.04,3,3,2.0,False,False,True,1,1,4193.845283018868,36890.5697526716,265.0,5,5,5
2.0,2,4.422,3,2,4.422,3,2,2.0,False,False,False,0,0,3089457.3393421927,5676505.677290197,301.0,4,4,4
2.0,3,2542.754,4,32,2542.754,4,32,2.0,False,False,False,0,0,1481854.65,2171810.8174060006,40.0,4,4,4
4.0,1,0.01,2,3,0.01,2,3,3.0,False,False,True,1,1,77146.38095238095,864191.0503552357,609.0,5,5,5
2.0,2,0.052,1,1,0.052,1,1,2.0,False,False,False,0,0,22820.574112734863,351108.59615685383,479.0,5,5,5
2.0,3,0.393,1,2,0.393,1,2,2.0,False,False,False,0,0,2935732.9692330095,7824947.908868014,103.0,4,4,4
2.0,4,102.608,4,6,102.608,4,6,2.0,False,False,False,0,0,3486316.0833333335,3711316.491605417,24.0,4,4,4
3.0,1,0.043,2,3,0.043,2,3,2.0,False,True,False,1,1,77146.38095238095,864191.0503552357,609.0,5,5,5
2.0,2,43.78,1,3,43.78,1,3,2.0,False,False,False,0,0,2582587.300521312,5176283.249239967,610.0,4,4,4
2.0,3,187.594,4,6,187.594,4,6,2.0,False,False,False,0,0,1701415.4931283332,4405303.844766605,1800.0,4,4,4
1.0,1,482.978,3,9,482.978,3,9,2.0,False,False,True,0,1,961751.0022276706,3334253.6417868724,1142.0,1,1,1
3.0,1,0.148,2,4,0.148,2,4,2.0,False,False,True,1,1,4193.845283018868,36890.5697526716,265.0,5,5,5
2.0,2,0.003,1,0,0.003,1,0,2.0,False,False,False,0,0,3200234.0757853403,7074501.897473858,191.0,3,3,3
2.0,4,476.114,5,20,476.114,5,20,2.0,False,False,False,0,0,3200234.0757853403,7074501.897473858,191.0,3,3,3
2.0,1,0.177,2,3,0.177,2,3,2.0,False,False,True,1,1,77146.38095238095,864191.0503552357,609.0,5,5,5
2.0,1,0.053,2,3,0.053,2,3,2.0,False,False,True,1,1,15836.95652173913,209684.60255920017,414.0,5,5,5
2.0,2,3360.28,15,41,3360.28,15,41,2.0,False,False,False,0,0,3200234.0757853403,7074501.897473858,191.0,3,3,3
2.0,1,0.129,2,4,0.129,2,4,2.0,False,False,True,1,1,418.1949152542373,1167.124739516328,236.0,5,5,5
2.0,2,1302.724,2,14,1302.724,2,14,2.0,False,False,False,0,0,4631770.52397561,6749105.462847355,246.0,2,2,2
2.0,1,0.034,2,2,0.034,2,2,2.0,False,False,True,1,1,4193.845283018868,36890.5697526716,265.0,5,5,5
2.0,2,0.907,2,3,0.907,2,3,2.0,False,False,False,0,0,1701415.4931283332,4405303.844766605,1800.0,4,4,4
2.0,1,0.043,2,4,0.043,2,4,3.0,False,False,True,1,1,4193.845283018868,36890.5697526716,265.0,5,5,5
2.0,2,1672.03,6,15,1672.03,6,15,2.0,False,False,False,0,0,2265160.150943396,2550682.4322402105,106.0,2,2,2
1.0,1,521.444,3,7,521.444,3,7,1.0,False,False,True,0,1,3200234.0757853403,7074501.897473858,191.0,4,4,4
1.0,1,3021.881,12,48,3021.881,12,48,2.0,False,False,True,0,1,3200234.0757853403,7074501.897473858,191.0,2,2,2
2.0,1,145.521,3,8,145.521,3,8,2.0,False,False,True,1,1,1837872.7766747968,4738322.262536841,738.0,4,4,4
2.0,2,120.837,1,3,120.837,1,3,2.0,False,False,False,0,0,2209941.0244161137,6655198.917318944,1055.0,4,4,4
2.0,1,0.06,1,2,0.06,1,2,2.0,False,False,True,1,1,4193.845283018868,36890.5697526716,265.0,5,5,5
2.0,2,336.152,2,5,336.152,2,5,2.0,False,False,False,0,0,2710613.113846847,4195397.903133862,111.0,4,4,4
1.0,1,2425.795,4,31,2425.795,4,31,2.0,False,False,True,0,1,2498016.0,5926695.918540508,32.0,2,2,2
3.0,1,0.089,2,4,0.089,2,4,2.0,False,False,True,1,1,418.1949152542373,1167.124739516328,236.0,5,5,5
2.0,2,3110.605,7,52,3110.605,7,52,2.0,False,False,False,0,0,1769977.9826086957,3389821.301189889,575.0,3,3,3
2.0,3,448.641,6,18,448.641,6,18,2.0,False,False,False,0,0,181776.0231213873,951529.1255934831,519.0,3,3,3
2.0,1,0.049,2,4,0.049,2,4,2.0,False,False,True,1,1,418.1949152542373,1167.124739516328,236.0,5,5,5
2.0,2,2738.413,3,15,2738.413,3,15,2.0,False,False,False,0,0,4631770.52397561,6749105.462847355,246.0,3,3,3
2.0,1,0.046,2,4,0.046,2,4,2.0,False,False,True,1,1,77146.38095238095,864191.0503552357,609.0,5,5,5
2.0,2,1538.431,5,45,1538.431,5,45,2.0,False,False,False,0,0,506610.1225382932,2207089.2421300984,457.0,3,3,3
2.0,1,0.096,2,3,0.096,2,3,2.0,False,False,True,1,1,77146.38095238095,864191.0503552357,609.0,5,5,5
2.0,2,0.191,1,5,0.191,1,5,2.0,False,False,False,0,0,1701415.4931283332,4405303.844766605,1800.0,5,3,5
1.0,1,476.161,5,5,476.161,5,5,2.0,False,False,True,0,1,2209941.0244161137,6655198.917318944,1055.0,5,5,5
1.0,1,1612.545,8,19,1612.545,8,19,2.0,False,False,True,0,1,3486316.0833333335,3711316.491605417,24.0,5,4,5
1.0,1,2609.858,16,57,2609.858,16,57,2.0,False,False,True,0,1,961751.0022276706,2378396.551958426,457.0,5,5,3
2.0,1,0.009,2,2,0.009,2,2,2.0,True,False,False,1,1,15836.95652173913,209684.60255920017,414.0,5,5,5
2.0,2,4321.367,4,7,4321.367,4,7,2.0,False,False,False,0,0,4042849.693069307,5780238.039211811,101.0,5,5,5
1.0,1,5411.211,5,15,5411.211,5,15,2.0,False,True,False,0,1,2951241.2666666666,6378283.706778183,105.0,5,5,5
1.0,1,1091.975,2,7,1091.975,2,7,2.0,False,False,True,0,1,961751.0022276706,2378396.551958426,457.0,5,5,5
1.0,1,967.372,2,5,967.372,2,5,2.0,False,False,True,0,1,1802549.4038461538,3416720.913812871,104.0,5,5,5
1.0,1,0.507,2,3,0.507,2,3,2.0,False,False,True,0,1,2862048.5553436694,4097539.6171504892,387.0,5,5,5
1.0,1,140.105,2,5,140.105,2,5,2.0,False,False,True,0,1,961751.0022276706,2378396.551958426,457.0,5,5,5
2.0,1,0.032,2,3,0.032,2,3,2.0,False,False,True,1,1,22820.574112734863,351108.59615685383,479.0,5,5,5
2.0,2,2979.85,9,74,2979.85,9,74,2.0,False,False,False,0,0,4042849.693069307,5780238.039211811,101.0,1,1,1
2.0,1,0.147,2,3,0.147,2,3,3.0,False,False,True,1,1,123088.74625259066,2266407.3442124343,772.0,5,5,5
2.0,2,2330.604,8,27,2330.604,8,27,2.0,False,False,False,0,0,4042849.693069307,5780238.039211811,101.0,1,1,1
5.0,1,3.606,1,2,3.606,1,2,2.0,False,True,False,1,1,2335893.634526316,6063849.25725426,133.0,5,5,5
2.0,2,1.461,2,1,1.461,2,1,2.0,False,False,False,0,0,1330.0,2619.435180848472,4.0,5,5,5
2.0,3,0.503,1,2,0.503,1,2,2.0,False,False,False,0,0,157075.42811840796,2053336.14494926,1005.0,5,5,5
2.0,4,0.001,1,0,0.001,1,0,2.0,False,False,False,0,0,77146.38095238095,864191.0503552357,609.0,5,5,5
2.0,5,2034.412,2,1,2034.412,2,1,2.0,False,False,False,0,0,22820.574112734863,351108.59615685383,479.0,5,5,5
2.0,1,0.038,1,3,0.038,1,3,2.0,False,False,True,1,1,681715.5566347608,1510115.2246229376,397.0,5,5,5
2.0,2,2.008,3,2,2.008,3,2,2.0,False,False,False,0,0,663966.8669737991,1905463.4503378395,229.0,5,5,5
2.0,1,1.139,2,4,1.139,2,4,2.0,False,False,True,1,1,961751.0022276706,3334253.6417868724,1142.0,5,5,5
2.0,2,624.143,2,1,624.143,2,1,2.0,False,False,False,0,0,650517.6170212766,1092403.1694605248,94.0,5,4,5
1.0,1,21.837,2,3,21.837,2,3,2.0,False,False,True,0,1,5397352.5660992125,27050800.786307212,635.0,5,5,5
2.0,1,0.032,2,3,0.032,2,3,2.0,False,False,True,1,1,4193.845283018868,36890.5697526716,265.0,5,5,5
2.0,2,3809.368,5,96,3809.368,5,96,2.0,False,False,False,0,0,506610.1225382932,2207089.2421300984,457.0,1,1,1
1.0,1,97.986,2,5,97.986,2,5,2.0,False,False,True,0,1,961751.0022276706,2378396.551958426,457.0,5,5,5
1.0,1,192.907,4,9,192.907,4,9,3.0,False,False,True,0,1,1282664.1973903615,2263065.52736497,415.0,5,5,5
1.0,1,66.994,2,6,66.994,2,6,2.0,False,False,True,0,1,961751.0022276706,3334253.6417868724,1142.0,5,5,5
3.0,1,0.187,2,3,0.187,2,3,3.0,False,False,True,1,1,75481.19668637276,2051625.4592604141,998.0,5,3,3
2.0,2,1.102,1,3,1.102,1,3,2.0,False,False,False,0,0,1769977.9826086957,3389821.301189889,575.0,5,5,5
2.0,3,21.794,3,7,21.794,3,7,2.0,False,False,False,0,0,181776.0231213873,951529.1255934831,519.0,5,5,5
1.0,1,2.756,2,6,2.756,2,6,3.0,False,False,True,0,1,681715.5566347608,1510115.2246229376,397.0,5,5,5
2.0,1,0.058,2,3,0.058,2,3,2.0,False,False,True,1,1,4193.845283018868,36890.5697526716,265.0,5,5,5
2.0,2,0.725,2,5,0.725,2,5,2.0,False,False,False,0,0,506610.1225382932,2207089.2421300984,457.0,5,5,5
1.0,1,386.416,3,5,386.416,3,5,2.0,False,False,True,0,1,961751.0022276706,2378396.551958426,457.0,5,5,5
2.0,1,0.022,2,3,0.022,2,3,3.0,False,False,True,1,1,77146.38095238095,864191.0503552357,609.0,5,5,5
2.0,2,1.542,2,5,1.542,2,5,2.0,False,False,False,0,0,1701415.4931283332,4405303.844766605,1800.0,5,5,5
1.0,1,3536.6,5,35,3536.6,5,35,2.0,True,False,False,0,1,663966.8669737991,1905463.4503378395,229.0,5,5,5
1.0,1,1.856,3,6,1.856,3,6,3.0,False,False,True,0,1,1701415.4931283332,4405303.844766605,1800.0,5,5,5
2.0,1,0.06,2,3,0.06,2,3,2.0,False,False,True,1,1,77146.38095238095,864191.0503552357,609.0,5,5,5
2.0,2,0.506,2,3,0.506,2,3,2.0,False,False,False,0,0,3089457.3393421927,5676505.677290197,301.0,5,5,5
2.0,1,0.061,2,3,0.061,2,3,1.0,False,False,True,1,1,12770.226586102719,202431.9377014947,331.0,5,5,5
2.0,2,4793.961,4,14,4793.961,4,14,2.0,False,False,False,0,0,8028897.446153847,8716924.470168976,65.0,1,1,1
4.0,1,0.008,1,2,0.008,1,2,2.0,False,False,True,1,1,12770.226586102719,202431.9377014947,331.0,5,5,5
2.0,2,0.003,2,2,0.003,2,2,2.0,False,False,False,0,0,77146.38095238095,864191.0503552357,609.0,5,5,5
2.0,3,0.246,1,2,0.246,1,2,2.0,False,False,False,0,0,75481.19668637276,2051625.4592604141,998.0,5,5,5
2.0,4,0.002,1,0,0.002,1,0,2.0,False,False,False,0,0,77146.38095238095,864191.0503552357,609.0,5,5,5
2.0,5,3.457,2,4,3.457,2,4,2.0,False,False,False,0,0,506610.1225382932,2207089.2421300984,457.0,5,5,5
3.0,1,0.023,2,2,0.023,2,2,2.0,False,False,True,1,1,3425.0075187969924,43351.95401578527,532.0,5,5,5
2.0,2,0.406,1,2,0.406,1,2,2.0,False,False,False,0,0,1701415.4931283332,4405303.844766605,1800.0,4,4,4
2.0,3,0.051,1,0,0.051,1,0,2.0,False,False,False,0,0,3425.0075187969924,43351.95401578527,532.0,5,5,5
2.0,4,0.065,1,0,0.065,1,0,2.0,False,False,False,0,0,1701415.4931283332,4405303.844766605,1800.0,4,4,4
2.0,5,1325.714,7,6,1325.714,7,6,2.0,False,False,False,0,0,1769977.9826086957,3389821.301189889,575.0,5,5,5
1.0,1,26.449,2,5,26.449,2,5,2.0,False,False,True,0,1,961751.0022276706,2378396.551958426,457.0,5,5,5
2.0,1,0.033,2,4,0.033,2,4,3.0,False,False,True,1,1,77146.38095238095,864191.0503552357,609.0,5,5,5
2.0,2,409.138,7,6,409.138,7,6,2.0,False,False,False,0,0,1769977.9826086957,3389821.301189889,575.0,5,5,5
2.0,1,0.064,2,3,0.064,2,3,2.0,False,False,True,1,1,12770.226586102719,202431.9377014947,331.0,5,5,5
2.0,2,1.05,2,3,1.05,2,3,2.0,False,False,False,0,0,506610.1225382932,2207089.2421300984,457.0,5,5,5
1.0,1,3356.034,5,43,3356.034,5,43,3.0,False,False,True,0,1,4195095.936019736,7559490.551015541,152.0,3,3,3
3.0,1,0.042,2,3,0.042,2,3,2.0,False,False,True,1,1,12770.226586102719,202431.9377014947,331.0,5,5,5
2.0,2,0.081,1,1,0.081,1,1,2.0,False,False,False,0,0,3089457.3393421927,5676505.677290197,301.0,5,5,5
2.0,3,2524.599,6,32,2524.599,6,32,2.0,False,False,False,0,0,4042849.693069307,5780238.039211811,101.0,2,2,2
1.0,1,332.392,2,8,332.392,2,8,2.0,False,False,True,0,1,3078201.114645971,8936297.537005726,757.0,5,5,5
3.0,1,0.021,1,2,0.021,1,2,3.0,False,False,True,1,1,1458188.3,2729981.7570895096,30.0,5,5,5
2.0,2,0.074,2,1,0.074,2,1,2.0,False,False,False,0,0,12770.226586102719,202431.9377014947,331.0,5,5,5
2.0,3,0.017,1,1,0.017,1,1,2.0,False,False,False,0,0,10149.449613207547,52218.5617028014,212.0,5,5,5
2.0,4,1.312,3,4,1.312,3,4,2.0,False,False,False,0,0,1458188.3,2729981.7570895096,30.0,5,5,5
2.0,1,0.031,2,3,0.031,2,3,3.0,False,False,True,1,1,196.04895104895104,182.3462241842262,143.0,5,5,5
2.0,2,1877.788,6,11,1877.788,6,11,2.0,False,False,False,0,0,2749944.8025400843,6210156.749386555,711.0,2,2,2
1.0,1,168.412,5,8,168.412,5,8,2.0,False,False,True,0,1,1769977.9826086957,3389821.301189889,575.0,5,5,5
2.0,1,1.75,1,4,1.75,1,4,2.0,False,False,True,1,1,2209941.0244161137,6655198.917318944,1055.0,5,5,5
2.0,2,267.227,3,2,267.227,3,2,2.0,False,False,False,0,0,3078201.114645971,8936297.537005726,757.0,5,5,5
1.0,1,503.995,6,17,503.995,6,17,2.0,False,False,True,0,1,1168853.3909594882,6278096.635109728,469.0,4,4,4
3.0,1,0.054,2,3,0.054,2,3,2.0,False,False,True,1,1,6000.824675324675,57641.53925172012,462.0,5,5,5
2.0,2,95.456,2,3,95.456,2,3,2.0,False,False,False,0,0,181776.0231213873,951529.1255934831,519.0,5,5,5
2.0,3,44.848,4,3,44.848,4,3,2.0,False,False,False,0,0,1769977.9826086957,3389821.301189889,575.0,5,5,5
2.0,1,0.045,2,3,0.045,2,3,2.0,False,False,True,1,1,196.04895104895104,182.3462241842262,143.0,5,5,5
2.0,2,94.526,3,2,94.526,3,2,2.0,False,False,False,0,0,818060.6851851852,2378396.551958426,54.0,4,4,4
1.0,1,1.522,3,3,1.522,3,3,2.0,True,False,False,0,1,181776.0231213873,951529.1255934831,519.0,5,5,5
1.0,1,264.794,3,4,264.794,3,4,2.0,False,False,True,0,1,961751.0022276706,2378396.551958426,457.0,5,5,5
2.0,1,0.216,2,6,0.216,2,6,2.0,False,False,True,1,1,6000.824675324675,57641.53925172012,462.0,5,5,5
2.0,2,0.509,2,2,0.509,2,2,2.0,False,False,False,0,0,506610.1225382932,2207089.2421300984,457.0,5,5,5
1.0,1,52.338,3,4,52.338,3,4,2.0,False,False,True,0,1,1282664.1973903615,2263065.52736497,415.0,5,5,5
2.0,1,0.042,2,3,0.042,2,3,2.0,False,False,True,1,1,6000.824675324675,57641.53925172012,462.0,5,5,5
2.0,2,4034.901,5,19,4034.901,5,19,2.0,False,False,False,0,0,6036911.785714285,9088754.400046462,98.0,2,2,2
1.0,1,1053.036,8,33,1053.036,8,33,2.0,False,False,True,0,1,3270264.5627550078,9913637.78341817,649.0,3,3,3
2.0,1,0.044,2,3,0.044,2,3,3.0,False,False,True,1,1,77146.38095238095,864191.0503552357,609.0,5,5,5
2.0,2,1174.232,10,55,1174.232,10,55,2.0,False,False,False,0,0,1769977.9826086957,3389821.301189889,575.0,5,5,5
2.0,1,196.934,3,6,196.934,3,6,2.0,False,False,True,1,1,2710613.113846847,4195397.903133862,111.0,2,2,2
2.0,2,1457.289,3,16,1457.289,3,16,2.0,False,False,False,0,0,3486316.0833333335,3711316.491605417,24.0,2,2,2
4.0,1,0.009,1,2,0.009,1,2,3.0,False,False,True,1,1,6000.824675324675,57641.53925172012,462.0,5,5,5
2.0,2,0.036,2,2,0.036,2,2,2.0,False,False,False,0,0,71406.78703875968,2033941.6206297665,1032.0,5,5,5
2.0,3,1.899,1,1,1.899,1,1,2.0,False,False,False,0,0,2324304.63035567,5842279.279131594,194.0,5,5,5
2.0,4,2.268,2,1,2.268,2,1,2.0,False,False,False,0,0,818060.6851851852,2378396.551958426,54.0,5,5,5
1.0,1,49.82,4,7,49.82,4,7,2.0,False,True,False,0,1,961751.0022276706,3334253.6417868724,1142.0,5,5,4
1.0,1,1104.011,4,10,1104.011,4,10,2.0,False,False,True,0,1,2862048.5553436694,4097539.6171504892,387.0,5,5,5
2.0,1,0.106,2,3,0.106,2,3,3.0,False,False,True,1,1,12770.226586102719,202431.9377014947,331.0,5,5,5
2.0,2,3280.393,14,28,3280.393,14,28,2.0,False,False,False,0,0,2749944.8025400843,6210156.749386555,711.0,1,1,1
2.0,1,0.075,2,3,0.075,2,3,3.0,False,False,True,1,1,3425.0075187969924,43351.95401578527,532.0,5,5,5
2.0,2,1006.64,5,23,1006.64,5,23,2.0,False,False,False,0,0,1739658.0581439396,3470372.2754463367,132.0,2,2,2
2.0,3,869.733,3,16,869.733,3,16,2.0,False,False,False,0,0,1739658.0581439396,3470372.2754463367,132.0,2,2,2
2.0,1,0.05,2,3,0.05,2,3,2.0,False,False,True,1,1,12770.226586102719,202431.9377014947,331.0,5,5,5
2.0,2,2092.889,6,20,2092.889,6,20,2.0,False,False,False,0,0,4042849.693069307,5780238.039211811,101.0,1,1,1
3.0,1,0.084,2,3,0.084,2,3,3.0,False,False,True,1,1,12770.226586102719,202431.9377014947,331.0,5,5,5
2.0,2,4.135,2,7,4.135,2,7,2.0,False,False,False,0,0,1769977.9826086957,3389821.301189889,575.0,2,2,3
2.0,1,586.507,4,2,586.507,4,2,2.0,False,False,True,1,1,1518998.7088903848,5675170.185884958,520.0,1,1,1
2.0,2,17.08,1,0,17.08,1,0,2.0,False,False,False,0,0,2055929.7234933334,4955863.466154136,1350.0,1,1,1
2.0,1,0.057,1,4,0.057,1,4,2.0,False,False,True,1,1,196.04895104895104,182.3462241842262,143.0,5,5,5
2.0,2,2932.297,3,35,2932.297,3,35,2.0,False,False,False,0,0,4042849.693069307,5780238.039211811,101.0,2,2,2
1.0,1,46.476,3,6,46.476,3,6,3.0,False,False,True,0,1,1701415.4931283332,4405303.844766605,1800.0,1,1,1
3.0,1,0.026,2,3,0.026,2,3,3.0,False,False,True,1,1,6000.824675324675,57641.53925172012,462.0,5,5,5
2.0,2,2710.113,2,23,2710.113,2,23,2.0,False,False,False,0,0,2749944.8025400843,6210156.749386555,711.0,1,1,1
2.0,3,653.692,1,8,653.692,1,8,2.0,False,False,False,0,0,2265160.150943396,2550682.4322402105,106.0,1,1,1
1.0,1,1.807,4,5,1.807,4,5,2.0,False,False,True,0,1,181776.0231213873,951529.1255934831,519.0,5,5,5
3.0,1,0.008,1,2,0.008,1,2,3.0,True,False,False,1,1,196.04895104895104,182.3462241842262,143.0,5,5,5
2.0,2,0.032,3,1,0.032,3,1,2.0,False,False,False,0,0,22820.574112734863,351108.59615685383,479.0,5,5,5
2.0,3,98.735,5,20,98.735,5,20,2.0,False,False,False,0,0,1769977.9826086957,3389821.301189889,575.0,5,5,5
3.0,1,0.23,2,3,0.23,2,3,2.0,False,False,True,1,1,12770.226586102719,202431.9377014947,331.0,4,5,4
2.0,2,86.035,2,5,86.035,2,5,2.0,False,False,False,0,0,310316.0,453693.0951170503,10.0,5,5,5
2.0,3,0.066,2,1,0.066,2,1,2.0,False,False,False,0,0,1458188.3,2729981.7570895096,30.0,5,5,5
2.0,1,0.078,2,4,0.078,2,4,3.0,False,False,True,1,1,6000.824675324675,57641.53925172012,462.0,5,5,5
2.0,2,2081.369,7,23,2081.369,7,23,2.0,False,False,False,0,0,2265160.150943396,2550682.4322402105,106.0,4,4,4
2.0,1,0.064,2,3,0.064,2,3,2.0,False,False,True,1,1,196.04895104895104,182.3462241842262,143.0,5,5,5
2.0,2,1.641,3,5,1.641,3,5,2.0,False,False,False,0,0,1518998.7088903848,5675170.185884958,520.0,5,5,5
3.0,1,0.007,1,2,0.007,1,2,3.0,False,False,True,1,1,6000.824675324675,57641.53925172012,462.0,5,5,5
2.0,2,0.034,2,2,0.034,2,2,2.0,False,False,False,0,0,196.04895104895104,182.3462241842262,143.0,5,5,5
2.0,3,0.079,2,2,0.079,2,2,2.0,False,False,False,0,0,818060.6851851852,2378396.551958426,54.0,5,5,5
4.0,1,0.008,1,2,0.008,1,2,2.0,False,False,True,1,1,6000.824675324675,57641.53925172012,462.0,5,5,5
2.0,2,0.016,2,2,0.016,2,2,2.0,False,False,False,0,0,196.04895104895104,182.3462241842262,143.0,5,5,5
2.0,3,0.036,1,0,0.036,1,0,2.0,False,False,False,0,0,6000.824675324675,57641.53925172012,462.0,5,5,5
2.0,4,0.277,1,1,0.277,1,1,2.0,False,False,False,0,0,4840198.580540793,10807387.595658872,429.0,3,3,3
2.0,5,5.161,1,2,5.161,1,2,2.0,False,False,False,0,0,1802549.4038461538,3416720.913812871,104.0,3,3,3
2.0,1,0.04,2,3,0.04,2,3,3.0,False,False,True,1,1,196.04895104895104,182.3462241842262,143.0,5,5,5
2.0,2,23.193,2,3,23.193,2,3,2.0,False,False,False,0,0,1518998.7088903848,5675170.185884958,520.0,4,4,5
2.0,1,0.031,2,3,0.031,2,3,3.0,False,False,True,1,1,196.04895104895104,182.3462241842262,143.0,5,5,5
2.0,2,22.785,3,12,22.785,3,12,2.0,False,False,False,0,0,506610.1225382932,2207089.2421300984,457.0,5,5,5
1.0,1,52.644,4,6,52.644,4,6,2.0,False,False,True,0,1,650517.6170212766,1092403.1694605248,94.0,5,5,5
2.0,1,0.032,2,3,0.032,2,3,3.0,False,False,True,1,1,196.04895104895104,182.3462241842262,143.0,5,5,5
2.0,2,0.277,2,3,0.277,2,3,2.0,False,False,False,0,0,506610.1225382932,2207089.2421300984,457.0,5,5,5
3.0,1,0.022,2,3,0.022,2,3,3.0,False,False,True,1,1,3425.0075187969924,43351.95401578527,532.0,5,5,5
2.0,2,0.133,2,2,0.133,2,2,2.0,False,False,False,0,0,56902.53333333333,128116.89050479716,45.0,5,5,5
2.0,3,0.155,1,1,0.155,1,1,2.0,False,False,False,0,0,2055929.7234933334,4955863.466154136,1350.0,5,5,5
2.0,1,0.058,1,3,0.058,1,3,2.0,False,False,True,1,1,6000.824675324675,57641.53925172012,462.0,5,5,5
2.0,2,364.048,5,18,364.048,5,18,2.0,False,False,False,0,0,3486316.0833333335,3711316.491605417,24.0,3,3,3
2.0,1,0.043,2,3,0.043,2,3,2.0,False,False,True,1,1,6000.824675324675,57641.53925172012,462.0,5,5,5
2.0,2,779.845,5,9,779.845,5,9,2.0,False,False,False,0,0,2265160.150943396,2550682.4322402105,106.0,3,3,3
2.0,1,0.104,2,3,0.104,2,3,3.0,False,False,True,1,1,22820.574112734863,351108.59615685383,479.0,5,5,5
2.0,2,132.986,2,3,132.986,2,3,2.0,False,False,False,0,0,1701415.4931283332,4405303.844766605,1800.0,3,3,3
2.0,1,0.019,2,3,0.019,2,3,2.0,False,False,True,1,1,22820.574112734863,351108.59615685383,479.0,5,5,5
2.0,2,107.089,2,3,107.089,2,3,2.0,False,False,False,0,0,1701415.4931283332,4405303.844766605,1800.0,3,3,3
1.0,1,332.465,2,6,332.465,2,6,2.0,False,False,True,0,1,961751.0022276706,2378396.551958426,457.0,3,3,3
2.0,1,0.074,2,3,0.074,2,3,3.0,False,False,True,1,1,75481.19668637276,2051625.4592604141,998.0,5,5,5
2.0,2,66.444,2,3,66.444,2,3,2.0,False,False,False,0,0,1701415.4931283332,4405303.844766605,1800.0,3,3,3
3.0,1,0.02,1,2,0.02,1,2,2.0,False,False,True,1,1,75481.19668637276,2051625.4592604141,998.0,5,5,5
2.0,2,0.036,2,2,0.036,2,2,2.0,False,False,False,0,0,12770.226586102719,202431.9377014947,331.0,5,5,5
2.0,3,0.013,1,0,0.013,1,0,2.0,False,False,False,0,0,75481.19668637276,2051625.4592604141,998.0,5,5,5
2.0,4,49.234,7,5,49.234,7,5,2.0,False,False,False,0,0,182861.44444444444,179037.4612232808,9.0,3,3,3
1.0,1,267.628,3,5,267.628,3,5,2.0,False,False,True,0,1,4195095.936019736,7559490.551015541,152.0,4,4,4
1.0,1,291.437,3,3,291.437,3,3,3.0,False,False,True,0,1,2161085.2801515153,5096680.421204942,165.0,5,5,5
1.0,1,170.877,3,9,170.877,3,9,2.0,False,False,True,0,1,2949789.848037657,6845123.40029322,956.0,4,4,4
3.0,1,0.333,2,4,0.333,2,4,2.0,False,False,True,1,1,77146.38095238095,864191.0503552357,609.0,5,5,5
2.0,2,0.072,1,1,0.072,1,1,2.0,False,False,False,0,0,10149.449613207547,52218.5617028014,212.0,5,5,5
2.0,3,669.665,2,7,669.665,2,7,2.0,False,False,False,0,0,2951241.2666666666,6378283.706778183,105.0,1,1,1
2.0,4,1614.294,15,29,1614.294,15,29,2.0,False,False,False,0,0,2951241.2666666666,6378283.706778183,105.0,1,1,1
2.0,1,0.17,2,3,0.17,2,3,2.0,False,False,True,1,1,12770.226586102719,202431.9377014947,331.0,5,5,5
2.0,2,935.477,2,16,935.477,2,16,2.0,False,False,False,0,0,1802549.4038461538,3416720.913812871,104.0,3,3,3
3.0,1,0.017,2,3,0.017,2,3,3.0,False,False,True,1,1,3425.0075187969924,43351.95401578527,532.0,5,5,5
2.0,2,0.051,1,1,0.051,1,1,2.0,False,False,False,0,0,75481.19668637276,2051625.4592604141,998.0,5,5,5
2.0,3,20.157,3,5,20.157,3,5,2.0,False,False,False,0,0,1769977.9826086957,3389821.301189889,575.0,5,5,5
2.0,1,0.083,2,3,0.083,2,3,2.0,False,False,True,1,1,6000.824675324675,57641.53925172012,462.0,5,5,5
2.0,2,1746.815,5,7,1746.815,5,7,2.0,False,False,False,0,0,1701415.4931283332,4405303.844766605,1800.0,2,2,2
