issueid,sentiment_compound_mean,sentiment_compound_std,sentiment_compound_min,sentiment_compound_max,sentiment_pos_mean,sentiment_neg_mean,word_count_mean,word_count_sum,question_count_sum,politeness_score_sum,urgency_score_sum,technical_score_sum,solution_score_sum,reporter_sentiment_compound_mean,reporter_word_count_mean,reporter_word_count_count,reporter_politeness_score_sum
1004298.0,0.14921428571428572,0.2989062296854634,-0.765,0.8442,0.24402232142857144,0.02878125,11.59375,2597,5,35,1,27,15,0.09491904761904761,12.547619047619047,126.0,16.0
1004357.0,0.044610000000000004,0.3952725973433098,-0.7884,0.5423,0.2584,0.1127,15.85,317,3,3,0,7,4,-0.16695,22.0,2.0,0.0
1004361.0,0.217990625,0.2814672936448075,-0.481,0.7783,0.3107109375,0.0134609375,7.0,896,3,31,4,15,4,0.25667999999999996,6.4,5.0,0.0
1004362.0,0.18972048192771085,0.24816172623075247,-0.2263,0.6705,0.28331927710843374,0.002433734939759036,7.319277108433735,1215,3,31,8,22,4,0.14049999999999999,8.0,3.0,0.0
1004364.0,0.14199032258064517,0.27216632825637915,-0.481,0.6369,0.2813225806451613,0.054161290322580644,5.32258064516129,165,3,4,0,5,2,0.36985,4.0,2.0,1.0
1004366.0,0.08802,0.2775365364283261,-0.481,0.5423,0.15235,0.0687,8.55,171,3,2,0,6,3,0.0,16.0,1.0,0.0
1004368.0,0.16628435374149658,0.23948605064209474,-0.6908,0.7096,0.32120408163265307,0.015938775510204083,5.530612244897959,813,3,16,11,25,2,0.1900125,4.25,8.0,0.0
1004427.0,0.11465579710144927,0.24498276716337467,-0.6705,0.7506,0.19412318840579712,0.01951449275362319,7.644927536231884,1055,3,20,0,20,9,0.06548636363636363,8.681818181818182,22.0,1.0
1004437.0,0.17357582417582418,0.3638680088349069,-0.6908,0.8481,0.21734065934065933,0.03538461538461539,9.703296703296703,883,3,23,0,6,10,0.0,19.0,1.0,0.0
1004440.0,0.1909465408805031,0.25456515983634753,-0.481,0.8074,0.27444234800838574,0.012436058700209644,5.59538784067086,2669,17,126,0,23,19,0.3080538461538461,5.75,52.0,29.0
1004444.0,0.2312970149253731,0.278789468759214,-0.481,0.6908,0.35288059701492536,0.01564676616915423,4.393034825870647,883,4,30,3,22,4,0.16621764705882353,4.529411764705882,17.0,4.0
1004446.0,0.1506525,0.257371494283303,-0.5499,0.6705,0.2863,0.027012500000000002,5.1375,411,4,11,0,10,2,0.21956363636363638,5.818181818181818,11.0,4.0
1004471.0,0.1530506329113924,0.2570987777217242,-0.481,0.5859,0.3009240506329114,0.039848101265822784,6.341772151898734,501,4,12,1,15,2,0.16579090909090907,5.7272727272727275,11.0,1.0
1004476.0,0.08572380952380952,0.2676982459874586,-0.481,0.5423,0.17480952380952383,0.07080952380952381,9.476190476190476,199,3,3,1,7,2,0.05387499999999999,11.0,4.0,1.0
1004503.0,0.07538888888888888,0.23529189312118998,-0.577,0.5423,0.19625925925925927,0.03738888888888889,7.444444444444445,402,3,2,0,10,5,-0.577,15.0,1.0,0.0
1004519.0,0.19258738738738737,0.25961632849513533,-0.481,0.7184,0.25947747747747746,0.01372072072072072,5.27027027027027,585,3,30,0,15,2,0.14049999999999999,9.333333333333334,3.0,0.0
1004526.0,0.11538958333333334,0.2775426637584578,-0.6597,0.8074,0.19667708333333334,0.0246875,8.4375,810,3,12,0,20,3,0.09974,5.8,5.0,0.0
1004530.0,0.24332881355932204,0.295820051925122,-0.5242,0.7184,0.39886440677966106,0.03457627118644068,6.491525423728813,383,4,14,0,8,2,0.25204375,10.25,16.0,7.0
1004571.0,0.14455245901639344,0.30120840769947377,-0.8271,0.6705,0.25863934426229507,0.04388524590163934,5.540983606557377,338,5,14,0,7,5,-0.09667499999999998,8.75,4.0,0.0
1004647.0,0.18999047619047618,0.2824021002906108,-0.481,0.8074,0.3170952380952381,0.03271428571428571,5.476190476190476,230,3,6,0,6,2,0.2746692307692308,4.461538461538462,13.0,2.0
1004667.0,0.261355,0.26666502778852447,-0.481,0.8271,0.37293,0.013739999999999999,6.58,658,6,29,0,6,3,0.32858181818181814,5.909090909090909,11.0,3.0
1004687.0,0.22450454545454546,0.3152139310996698,-0.481,0.6369,0.31013636363636365,0.06636363636363636,13.318181818181818,293,3,5,0,6,2,0.36994,7.2,5.0,4.0
1004695.0,0.11837,0.28702305652048055,-0.7506,0.5423,0.2517,0.04955,6.65,266,3,5,0,10,2,0.060787499999999994,5.625,8.0,2.0
1004761.0,0.1529670634920635,0.2669276053922229,-0.6908,0.8689,0.24465079365079365,0.01932142857142857,5.7936507936507935,1460,5,49,3,25,4,0.2513758064516129,5.548387096774194,62.0,18.0
1004770.0,0.16476888888888888,0.33115740408879324,-0.743,0.7003,0.3014,0.046933333333333334,6.511111111111111,293,3,7,0,9,5,0.06898000000000001,10.8,5.0,2.0
1004778.0,0.22256860465116277,0.30130460696644934,-0.5106,0.6705,0.37994186046511624,0.024302325581395348,7.1395348837209305,614,3,13,2,16,8,0.09889047619047618,5.619047619047619,21.0,0.0
1004798.0,0.172095,0.28581282825456206,-0.481,0.6597,0.28300000000000003,0.041975,5.175,207,3,5,0,5,2,0.21056,2.6,5.0,1.0
1004808.0,0.21223736842105262,0.2708195965716256,-0.481,0.8807,0.30306315789473687,0.00991578947368421,6.436842105263158,1223,3,37,0,22,14,0.3367578947368421,6.7368421052631575,19.0,5.0
1004836.0,0.1449030303030303,0.26364468333920615,-0.481,0.6369,0.2582424242424243,0.05087878787878788,6.575757575757576,217,3,5,0,5,4,0.246225,9.75,4.0,1.0
1004854.0,0.11090869565217391,0.28354227504753227,-0.481,0.7003,0.18591304347826085,0.05973913043478261,7.913043478260869,182,3,2,0,5,3,0.08344285714285714,5.428571428571429,7.0,0.0
1004857.0,0.16528444444444446,0.26925770349033445,-0.481,0.6597,0.2645777777777778,0.037311111111111114,7.0,315,3,5,0,8,2,0.26720000000000005,9.666666666666666,3.0,0.0
1004859.0,0.15870753138075314,0.24824416070290015,-0.743,0.8316,0.26722175732217573,0.01696373779637378,5.514644351464435,3954,22,125,16,72,33,0.2127507142857143,5.728571428571429,140.0,36.0
1004868.0,0.2375911111111111,0.2539421326550081,-0.4019,0.7506,0.30146666666666666,0.024466666666666668,8.355555555555556,376,1,15,0,1,2,0.3413,5.833333333333333,6.0,2.0
1004899.0,0.1321923076923077,0.271834689882439,-0.481,0.743,0.20002564102564102,0.04305128205128205,6.0,234,3,7,0,5,3,0.13913,4.6,10.0,2.0
1004926.0,0.1939467741935484,0.29113334937889046,-0.481,0.8721,0.28093548387096773,0.03196774193548387,6.435483870967742,399,4,14,0,8,4,0.27002666666666664,9.2,15.0,5.0
1004974.0,0.25494252873563217,0.27701889643890515,-0.481,0.8074,0.3751954022988506,0.019298850574712645,5.459770114942529,475,4,20,0,9,5,0.0,10.0,1.0,0.0
1004975.0,0.15496461538461537,0.30038373085041636,-0.7003,0.6705,0.28190769230769236,0.03112307692307692,6.815384615384615,443,3,12,3,10,4,-0.7003,30.0,1.0,0.0
1004982.0,0.16640666666666665,0.3146155730700275,-0.481,0.8074,0.2833555555555555,0.04215555555555556,7.555555555555555,340,4,10,1,8,4,-0.4019,23.0,1.0,0.0
1004985.0,0.17875238095238094,0.25230638215509027,-0.6124,0.5747,0.3330952380952381,0.01570238095238095,6.738095238095238,566,0,19,1,7,2,0.19269999999999998,6.526315789473684,19.0,2.0
1005010.0,0.19978857142857143,0.30596839203481413,-0.481,0.836,0.2545142857142857,0.046714285714285715,9.057142857142857,317,3,9,0,6,2,0.836,23.0,1.0,0.0
1005054.0,0.3069657894736842,0.3170139380313059,-0.481,0.7906,0.42357894736842105,0.043763157894736844,8.447368421052632,321,4,11,0,9,6,0.42441333333333336,8.266666666666667,15.0,7.0
1005061.0,0.19455384615384613,0.2642982855502138,-0.481,0.8481,0.3220076923076923,0.02026153846153846,6.253846153846154,813,8,26,0,12,7,0.21315625,6.765625,64.0,11.0
1005066.0,0.2000673469387755,0.3467771290683656,-0.743,0.802,0.36030612244897964,0.040775510204081634,9.16326530612245,449,5,7,2,7,2,0.06149999999999999,8.545454545454545,11.0,1.0
1005097.0,0.2852585798816568,0.26307587953518147,-0.481,0.836,0.4231775147928994,0.011331360946745563,6.017751479289941,1017,7,47,3,14,16,0.3486365853658537,6.463414634146342,41.0,11.0
1005100.0,0.16764603174603174,0.254484022456444,-0.481,0.7017,0.23680952380952383,0.02480952380952381,6.523809523809524,411,7,15,2,9,2,0.0,7.333333333333333,3.0,0.0
1005108.0,0.15885,0.2492009534574088,-0.481,0.6369,0.29156,0.03358,5.44,272,3,6,1,8,3,0.0,5.0,1.0,0.0
1005113.0,0.13762542372881356,0.2558395554553541,-0.481,0.6486,0.20211864406779662,0.028593220338983052,8.271186440677965,488,3,8,1,9,4,0.1352142857142857,9.142857142857142,7.0,1.0
1005127.0,0.125525,0.30986647339351403,-0.481,0.5994,0.2554375,0.08587499999999999,9.9375,159,3,3,0,5,2,0.21158000000000002,7.0,5.0,2.0
1005133.0,0.131648,0.2808151899975023,-0.481,0.5859,0.30808,0.060039999999999996,7.76,194,3,4,0,6,5,0.3182,7.0,1.0,1.0
1005150.0,0.10653333333333333,0.2676749613099452,-0.481,0.5423,0.22084615384615383,0.055,8.743589743589743,341,3,6,0,15,4,0.3275666666666667,16.333333333333332,3.0,1.0
1005215.0,0.17539135802469136,0.24553120018776087,-0.481,0.802,0.24937962962962965,0.007944444444444443,4.20679012345679,1363,3,61,2,21,10,0.09789322033898304,2.790960451977401,177.0,25.0
1005228.0,0.15223928571428572,0.2962761428868604,-0.481,0.7003,0.24357142857142858,0.05996428571428571,7.25,203,3,4,0,5,4,0.285175,7.0,4.0,0.0
1005265.0,0.17179999999999998,0.29857918748633505,-0.7906,0.765,0.32102631578947366,0.02777631578947368,8.842105263157896,672,4,15,1,14,4,0.07848181818181818,7.045454545454546,22.0,2.0
1005282.0,0.19865933609958505,0.27596585448123356,-0.6249,0.8555,0.3044522821576764,0.016319502074688796,4.4937759336099585,1083,7,37,0,26,2,0.0838578947368421,3.4210526315789473,95.0,12.0
1005299.0,0.1319074074074074,0.28067396236851433,-0.5574,0.6808,0.2394814814814815,0.04311111111111111,6.851851851851852,370,4,9,0,13,4,0.05744545454545455,5.090909090909091,11.0,0.0
1005313.0,0.13040833333333335,0.2676652615007889,-0.481,0.6705,0.21547222222222223,0.04491666666666667,4.916666666666667,177,3,7,0,6,3,0.24695,10.0,2.0,1.0
1005318.0,0.07292857142857143,0.30726388356404194,-0.481,0.6705,0.18633333333333332,0.0931904761904762,8.19047619047619,172,3,3,0,6,4,-0.4019,8.0,1.0,0.0
1005319.0,0.1612084745762712,0.2610463641525929,-0.481,0.6705,0.24579661016949153,0.030457627118644068,5.271186440677966,311,5,14,0,5,4,0.0193,6.5,4.0,1.0
1005325.0,0.15546000000000001,0.275111519206303,-0.481,0.6705,0.2061,0.045799999999999993,8.133333333333333,244,3,4,0,5,2,0.22535555555555556,6.666666666666667,18.0,4.0
1005331.0,0.11827368421052631,0.303679404859257,-0.481,0.6705,0.16721052631578948,0.07231578947368421,8.31578947368421,158,3,3,0,5,2,0.2254142857142857,5.285714285714286,7.0,2.0
1005336.0,0.18395238095238092,0.3247427021798144,-0.481,0.6705,0.23085714285714284,0.06542857142857142,10.142857142857142,213,3,4,0,6,2,0.30256923076923076,7.846153846153846,13.0,4.0
1005341.0,0.125875,0.30010713775322767,-0.481,0.6705,0.17729166666666665,0.057249999999999995,7.625,183,3,4,0,5,2,0.105375,3.75,4.0,0.0
1005346.0,0.11255833333333332,0.28584733827185,-0.481,0.6444,0.25775,0.08620833333333333,7.916666666666667,190,3,1,0,9,7,0.1611,4.25,4.0,1.0
1005351.0,0.20635382059800664,0.23492272621797933,-0.481,0.8074,0.3040697674418605,0.00673421926910299,3.956810631229236,1191,13,73,1,15,2,0.23101458333333333,4.583333333333333,48.0,19.0
1005354.0,0.195065625,0.3191575853150178,-0.481,0.6597,0.34299999999999997,0.0845,8.1875,262,3,9,0,8,5,-0.296,4.0,1.0,0.0
1005365.0,0.1424642857142857,0.2516243313771339,-0.481,0.765,0.20991558441558442,0.025084415584415584,4.6688311688311686,719,4,33,0,10,7,0.37066,7.4,5.0,2.0
1005433.0,0.15200717948717948,0.2183540370938893,-0.481,0.7003,0.2859589743589744,0.012912820512820512,4.466666666666667,871,7,23,9,22,5,0.2564714285714286,6.523809523809524,21.0,3.0
1005442.0,0.20368709677419355,0.296225124684966,-0.481,0.6705,0.30887096774193545,0.048451612903225805,8.64516129032258,268,3,10,0,5,2,-0.0516,15.0,1.0,0.0
1005454.0,0.26630625,0.2968634132565331,-0.481,0.7717,0.40272916666666664,0.030645833333333334,5.8125,279,3,9,0,5,3,0.2410142857142857,5.0,7.0,2.0
1005462.0,0.20433205128205126,0.2755975110577833,-0.765,0.8074,0.3029679487179487,0.019192307692307693,5.44551282051282,1699,5,56,1,45,17,0.16843157894736843,5.315789473684211,38.0,7.0
1005467.0,0.06789285714285714,0.30979720280875983,-0.481,0.5994,0.12485714285714286,0.09814285714285713,12.071428571428571,169,3,1,0,5,4,0.0,12.0,2.0,0.0
1005472.0,0.18832631578947368,0.30811736371805043,-0.481,0.5423,0.3108947368421053,0.07231578947368421,10.736842105263158,204,3,4,0,5,3,0.26492857142857146,8.714285714285714,7.0,3.0
1005495.0,0.14048513513513514,0.24673085312866314,-0.481,0.6705,0.22299999999999998,0.024864864864864864,7.283783783783784,539,3,15,1,10,4,0.16054545454545455,7.636363636363637,22.0,4.0
1005500.0,0.14957185628742514,0.258607891512532,-0.5994,0.7783,0.29736526946107783,0.0261437125748503,5.347305389221557,893,9,20,1,13,9,0.13308799999999998,6.5,50.0,7.0
1005501.0,0.2167074074074074,0.2807384392363286,-0.4019,0.765,0.2847037037037037,0.021666666666666664,9.37037037037037,506,0,15,0,10,9,0.0,16.0,1.0,0.0
1005510.0,0.18638928571428573,0.2788967183786414,-0.481,0.765,0.26911904761904765,0.026904761904761904,5.880952380952381,494,3,21,1,11,4,0.3509333333333333,5.0,3.0,1.0
1005514.0,0.113036,0.26701781288895315,-0.481,0.6124,0.14096,0.054959999999999995,10.28,257,3,3,0,5,3,0.0,1.0,2.0,0.0
1005522.0,0.15447916666666667,0.2983547712826149,-0.481,0.6705,0.23420833333333335,0.057249999999999995,7.0,168,3,6,0,5,3,0.42755,3.5,2.0,2.0
1005534.0,0.039906250000000004,0.3640738633276678,-0.7027,0.5423,0.24743749999999998,0.109625,12.6875,203,3,1,0,10,4,0.1909,4.5,2.0,0.0
1005547.0,0.181665,0.31453879565752174,-0.481,0.5423,0.359,0.0789,10.15,203,3,5,0,6,2,0.23265,4.75,8.0,3.0
1005549.0,0.18684634146341464,0.24602335476703727,-0.6249,0.7003,0.3260060975609756,0.015024390243902438,6.865853658536586,1126,4,44,4,33,7,0.18931917808219179,5.835616438356165,73.0,10.0
1005561.0,0.118452,0.27664426375652135,-0.481,0.7184,0.21082,0.05106,6.44,322,3,12,0,5,10,0.12215714285714285,3.2857142857142856,7.0,2.0
1005614.0,0.21980774647887322,0.25588352322354985,-0.481,0.7351,0.2970985915492958,0.010908450704225352,6.176056338028169,877,5,44,0,20,9,0.14932285714285715,5.142857142857143,35.0,7.0
1005633.0,0.247072,0.2528399400539529,-0.481,0.7096,0.39327999999999996,0.024640000000000002,10.266666666666667,770,4,16,2,17,5,0.3065184210526316,11.18421052631579,38.0,10.0
1005639.0,0.07066296296296296,0.23318565094419466,-0.481,0.5423,0.17055555555555554,0.05366666666666667,7.925925925925926,214,3,3,2,6,2,0.114975,6.25,8.0,0.0
1005687.0,0.10738947368421052,0.2541451913072139,-0.481,0.5423,0.2388157894736842,0.02844736842105263,12.710526315789474,483,3,6,0,10,3,0.0978375,6.5,8.0,1.0
1005689.0,0.17326800000000003,0.3419828293935238,-0.481,0.7017,0.35235999999999995,0.04452,11.92,298,3,7,0,6,5,0.0,5.0,2.0,0.0
1005715.0,0.1657064935064935,0.28893457843459014,-0.5267,0.8402,0.2643636363636364,0.027493506493506494,8.142857142857142,627,3,12,0,26,8,0.301625,6.75,12.0,2.0
1005729.0,0.20573673469387754,0.2694038176340163,-0.481,0.5994,0.33706122448979586,0.030551020408163262,7.163265306122449,351,6,10,0,12,7,0.0,9.0,2.0,0.0
1005731.0,0.19165859375,0.2615091442454567,-0.481,0.8074,0.256765625,0.014421874999999999,6.5078125,833,5,30,0,13,10,0.021583333333333333,9.166666666666666,6.0,0.0
1005756.0,0.18584874999999998,0.24810884248639078,-0.481,0.8074,0.28326250000000003,0.009525,5.975,478,5,13,0,5,4,0.15272,6.733333333333333,15.0,2.0
1005770.0,0.15264358974358974,0.31945964063915955,-0.6249,0.6597,0.2956410256410257,0.05923076923076923,5.846153846153846,228,3,4,0,5,2,0.42115,8.0,2.0,0.0
1005778.0,0.20862583333333334,0.2522921294268378,-0.481,0.6705,0.313475,0.012308333333333333,6.3,756,4,20,1,6,8,0.19093658536585367,5.634146341463414,41.0,4.0
1005786.0,0.15325405405405404,0.2610964022822018,-0.481,0.7506,0.22871621621621624,0.02268918918918919,6.283783783783784,465,4,14,4,10,3,0.093825,8.125,8.0,0.0
1005792.0,0.24148396226415095,0.23294225368074647,-0.4019,0.7096,0.4091037735849057,0.012452830188679246,5.90566037735849,626,3,38,0,11,3,0.24984137931034484,4.620689655172414,29.0,8.0
1005794.0,0.18581034482758618,0.26914983219725186,-0.6124,0.5574,0.37186206896551727,0.028999999999999998,11.379310344827585,660,7,9,0,14,5,0.16853749999999998,8.75,32.0,5.0
1005816.0,0.21070472440944882,0.2831718693594941,-0.7351,0.7964,0.28836220472440943,0.013496062992125983,6.889763779527559,875,3,37,1,29,12,0.13992,7.3,20.0,3.0
1005845.0,0.20918032786885246,0.2725092205288181,-0.481,0.6551,0.32024590163934424,0.027524590163934427,5.655737704918033,345,3,10,1,7,5,0.20515454545454545,4.2727272727272725,11.0,2.0
1005909.0,0.20713673469387753,0.28998541895375063,-0.481,0.7964,0.26777551020408163,0.034265306122448984,7.795918367346939,382,3,9,0,6,4,0.36858,10.4,5.0,1.0
1005913.0,0.07955,0.23582242635973694,-0.481,0.5423,0.17671875,0.0610625,6.375,204,5,3,0,6,5,0.0,4.5,2.0,0.0
1005940.0,0.23977758620689654,0.2774150806490416,-0.5719,0.765,0.35592241379310346,0.02456034482758621,6.232758620689655,723,7,30,0,15,2,0.1172888888888889,3.7777777777777777,9.0,1.0
1005957.0,0.2117470588235294,0.25331161637647776,-0.481,0.7184,0.3112450980392157,0.013470588235294116,6.2254901960784315,635,4,27,0,14,3,0.284725,9.0,16.0,7.0
1005959.0,0.1603868131868132,0.28887897743164626,-0.5106,0.7823,0.22745054945054946,0.0309010989010989,6.483516483516484,590,7,19,0,16,3,0.16497272727272724,5.7272727272727275,11.0,2.0
1005960.0,0.23013333333333333,0.2914022464945775,-0.7003,0.765,0.29720454545454544,0.023393939393939394,8.878787878787879,1172,5,40,0,15,2,0.027579999999999983,12.6,5.0,0.0
1005967.0,0.18275882352941175,0.34998346757172605,-0.481,0.7096,0.26188235294117646,0.0808235294117647,9.411764705882353,160,3,3,0,5,2,0.2708333333333333,5.5,6.0,2.0
1006015.0,0.152925,0.24902009959037444,-0.481,0.7964,0.24192857142857144,0.01613392857142857,6.214285714285714,696,3,22,1,10,6,0.19518,7.4,10.0,4.0
1006026.0,0.22641954022988506,0.2858370021936313,-0.481,0.8074,0.2829885057471265,0.017241379310344827,6.172413793103448,537,3,26,0,16,9,0.2740666666666667,12.666666666666666,3.0,1.0
1006029.0,0.16808181818181817,0.2885781354920897,-0.481,0.7579,0.23854545454545453,0.04566666666666666,7.363636363636363,243,3,7,0,6,4,0.38244,4.6,5.0,3.0
1006057.0,0.08659375,0.2968956729304736,-0.481,0.6369,0.22878125,0.06415625,12.0,384,3,4,0,10,3,0.0,5.0,2.0,0.0
1006058.0,0.209282,0.2708308283806292,-0.481,0.8779,0.24143666666666666,0.00784,5.626666666666667,1688,8,68,2,30,19,0.38765,6.657894736842105,38.0,13.0
1006061.0,0.09025781249999999,0.2685733879219994,-0.5106,0.7269,0.17835937500000001,0.04278125,5.9375,380,5,11,0,10,5,0.01527391304347826,1.608695652173913,23.0,2.0
1006063.0,0.16738684210526314,0.3031964318864539,-0.481,0.7783,0.24728947368421053,0.04818421052631579,7.947368421052632,302,3,7,0,5,2,0.1361,5.090909090909091,11.0,1.0
1006065.0,0.17514216524216525,0.2416638885987142,-0.6814,0.8555,0.2864259259259259,0.0068660968660968665,6.089743589743589,4275,17,183,14,98,25,0.23041556886227543,4.245508982035928,167.0,78.0
1006073.0,0.1596763157894737,0.2599835602226797,-0.481,0.5707,0.29626315789473684,0.04836842105263158,5.7368421052631575,218,3,8,0,8,5,0.24283333333333332,5.5,6.0,4.0
1006083.0,0.20396666666666668,0.2902086364439671,-0.481,0.8271,0.261,0.026941176470588232,6.549019607843137,334,3,14,0,12,7,0.1986818181818182,4.181818181818182,11.0,2.0
1006087.0,0.056176000000000004,0.26219113937482075,-0.481,0.5423,0.16503999999999996,0.09032,11.88,297,3,2,2,8,2,,,,
1006097.0,0.1522609022556391,0.26794333323190217,-0.481,0.765,0.2782105263157895,0.028473684210526314,4.533834586466165,603,6,26,1,15,4,0.07537142857142858,4.485714285714286,35.0,6.0
1006128.0,0.12619454545454545,0.24995082806659882,-0.5423,0.6369,0.2225818181818182,0.033345454545454546,8.0,440,4,8,1,13,6,0.14586,5.8,10.0,2.0
1006139.0,0.23023690476190475,0.27604294924241163,-0.481,0.8271,0.2845,0.02420238095238095,6.285714285714286,528,7,25,0,10,9,0.24935,7.666666666666667,6.0,2.0
1006150.0,0.17741206896551723,0.2745463774311302,-0.481,0.7964,0.2883965517241379,0.02986206896551724,6.224137931034483,361,4,13,1,6,2,0.23937777777777777,11.333333333333334,9.0,3.0
1006218.0,0.1496234375,0.2659272049468674,-0.481,0.792,0.22975,0.032328125,7.265625,465,3,11,1,9,3,0.15685454545454547,12.090909090909092,11.0,4.0
1006237.0,0.1652764705882353,0.2669207212550088,-0.481,0.6908,0.2888235294117647,0.03409803921568628,5.862745098039215,299,3,8,0,7,3,0.22125555555555554,6.111111111111111,9.0,1.0
1006253.0,0.14523793103448276,0.34444214879569407,-0.6555,0.875,0.24337931034482757,0.07086206896551725,8.551724137931034,248,3,4,0,10,6,0.24546666666666664,6.333333333333333,3.0,1.0
1006256.0,0.14473529411764705,0.31342306659923835,-0.481,0.5423,0.29458823529411765,0.09229411764705882,13.470588235294118,229,3,1,0,7,4,0.24656666666666668,7.333333333333333,3.0,1.0
1006259.0,0.1683525,0.3536384569323859,-0.5106,0.7579,0.292075,0.0515625,11.0625,885,11,19,1,18,14,0.2936192307692308,10.192307692307692,26.0,11.0
1006279.0,0.21418177777777778,0.2581014535722554,-0.5267,0.9395,0.31361333333333336,0.008413333333333333,6.92,1557,6,73,3,6,25,0.2512904761904762,4.666666666666667,63.0,31.0
1006288.0,0.22203032786885243,0.2534513893403808,-0.1531,0.8074,0.21679508196721312,0.005770491803278688,6.827868852459017,833,1,32,1,15,9,0.48310000000000003,7.0,3.0,2.0
1006292.0,0.16304038461538461,0.28323748039037555,-0.481,0.836,0.2155576923076923,0.03228846153846154,6.365384615384615,331,3,8,0,8,4,0.12446666666666667,6.2,15.0,1.0
1006331.0,0.13251538461538462,0.26992688890484057,-0.481,0.6249,0.18173076923076922,0.05284615384615384,9.73076923076923,253,3,5,1,11,7,0.0,8.0,1.0,0.0
1006514.0,0.16818947368421053,0.36003695010178677,-0.481,0.6369,0.3137894736842105,0.08110526315789474,11.68421052631579,222,3,3,0,8,2,0.31052222222222226,7.0,9.0,3.0
1006522.0,0.1397452830188679,0.26798247256550606,-0.481,0.6705,0.26962264150943394,0.03775471698113207,5.547169811320755,294,3,8,1,7,6,0.22613333333333333,7.166666666666667,6.0,1.0
1006523.0,0.054580000000000004,0.32926690789747404,-0.7906,0.5423,0.24291111111111113,0.07124444444444444,6.377777777777778,287,3,4,1,9,4,-0.255175,9.25,4.0,0.0
1006527.0,0.14771304347826086,0.35681351292230035,-0.5499,0.6369,0.33817391304347827,0.07704347826086956,10.608695652173912,244,3,3,0,9,5,0.20945555555555556,5.777777777777778,9.0,1.0
1006536.0,0.19588942307692306,0.2334460994391494,-0.481,0.6597,0.33707692307692305,0.017374999999999998,5.615384615384615,584,3,31,1,13,3,0.2628942857142857,4.685714285714286,35.0,23.0
1006548.0,0.26263275862068963,0.3290499478898175,-0.481,0.8807,0.2720172413793103,0.025086206896551725,10.172413793103448,590,5,20,0,11,11,0.37472500000000003,9.25,16.0,9.0
1006560.0,0.16476901408450703,0.2641698477395336,-0.481,0.6705,0.2690845070422535,0.018549295774647888,7.338028169014085,521,5,15,0,12,3,0.2558125,4.125,8.0,3.0
1006565.0,0.0934780487804878,0.24093277953839648,-0.481,0.5423,0.21558536585365853,0.05790243902439025,10.341463414634147,424,3,1,0,14,4,0.06021428571428571,4.0,7.0,0.0
1006593.0,0.17567027027027027,0.2628697462386974,-0.481,0.7506,0.25937837837837835,0.02264864864864865,6.45945945945946,478,7,18,0,7,3,0.13077142857142857,3.2857142857142856,7.0,1.0
1006597.0,0.14622000000000002,0.31131121443869336,-0.481,0.7351,0.29414285714285715,0.059314285714285715,6.942857142857143,243,3,4,0,7,4,0.0469,6.0,5.0,2.0
1006608.0,0.15418791540785498,0.234733783263158,-0.5106,0.836,0.23924773413897282,0.009522658610271904,5.993957703927492,1984,12,69,1,31,4,0.09234473684210527,6.657894736842105,38.0,6.0
1006613.0,0.12815000000000001,0.24916193375146461,-0.481,0.5423,0.2524,0.041975,4.875,195,3,4,0,5,2,0.1468,3.0,3.0,0.0
1006627.0,0.0808764705882353,0.30411339687979005,-0.481,0.7506,0.12576470588235295,0.0808235294117647,10.705882352941176,182,3,2,0,5,4,0.0,12.0,2.0,0.0
1006671.0,0.037585714285714285,0.23222346127466656,-0.4019,0.5423,0.1488857142857143,0.04217142857142857,9.542857142857143,334,3,1,1,9,14,0.0,3.75,4.0,0.0
1006673.0,0.204224,0.23778223176245844,-0.481,0.6369,0.355,0.01376,5.232,654,5,19,0,8,3,0.20663499999999999,5.575,40.0,3.0
1006683.0,0.11475625,0.2674263636212358,-0.481,0.7506,0.1725,0.042937499999999997,7.40625,237,3,5,0,5,4,0.0,6.25,4.0,0.0
1006694.0,0.1830438775510204,0.27004139585921466,-0.5106,0.8074,0.28333673469387755,0.017387755102040815,4.683673469387755,459,4,22,1,7,2,0.24238461538461537,3.769230769230769,13.0,3.0
1006715.0,0.14399108910891087,0.24062754210564094,-0.5994,0.5574,0.2574158415841584,0.020336633663366334,6.079207920792079,614,5,12,0,10,6,0.14836470588235293,6.529411764705882,17.0,1.0
1006717.0,0.083125,0.3558379378312549,-0.5994,0.5574,0.254,0.09987499999999999,11.4375,183,3,1,0,7,5,0.244725,8.5,4.0,1.0
1006725.0,0.11243445378151261,0.3233826739373603,-0.6652,0.7003,0.2798739495798319,0.05264705882352941,6.050420168067227,720,5,22,1,31,4,0.11162999999999998,8.2,40.0,10.0
1006726.0,0.19605185185185187,0.3123428667966445,-0.481,0.6369,0.32529629629629625,0.05651851851851852,8.148148148148149,220,3,4,0,5,2,0.23732727272727272,7.363636363636363,11.0,2.0
1006781.0,0.1702783783783784,0.28342778732973706,-0.481,0.6369,0.336,0.05213513513513514,6.054054054054054,224,3,6,0,8,3,0.14794000000000002,5.4,5.0,2.0
1006784.0,0.20035774647887325,0.25652808739261435,-0.481,0.8074,0.27524413145539905,0.008140845070422535,4.784037558685446,1019,11,59,2,19,10,0.11363333333333332,5.466666666666667,30.0,6.0
1006791.0,0.09346129032258065,0.24604284678001287,-0.481,0.5574,0.14570967741935484,0.045612903225806446,9.35483870967742,290,3,2,0,5,4,0.05741428571428571,9.428571428571429,7.0,0.0
1006809.0,0.16314120370370372,0.2695341402484565,-0.8225,0.765,0.27188425925925924,0.013287037037037038,5.587962962962963,1207,5,46,0,29,9,0.18546451612903225,4.645161290322581,31.0,8.0
1006839.0,0.09537142857142858,0.2884253120431314,-0.8316,0.5423,0.2764761904761905,0.059857142857142866,5.595238095238095,235,3,4,2,8,4,0.040075,3.25,8.0,0.0
1006841.0,0.24648837209302327,0.29811802409472654,-0.481,0.8074,0.2859069767441861,0.03195348837209302,7.790697674418604,335,4,13,0,9,6,0.20596666666666666,4.166666666666667,6.0,2.0
1006849.0,0.15456341085271316,0.216131338881554,-0.5106,0.7706,0.24190387596899224,0.007271317829457363,4.801550387596899,3097,7,106,43,73,14,0.18201181102362204,4.858267716535433,127.0,23.0
1006856.0,0.18470982142857142,0.2616489068259431,-0.481,0.6597,0.2872589285714286,0.03465178571428572,9.232142857142858,1034,4,31,1,25,11,0.2273578947368421,6.5,38.0,11.0
1006870.0,0.1864898305084746,0.2816238379500125,-0.481,0.6369,0.33245762711864413,0.03676271186440678,5.610169491525424,331,5,3,0,8,6,0.100475,5.0,4.0,0.0
1006872.0,0.16793125,0.2706680916423902,-0.481,0.7017,0.279234375,0.030890624999999998,7.125,456,3,17,0,9,2,0.1444875,7.125,8.0,2.0
1006882.0,0.22650483870967741,0.3071954935992363,-0.481,0.8074,0.2710322580645161,0.023419354838709678,7.080645161290323,439,3,15,2,11,3,0.0,4.0,3.0,0.0
1006918.0,0.12769310344827586,0.2769451595159416,-0.481,0.6486,0.2354137931034483,0.057896551724137935,6.103448275862069,177,3,4,0,5,2,0.0,1.0,1.0,0.0
1006956.0,0.1999657142857143,0.2787572272266541,-0.4019,0.7506,0.2942,0.04165714285714286,7.0285714285714285,246,2,5,1,4,3,0.408675,3.75,4.0,1.0
1006971.0,0.22979565217391307,0.3281176749530582,-0.481,0.7717,0.3333478260869565,0.05973913043478261,8.782608695652174,202,3,5,0,5,3,0.2891666666666667,5.222222222222222,9.0,3.0
1007003.0,0.08569310344827587,0.2510680825863695,-0.481,0.6597,0.18617241379310345,0.057896551724137935,7.344827586206897,213,3,2,0,6,3,0.08523333333333333,5.666666666666667,9.0,1.0
1007010.0,0.1703777777777778,0.24648587882008877,-0.481,0.7707,0.32693333333333335,0.022866666666666667,7.266666666666667,981,8,49,0,25,2,0.20894848484848483,6.545454545454546,33.0,20.0
1007026.0,0.18043333333333333,0.27805201457104667,-0.481,0.7096,0.3192307692307692,0.046615384615384614,8.64102564102564,337,4,7,0,10,4,0.38248,6.2,5.0,4.0
1007104.0,0.18167233429394813,0.27370145128352663,-0.7096,0.8779,0.3225100864553314,0.013959654178674353,6.170028818443804,2141,12,56,1,35,19,0.1404706896551724,4.724137931034483,58.0,9.0
1007123.0,0.18373493975903615,0.2313945918146422,-0.481,0.8126,0.2909718875502008,0.011493975903614458,5.742971887550201,1430,16,68,1,34,8,0.26501714285714284,5.2,35.0,14.0
1007129.0,0.138332,0.2999627361856802,-0.481,0.6597,0.26924,0.06084,10.8,270,3,2,0,5,2,0.28302499999999997,8.25,8.0,2.0
1007137.0,0.1908671641791045,0.26133365985047735,-0.481,0.7351,0.2321417910447761,0.014283582089552238,5.731343283582089,768,6,27,1,10,9,0.0,6.5,2.0,0.0
1007142.0,0.19117888888888887,0.27648505760240144,-0.481,0.7184,0.2698,0.025611111111111112,5.566666666666666,501,7,20,1,14,3,0.12726666666666667,2.6666666666666665,3.0,0.0
1007200.0,0.20133311688311686,0.2532121129110179,-0.481,0.8074,0.3232792207792208,0.019928571428571427,4.863636363636363,749,10,34,0,11,8,0.17580588235294117,4.9411764705882355,17.0,2.0
1007203.0,0.22225,0.27078304800341824,-0.481,0.765,0.2526914893617021,0.01668085106382979,7.468085106382978,702,3,27,1,17,4,0.21276666666666666,9.166666666666666,6.0,1.0
1007210.0,0.1939876923076923,0.26288979422688485,-0.481,0.6705,0.3012923076923077,0.022123076923076922,6.938461538461539,451,3,15,0,12,5,0.2701125,6.5,8.0,3.0
1007212.0,0.20551176470588234,0.28178326397929226,-0.481,0.7506,0.26607843137254905,0.029058823529411765,6.627450980392157,338,3,12,0,8,2,0.1998,14.666666666666666,3.0,0.0
1007240.0,0.17903023255813952,0.26155093425007575,-0.481,0.6705,0.267906976744186,0.033069767441860465,7.627906976744186,328,6,7,0,6,3,0.3963833333333333,12.0,6.0,3.0
1007244.0,0.2299060465116279,0.2311953343534862,-0.3612,0.7783,0.36513023255813953,0.008451162790697674,7.186046511627907,1545,1,80,7,42,9,0.24202115384615386,6.346153846153846,52.0,27.0
1007254.0,0.20008571428571428,0.2888372137004459,-0.765,0.8074,0.3111269841269841,0.014761904761904763,5.264550264550264,995,8,52,0,20,4,0.19934333333333332,7.833333333333333,30.0,5.0
1007255.0,0.10667307692307691,0.3787723469924301,-0.481,0.7184,0.28873076923076924,0.1193846153846154,8.73076923076923,227,3,4,0,7,2,0.03719999999999998,7.333333333333333,6.0,2.0
1007260.0,0.19924038461538462,0.29719786718392294,-0.481,0.7017,0.2768653846153846,0.029826923076923077,6.865384615384615,357,3,14,0,11,4,-0.2294,8.5,2.0,0.0
1007261.0,0.14810174825174827,0.2524101711266029,-0.5267,0.6705,0.29205944055944055,0.01482167832167832,5.965034965034965,1706,4,82,0,40,11,0.09917777777777777,6.111111111111111,36.0,2.0
1007271.0,0.1175123076923077,0.2341954689114498,-0.481,0.7269,0.17715384615384616,0.022292307692307695,4.953846153846154,322,3,6,0,5,3,0.3891,6.666666666666667,3.0,0.0
1007291.0,0.21782418604651163,0.24859575783623272,-0.481,0.8074,0.3820372093023256,0.02337674418604651,6.530232558139535,1404,9,82,3,43,11,0.2976046875,6.53125,64.0,40.0
1007295.0,0.32382608695652176,0.3272464767431128,-0.7184,0.902,0.38532608695652176,0.017557971014492753,8.181159420289855,1129,3,49,0,21,6,0.3011882352941177,5.9411764705882355,17.0,4.0
1007323.0,0.24999318181818184,0.3327556938850129,-0.481,0.8074,0.2705227272727273,0.036727272727272726,8.409090909090908,370,3,13,0,9,5,0.14982,9.0,5.0,0.0
1007329.0,0.11726060606060607,0.2630882538942421,-0.481,0.7096,0.23078787878787876,0.05087878787878788,6.666666666666667,220,3,3,0,6,5,0.14192,3.4,5.0,1.0
1007343.0,0.20495136986301368,0.25522869859072944,-0.481,0.7017,0.32894520547945205,0.009410958904109588,5.1438356164383565,751,9,12,1,16,11,0.27239090909090913,10.454545454545455,11.0,3.0
1007351.0,0.22165128205128204,0.3052010802834876,-0.481,0.7184,0.26656410256410257,0.0401025641025641,9.538461538461538,372,3,10,0,5,3,0.27416,10.6,5.0,2.0
1007369.0,0.14182363636363637,0.24504510239699587,-0.481,0.6705,0.24052727272727276,0.03052727272727273,6.636363636363637,365,3,9,0,4,3,0.1644,7.166666666666667,12.0,2.0
1007379.0,0.2712131578947369,0.2967381447993287,-0.481,0.6369,0.3437368421052631,0.036157894736842104,10.18421052631579,387,3,8,0,6,2,0.3182,11.0,1.0,1.0
1007408.0,0.17067183098591548,0.2581781292730304,-0.5719,0.6705,0.302112676056338,0.01508450704225352,7.633802816901408,1084,4,34,2,10,8,0.09174285714285713,12.142857142857142,7.0,1.0
1007417.0,0.20461724137931034,0.32276267766677597,-0.481,0.8658,0.2722873563218391,0.026241379310344825,8.03448275862069,699,6,31,6,21,4,0.03119999999999999,16.25,4.0,0.0
1007420.0,0.2345171806167401,0.23626651520675782,-0.481,0.7906,0.32719823788546254,0.005524229074889868,8.26431718061674,1876,5,74,0,26,11,0.2494897435897436,6.6923076923076925,39.0,21.0
1007426.0,0.14021285714285714,0.2764097011245741,-0.481,0.6705,0.29719999999999996,0.03852857142857143,4.685714285714286,328,3,9,2,15,2,0.0998,5.125,8.0,1.0
1007438.0,0.09387391304347827,0.2623265300716773,-0.481,0.5423,0.14443478260869566,0.05973913043478261,10.391304347826088,239,3,2,0,6,4,0.0,9.0,4.0,0.0
1007444.0,0.2148922077922078,0.27357941152829235,-0.481,0.802,0.2775974025974026,0.02525974025974026,6.5064935064935066,501,3,21,1,18,13,0.2619125,5.375,8.0,5.0
1007473.0,0.24900740740740743,0.24817452904376966,-0.4019,0.6486,0.39266666666666666,0.006518518518518518,7.481481481481482,202,1,10,0,5,2,0.27286666666666665,4.555555555555555,9.0,4.0
1007478.0,0.11310959752321981,0.20481395148101136,-0.481,0.7096,0.21475232198142413,0.0048328173374613,4.801857585139319,1551,8,54,2,40,7,0.06326082474226805,2.943298969072165,194.0,21.0
1007481.0,0.16896101694915255,0.26162720583576693,-0.481,0.7017,0.25784745762711864,0.025322033898305084,9.288135593220339,548,6,10,0,7,6,0.135115,9.2,20.0,5.0
1007497.0,0.15936,0.31157432896595993,-0.481,0.8225,0.2036285714285714,0.044657142857142854,8.514285714285714,298,3,6,0,6,2,0.21048333333333336,8.833333333333334,6.0,1.0
1007511.0,0.2308221153846154,0.31904227797774587,-0.5574,0.8555,0.27763461538461537,0.02151923076923077,7.826923076923077,814,7,36,0,6,2,0.19263333333333332,6.277777777777778,18.0,3.0
1007543.0,0.19322043010752687,0.23453468898332494,-0.481,0.7783,0.2819713261648746,0.006978494623655914,5.71326164874552,1594,13,78,0,48,10,0.0386,3.0,2.0,0.0
1007557.0,0.18188354430379747,0.26572577074600595,-0.481,0.7184,0.2914936708860759,0.028000000000000004,4.708860759493671,372,3,19,0,6,3,0.09152857142857142,4.714285714285714,7.0,0.0
1007567.0,0.14453377777777776,0.23645667701286902,-0.5719,0.6908,0.23815555555555556,0.014053333333333333,5.248888888888889,1181,6,31,15,33,8,0.15213333333333334,7.444444444444445,18.0,2.0
1007574.0,0.1868625,0.2751379779955575,-0.481,0.5719,0.31484375000000003,0.042937499999999997,6.03125,193,3,9,0,6,2,0.45609999999999995,5.0,4.0,4.0
1007580.0,0.16214634146341464,0.2702359275684499,-0.481,0.6486,0.2693658536585366,0.046609756097560975,8.24390243902439,338,3,5,1,8,5,0.061419999999999995,7.5,10.0,1.0
1007611.0,0.2934397435897436,0.31148379638902635,-0.481,0.802,0.36182051282051286,0.014346153846153845,7.653846153846154,597,4,19,0,5,4,0.0,6.0,1.0,0.0
1007620.0,0.1101818359375,0.19355730372676969,-0.4939,0.8271,0.18051953125,0.0023886718749999997,3.5703125,1828,12,89,0,50,5,0.04964674922600618,1.8142414860681115,323.0,27.0
1007646.0,0.16264375,0.27434497230794147,-0.481,0.6486,0.27390625,0.042937499999999997,8.5625,274,3,4,0,8,4,0.2667,8.454545454545455,11.0,2.0
1007666.0,0.12832083333333333,0.24307027960543592,-0.481,0.6705,0.23194444444444443,0.026125,7.166666666666667,516,4,10,1,5,2,0.1733333333333333,7.0,15.0,2.0
1007671.0,0.19103030303030302,0.2949068311399895,-0.481,0.6705,0.25496969696969696,0.04403030303030303,7.242424242424242,239,3,6,0,5,4,0.254976,5.12,25.0,6.0
1007685.0,0.158408,0.3117432289026767,-0.481,0.7506,0.1524,0.054959999999999995,10.0,250,3,7,0,5,2,0.2629833333333333,6.5,6.0,2.0
1007718.0,0.042375,0.36767356264309603,-0.6705,0.5423,0.2031875,0.1159375,10.625,170,3,2,0,5,2,-0.04307999999999999,9.2,5.0,1.0
1007737.0,0.2211285714285714,0.2957017189007303,-0.481,0.7096,0.36539285714285713,0.049071428571428564,7.321428571428571,205,3,6,0,5,2,0.2934333333333333,5.333333333333333,3.0,1.0
1007739.0,0.228664192139738,0.2599626351894241,-0.6652,0.765,0.38731441048034937,0.0191528384279476,6.262008733624454,1434,16,71,2,37,16,0.3002522388059702,7.1940298507462686,67.0,29.0
1007771.0,0.15091897810218977,0.3002070820903187,-0.7063,0.7508,0.279014598540146,0.029729927007299272,6.08029197080292,833,12,25,0,7,2,0.05772499999999999,8.34375,32.0,1.0
1007794.0,0.1398290909090909,0.2750309684062716,-0.5423,0.6124,0.2404909090909091,0.024072727272727273,10.618181818181819,584,12,10,1,5,2,,,,
1007811.0,0.27756000000000003,0.32262714418763133,-0.481,0.6369,0.426,0.06716,8.16,204,3,6,0,5,2,0.33895,3.75,4.0,3.0
1007835.0,0.21773333333333333,0.3239386872186202,-0.481,0.8316,0.2857777777777778,0.050888888888888886,9.11111111111111,246,3,6,0,5,2,0.2707,7.333333333333333,3.0,2.0
1007853.0,0.035800000000000005,0.3637156444256969,-0.5106,0.6249,0.13815384615384615,0.12276923076923077,13.76923076923077,179,3,1,0,6,2,-0.17020000000000002,9.333333333333334,3.0,0.0
1007880.0,0.15956223958333332,0.21906708858589086,-0.481,0.7351,0.253265625,0.010450520833333332,4.674479166666667,1795,8,65,23,27,3,0.1875279069767442,4.465116279069767,43.0,7.0
1007887.0,0.20702962962962965,0.29443248255012006,-0.481,0.7096,0.33211111111111113,0.050888888888888886,7.2592592592592595,196,3,6,0,5,2,0.3182,15.0,1.0,1.0
1007932.0,0.19124181818181818,0.31717039507991845,-0.6486,0.8126,0.26045454545454544,0.039836363636363635,8.218181818181819,452,4,10,0,5,5,0.3139619047619047,6.857142857142857,21.0,5.0
1007957.0,0.16314642857142858,0.3566193223843649,-0.5574,0.6808,0.32582142857142854,0.07228571428571429,9.892857142857142,277,3,6,0,6,2,0.27415999999999996,5.2,5.0,3.0
1007975.0,0.17568604651162792,0.31710515424427194,-0.481,0.8271,0.2548837209302326,0.04234883720930233,7.6976744186046515,331,3,12,0,10,3,0.09951666666666666,8.666666666666666,6.0,3.0
1007991.0,0.2426074074074074,0.3278381142786622,-0.481,0.7003,0.31625925925925924,0.050888888888888886,8.62962962962963,233,3,6,0,5,2,0.44755,10.25,4.0,3.0
1008003.0,0.14834042553191487,0.23814600167304603,-0.481,0.5423,0.27489361702127657,0.039319148936170216,5.148936170212766,242,3,6,0,5,3,0.15179166666666666,2.0833333333333335,12.0,2.0
1008041.0,0.19011666666666668,0.3353080461263962,-0.481,0.7717,0.27875,0.06041666666666667,8.666666666666666,208,3,6,0,5,4,0.3253125,4.375,8.0,3.0
1008115.0,0.17169062499999999,0.28798246178607984,-0.481,0.802,0.2639375,0.042937499999999997,5.90625,189,3,8,0,5,2,0.213775,2.0,4.0,2.0
1008122.0,0.35475401459854017,0.2935212861843639,-0.481,0.875,0.40395620437956203,0.016102189781021896,10.094890510948906,1383,5,38,0,8,8,0.22740588235294118,8.088235294117647,34.0,13.0
1008131.0,0.16245416666666665,0.30837564469775114,-0.481,0.7096,0.2000833333333333,0.057249999999999995,8.416666666666666,202,3,5,0,6,2,0.22885,8.25,4.0,1.0
1008137.0,0.13707631578947369,0.26072561473828065,-0.481,0.7184,0.23589473684210527,0.05076315789473684,8.842105263157896,336,3,7,0,15,4,0.2202,1.0,2.0,0.0
1008170.0,0.19618823529411764,0.3007580887012474,-0.4019,0.8777,0.20625000000000002,0.01779411764705882,7.6911764705882355,523,0,16,1,13,2,0.3248,11.0,4.0,1.0
1008189.0,0.007797499999999999,0.2782498577302836,-0.552,0.5423,0.137625,0.0879,6.225,249,3,2,1,10,2,-0.030020000000000012,5.2,5.0,0.0
1008228.0,0.13893947368421053,0.24500596742812442,-0.481,0.5423,0.19655263157894737,0.03913157894736842,7.131578947368421,271,4,8,0,5,2,0.0,6.0,3.0,0.0
1008255.0,0.20725,0.298733316856356,-0.481,0.7096,0.3502692307692307,0.05284615384615384,7.846153846153846,204,3,5,0,5,2,0.0772,16.0,1.0,0.0
1008307.0,0.15866909090909093,0.2987992822347019,-0.5499,0.7017,0.24125454545454544,0.038854545454545454,5.963636363636364,328,6,13,0,11,2,-0.07678,8.2,5.0,0.0
1008309.0,0.1322871794871795,0.26836032844655083,-0.481,0.5423,0.258025641025641,0.05043589743589744,5.641025641025641,220,3,5,0,5,2,0.18964999999999999,2.25,4.0,1.0
1008322.0,0.11022142857142857,0.24004374518652766,-0.5499,0.765,0.12672077922077923,0.016077922077922076,7.954545454545454,1225,3,19,1,28,16,0.38630000000000003,12.333333333333334,3.0,1.0
1008360.0,0.12694893617021277,0.23845164141389313,-0.481,0.8316,0.20958510638297873,0.021648936170212768,4.25531914893617,800,12,33,0,26,7,0.13355999999999998,3.6,10.0,2.0
1008420.0,-0.016815384615384614,0.3702472620023582,-0.8402,0.5859,0.2065897435897436,0.10251282051282051,9.692307692307692,378,3,7,0,7,2,-0.20013999999999998,7.8,5.0,2.0
1008440.0,0.204796875,0.3405318975011383,-0.481,0.8591,0.2066875,0.03540625,10.5625,338,3,6,1,11,2,0.07183333333333332,7.333333333333333,3.0,1.0
1008457.0,0.15972894736842105,0.2750739599045025,-0.481,0.7579,0.2584605263157895,0.026276315789473686,6.671052631578948,507,4,14,0,15,15,0.2253857142857143,7.857142857142857,7.0,4.0
1008458.0,0.20046399999999998,0.32764197416285556,-0.481,0.6808,0.30784,0.06736,7.76,194,3,5,0,9,3,-0.4019,7.0,1.0,0.0
1008489.0,0.04412592592592593,0.3524933481015499,-0.7717,0.6369,0.2288888888888889,0.0974074074074074,7.518518518518518,203,3,4,0,5,2,-0.25723333333333337,6.666666666666667,3.0,1.0
1008502.0,0.18584888888888887,0.28575194328059983,-0.481,0.8402,0.3022222222222222,0.023966666666666667,6.7555555555555555,608,3,19,0,16,6,0.19704736842105264,8.894736842105264,19.0,5.0
1008512.0,0.16699473684210525,0.28556415566134613,-0.481,0.6908,0.2583421052631579,0.05444736842105263,7.105263157894737,270,3,10,2,8,3,0.38475000000000004,6.25,4.0,5.0
1008517.0,0.17996923076923077,0.3425593376560981,-0.5367,0.6369,0.3574230769230769,0.08665384615384616,9.192307692307692,239,3,3,0,4,2,0.3298571428571429,3.857142857142857,7.0,1.0
1008526.0,0.0736375,0.32148120707126876,-0.481,0.8271,0.113875,0.08587499999999999,11.125,178,3,2,0,5,2,0.0,8.0,3.0,0.0
1008550.0,0.2237391304347826,0.3612017576962297,-0.481,0.7906,0.25860869565217387,0.05973913043478261,8.043478260869565,185,3,5,0,5,3,0.3053416666666667,5.166666666666667,12.0,4.0
1008580.0,0.11462857142857141,0.25785298217524394,-0.481,0.6124,0.23089795918367348,0.045,6.387755102040816,313,3,6,0,7,3,0.1524,5.444444444444445,9.0,1.0
1008592.0,0.22091875,0.3079000751732072,-0.4019,0.6808,0.3666875,0.0258125,9.3125,149,0,3,0,2,2,0.28824285714285713,3.5714285714285716,7.0,3.0
1008595.0,0.20891071428571428,0.350035953753276,-0.6124,0.8934,0.30333333333333334,0.027464285714285712,7.321428571428571,615,5,26,0,14,4,0.6329,6.333333333333333,3.0,1.0
1008598.0,0.1506465517241379,0.2727170393525557,-0.5106,0.6908,0.2938793103448276,0.03946551724137931,9.956896551724139,1155,6,16,0,28,7,0.13914489795918367,9.020408163265307,49.0,7.0
1008607.0,0.12286538461538461,0.269573536907695,-0.7269,0.7717,0.25583333333333336,0.02511111111111111,6.115384615384615,1431,11,41,0,27,7,-0.003670000000000004,7.375,40.0,9.0
1008619.0,0.21098275862068966,0.32267553045604835,-0.743,0.765,0.3605287356321839,0.030011494252873566,6.528735632183908,568,7,26,0,9,3,0.25025555555555556,5.222222222222222,9.0,2.0
1008625.0,0.13898214285714286,0.31553524784447634,-0.481,0.7777,0.25289285714285714,0.06889285714285714,9.107142857142858,255,3,4,0,6,3,0.0,12.0,3.0,0.0
1008656.0,0.2435162162162162,0.295707881863836,-0.481,0.6808,0.3858918918918919,0.04664864864864865,9.513513513513514,352,3,5,0,9,3,0.2064,5.5,6.0,1.0
1008662.0,0.18165365853658536,0.2964180528388588,-0.481,0.743,0.29685365853658535,0.03646341463414634,10.195121951219512,418,4,5,0,5,3,0.27446666666666664,12.0,3.0,0.0
1008671.0,0.22447131147540983,0.27982718382339167,-0.6908,0.8271,0.30700819672131147,0.022795081967213117,7.909836065573771,965,9,38,9,34,18,0.2718522727272727,8.954545454545455,44.0,18.0
1008678.0,0.1733144329896907,0.2503138990962446,-0.481,0.8428,0.2742113402061856,0.016994845360824743,7.963917525773196,1545,3,45,0,5,2,0.2260941176470588,4.264705882352941,34.0,10.0
1008712.0,0.17366363636363638,0.27150697550546177,-0.481,0.7506,0.26880000000000004,0.03077272727272727,6.1909090909090905,681,7,23,0,19,10,0.18097857142857143,7.071428571428571,14.0,4.0
1008767.0,0.1883637362637363,0.2580908614837821,-0.5994,0.6705,0.2709120879120879,0.026296703296703295,6.197802197802198,564,3,30,2,14,4,0.19196666666666665,8.583333333333334,12.0,10.0
1008791.0,-0.007822222222222223,0.3111882178753631,-0.481,0.5423,0.067,0.15266666666666664,12.555555555555555,113,3,0,0,5,2,0.0,2.0,1.0,0.0
1008856.0,0.1412483660130719,0.26002738016372917,-0.481,0.8074,0.26494117647058824,0.031215686274509803,7.104575163398692,1087,4,32,1,31,4,-0.027637499999999995,7.75,8.0,1.0
1008884.0,0.10672499999999999,0.27748586834220873,-0.481,0.6705,0.2253214285714286,0.08499999999999999,6.25,175,3,6,0,5,2,0.1528,3.25,4.0,2.0
1008912.0,0.15685845070422536,0.24330674397901053,-0.481,0.765,0.25358450704225355,0.015232394366197182,5.415492957746479,769,18,33,7,6,3,0.07488181818181817,6.318181818181818,22.0,3.0
1008940.0,0.1378125,0.3016943361179526,-0.481,0.8074,0.18558333333333332,0.057249999999999995,9.125,219,3,4,0,6,2,0.0,10.0,3.0,0.0
1008968.0,0.22057083333333335,0.2508280908119162,-0.481,0.8271,0.3334791666666667,0.017791666666666667,6.166666666666667,592,4,30,0,8,9,0.2966,6.173913043478261,46.0,19.0
1009017.0,0.2338452380952381,0.3069677834866754,-0.481,0.7717,0.3128571428571429,0.03271428571428571,7.380952380952381,310,3,8,0,8,5,0.37077499999999997,10.0,4.0,1.0
1009024.0,0.18922327586206897,0.271139549937813,-0.481,0.7184,0.20607758620689656,0.023672413793103447,8.086206896551724,938,4,30,0,7,2,0.23044615384615386,12.923076923076923,13.0,3.0
1009028.0,0.13938064516129034,0.2859126619783914,-0.481,0.7184,0.1945806451612903,0.044322580645161286,6.838709677419355,212,3,4,0,5,2,0.3498,10.75,4.0,1.0
1009034.0,0.14629655172413794,0.29095908338110094,-0.481,0.7269,0.24862068965517242,0.057896551724137935,7.137931034482759,207,3,4,0,5,2,0.1591,4.0,2.0,1.0
1009052.0,0.13014324324324322,0.2535817428370984,-0.481,0.5423,0.25191891891891893,0.04954054054054054,8.324324324324325,308,3,3,0,5,4,0.3051333333333333,10.666666666666666,3.0,1.0
1009057.0,0.11846428571428572,0.26171962127194465,-0.481,0.5423,0.20157142857142857,0.049071428571428564,6.321428571428571,177,3,2,0,7,3,0.4404,10.0,1.0,0.0
1009107.0,0.11233421052631579,0.24165247363524983,-0.481,0.6124,0.23996052631578949,0.04863157894736842,4.605263157894737,350,4,9,0,11,2,0.18723157894736842,3.0526315789473686,19.0,3.0
1009127.0,0.14605600000000002,0.3591313572125572,-0.481,0.6597,0.2966,0.0722,9.04,226,3,4,0,8,2,0.11321666666666667,3.6666666666666665,6.0,1.0
1009136.0,0.09247941176470588,0.23675583609895706,-0.481,0.5423,0.18761764705882356,0.051382352941176476,6.147058823529412,209,3,3,0,5,2,0.11315,18.0,2.0,0.0
1009149.0,0.1564470588235294,0.27396292851991594,-0.481,0.6597,0.30941176470588233,0.049382352941176474,5.676470588235294,193,3,4,0,5,3,0.27502499999999996,4.5,4.0,1.0
1009151.0,0.2286217391304348,0.28754890069594713,-0.481,0.91,0.34271739130434786,0.010793478260869566,6.434782608695652,592,3,16,1,15,4,0.08493636363636364,5.909090909090909,11.0,1.0
1009164.0,0.11796851851851853,0.32167447146764727,-0.7096,0.8316,0.175962962962963,0.049444444444444444,11.296296296296296,610,3,8,0,9,6,0.0671,9.875,8.0,1.0
1009172.0,0.14589677419354838,0.27790458612489166,-0.481,0.6705,0.25593548387096776,0.054161290322580644,6.451612903225806,200,3,6,0,5,2,0.233575,5.0,4.0,1.0
1009193.0,0.14838709677419354,0.2768976883759722,-0.481,0.6705,0.2647741935483871,0.054161290322580644,6.354838709677419,197,3,6,0,5,2,0.252875,4.0,4.0,1.0
1009221.0,0.22764375,0.30879224870923044,-0.481,0.765,0.33778125,0.042937499999999997,7.625,244,3,8,0,6,2,0.025733333333333334,5.333333333333333,3.0,0.0
1009224.0,0.12166206896551725,0.27140220603087156,-0.481,0.6705,0.2273103448275862,0.057896551724137935,5.931034482758621,172,3,6,0,5,2,0.17102,2.0,5.0,2.0
1009230.0,0.1780078947368421,0.2692003096074471,-0.481,0.5423,0.3463421052631579,0.06860526315789472,6.026315789473684,229,3,12,0,8,3,0.3182,11.0,1.0,1.0
1009250.0,0.09578260869565218,0.30067313973237075,-0.481,0.765,0.1932173913043478,0.06956521739130435,7.956521739130435,183,3,5,0,6,2,0.08574999999999999,6.0,2.0,1.0
1009279.0,0.12515333333333334,0.3245609492984697,-0.481,0.6369,0.18393333333333334,0.09159999999999999,11.933333333333334,179,3,2,0,6,3,0.0386,9.5,2.0,0.0
1009314.0,0.10990857142857142,0.3030385069410744,-0.6486,0.6249,0.20705714285714286,0.06142857142857142,7.2,252,3,4,0,5,4,0.12256666666666667,5.833333333333333,6.0,2.0
1009327.0,0.16401256038647344,0.238055763510359,-0.481,0.6779,0.30017874396135263,0.01940096618357488,7.004830917874396,1450,3,51,0,43,12,0.2461859649122807,5.56140350877193,57.0,29.0
1009328.0,0.16082592592592593,0.23588301484940458,-0.481,0.6597,0.29033333333333333,0.013814814814814814,7.0246913580246915,569,3,10,0,6,6,0.13262941176470586,7.411764705882353,17.0,0.0
1009361.0,0.15556756756756757,0.27266728713667593,-0.5719,0.5423,0.2578918918918919,0.022783783783783783,6.756756756756757,250,3,7,0,8,3,0.16242,5.0,5.0,2.0
1009366.0,0.18730833333333333,0.27576242923191424,-0.481,0.7506,0.250375,0.034979166666666665,7.770833333333333,373,3,13,0,5,4,0.2648,10.0,7.0,5.0
1009371.0,0.014873333333333339,0.26267627405683397,-0.481,0.5423,0.11353333333333333,0.09979999999999999,12.733333333333333,191,3,0,0,7,3,0.041928571428571426,11.428571428571429,7.0,0.0
1009396.0,0.15846896551724138,0.27147566860645206,-0.481,0.5423,0.2426551724137931,0.047379310344827584,7.241379310344827,210,3,7,0,5,3,0.10606666666666666,8.333333333333334,3.0,1.0
1009410.0,0.12319999999999999,0.3394491943657483,-0.481,0.8176,0.17210526315789473,0.07231578947368421,9.210526315789474,175,3,3,0,5,3,,,,
1009437.0,0.15274166666666666,0.28543623199627594,-0.481,0.5859,0.20325000000000001,0.057249999999999995,8.958333333333334,215,3,3,0,5,4,0.21955,7.666666666666667,6.0,1.0
1009447.0,0.13369074074074072,0.2922543401672775,-0.5267,0.6249,0.2467777777777778,0.046648148148148154,7.87037037037037,425,4,12,0,8,2,-0.3612,25.0,1.0,0.0
1009455.0,0.1088969387755102,0.28275383612994964,-0.6976,0.6705,0.23627551020408163,0.03714285714285714,5.142857142857143,504,4,17,0,13,8,-0.020696428571428567,3.107142857142857,28.0,3.0
1009463.0,0.20301842105263157,0.2775100522700989,-0.481,0.6369,0.3753157894736842,0.04418421052631579,6.026315789473684,229,3,7,1,7,6,0.47955000000000003,10.0,2.0,1.0
1009484.0,0.11729629629629629,0.276639289552689,-0.481,0.6705,0.2121111111111111,0.062185185185185184,6.407407407407407,173,3,5,0,5,2,0.16463333333333333,2.6666666666666665,3.0,1.0
1009486.0,0.09365531914893617,0.23137238553100706,-0.481,0.68,0.1828936170212766,0.03572340425531915,6.531914893617022,307,3,4,0,6,4,0.0,6.588235294117647,17.0,0.0
1009500.0,0.2127205882352941,0.3124565160334549,-0.481,0.8655,0.3017058823529412,0.049382352941176474,8.5,289,4,9,0,7,4,0.3518666666666667,7.111111111111111,9.0,6.0
1009540.0,0.15942888888888887,0.28714299860255105,-0.481,0.8271,0.2593777777777778,0.03942222222222222,6.355555555555555,286,4,9,1,6,3,0.37817142857142855,6.714285714285714,7.0,3.0
1009543.0,0.1659746153846154,0.24367669338903478,-0.481,0.6705,0.3309846153846154,0.023692307692307693,6.7153846153846155,873,7,28,19,34,21,0.326125,4.125,8.0,2.0
1009552.0,0.12866666666666665,0.2648673365832423,-0.481,0.6705,0.23291666666666666,0.05408333333333334,8.516666666666667,511,6,10,1,13,9,0.13627894736842106,8.631578947368421,19.0,4.0
1009569.0,0.12600714285714285,0.2753533836236916,-0.481,0.6705,0.2372857142857143,0.05996428571428571,6.035714285714286,169,3,6,0,5,2,0.213775,2.25,4.0,2.0
1009576.0,0.2034614973262032,0.24561598997434858,-0.481,0.765,0.33005882352941174,0.010641711229946524,5.850267379679145,1094,6,40,0,17,5,0.2168681818181818,8.363636363636363,22.0,4.0
1009584.0,0.028124999999999997,0.24085929368583373,-0.5106,0.5423,0.07759375,0.081375,11.1875,358,3,1,0,10,3,0.04043333333333333,10.291666666666666,24.0,1.0
1009593.0,0.13067111111111113,0.2537639173274517,-0.481,0.5574,0.2246,0.040244444444444444,9.444444444444445,425,3,6,0,11,8,0.27644285714285716,9.428571428571429,14.0,4.0
1009599.0,0.12164495412844037,0.24407308122554827,-0.481,0.8201,0.1754678899082569,0.024110091743119268,6.137614678899083,669,7,12,0,20,5,0.0,7.0,1.0,0.0
1009601.0,0.15943255813953489,0.280480156942587,-0.481,0.7269,0.2214186046511628,0.03195348837209302,7.209302325581396,310,3,6,0,7,3,0.6759,16.0,2.0,2.0
1009618.0,0.3218626666666667,0.340094782406052,-0.481,0.9578,0.3292133333333333,0.028519999999999997,14.12,1059,3,20,0,19,13,0.37428695652173916,10.217391304347826,23.0,4.0
1009623.0,0.12374999999999999,0.25683551303816177,-0.481,0.6124,0.20450000000000002,0.05232352941176471,6.5588235294117645,223,3,6,0,6,2,0.3482,6.5,4.0,2.0
1009637.0,0.39960500000000004,0.35693913473697403,-0.6705,0.9136,0.3381,0.0294,16.25,975,4,22,0,15,8,-0.01665000000000001,13.5,4.0,1.0
1009647.0,0.12460263157894735,0.2999158435897158,-0.5106,0.765,0.2721578947368421,0.06636842105263158,6.105263157894737,232,3,8,0,9,2,0.39165,6.25,4.0,3.0
1009661.0,0.18412777777777778,0.23985906683346833,-0.481,0.6908,0.2636031746031746,0.010904761904761903,5.7936507936507935,730,5,26,0,14,8,0.13905555555555557,7.666666666666667,27.0,6.0
1009691.0,0.14896981132075474,0.27912701794709993,-0.6908,0.7184,0.2727169811320755,0.051415094339622644,7.30188679245283,387,3,11,1,7,6,0.1301125,8.25,8.0,1.0
1009738.0,0.19039454545454546,0.25012776766061406,-0.481,0.7506,0.2920909090909091,0.01681818181818182,7.745454545454545,426,3,11,2,16,5,0.1618666666666667,19.333333333333332,6.0,2.0
1009744.0,0.1288357142857143,0.27825043903900104,-0.481,0.6705,0.24739285714285714,0.05996428571428571,5.857142857142857,164,3,7,0,5,2,0.31143333333333334,2.0,3.0,3.0
1009774.0,0.064378125,0.257636711888077,-0.5106,0.5423,0.1829375,0.0663125,8.125,260,3,3,0,10,3,0.06364,4.2,5.0,1.0
1009829.0,0.13327499999999998,0.3418729578854305,-0.481,0.6705,0.133875,0.08587499999999999,10.625,170,3,3,0,5,2,0.2629833333333333,6.666666666666667,6.0,2.0
1009846.0,0.19994076923076923,0.2449683109901511,-0.5106,0.802,0.35262307692307693,0.014326923076923077,4.392307692307693,1142,3,80,0,23,10,0.29595,2.891304347826087,46.0,27.0
1009853.0,0.20559411764705882,0.3038017365254263,-0.481,0.8316,0.32488235294117646,0.028441176470588234,9.117647058823529,310,3,6,0,5,5,0.39790000000000003,4.8,5.0,2.0
1009899.0,0.2472952380952381,0.3505070976117181,-0.481,0.802,0.30757142857142855,0.06542857142857142,8.714285714285714,183,3,4,0,5,2,0.36005,9.5,2.0,1.0
1009901.0,0.1973931818181818,0.32215015594546453,-0.481,0.7579,0.28756818181818183,0.05179545454545454,8.340909090909092,367,4,9,0,5,2,0.3396666666666667,4.866666666666666,15.0,4.0
1009951.0,0.189095,0.26625677641113377,-0.5267,0.7845,0.28612,0.01115,5.98,598,4,23,3,25,3,0.1040857142857143,11.071428571428571,14.0,2.0
1009968.0,0.19930104166666665,0.2867604187965577,-0.5267,0.7845,0.3169166666666667,0.0290625,7.729166666666667,742,3,21,0,18,2,0.2087047619047619,9.333333333333334,21.0,7.0
1010031.0,0.15832142857142856,0.3592773656240196,-0.5267,0.8126,0.269,0.04460714285714285,8.214285714285714,230,3,5,0,5,2,0.3307,14.0,3.0,1.0
1010047.0,0.09652530120481927,0.3415094580854217,-0.8885,0.7845,0.345289156626506,0.04314457831325301,8.819277108433734,732,4,13,4,32,8,0.060821739130434774,8.434782608695652,23.0,2.0
1010048.0,0.14722553191489363,0.29547018202245867,-0.5267,0.7845,0.2701914893617021,0.036468085106382976,6.170212765957447,290,3,4,0,6,4,0.4171714285714286,4.142857142857143,7.0,2.0
1010058.0,0.4191275167785235,0.2405418120812522,-0.5267,0.8074,0.5451946308724832,0.01210738255033557,7.275167785234899,1084,3,40,0,10,4,0.39039056603773586,7.188679245283019,53.0,18.0
1010085.0,0.1523875,0.31261570219370705,-0.5267,0.7845,0.26578124999999997,0.0353125,9.09375,291,3,5,0,7,3,0.19146363636363636,7.545454545454546,11.0,0.0
1010126.0,0.1518554347826087,0.32054613196448234,-0.5719,0.802,0.2807391304347826,0.032978260869565214,8.945652173913043,823,3,23,2,16,8,0.16775,11.25,8.0,6.0
1010134.0,0.158775,0.3311515772222355,-0.5267,0.7845,0.241375,0.0535625,6.59375,211,3,10,0,5,2,0.3687666666666667,6.333333333333333,3.0,3.0
1010151.0,0.2303518292682927,0.2777902893249853,-0.5267,0.9186,0.3147439024390244,0.008628048780487806,7.146341463414634,1172,4,36,2,19,7,0.21293235294117646,4.588235294117647,34.0,6.0
1010158.0,0.29652368421052633,0.32689399755901577,-0.5267,0.7845,0.4456842105263158,0.04671052631578947,9.026315789473685,343,3,7,0,6,4,0.2243,10.0,5.0,1.0
1010199.0,0.223918,0.32012700903592267,-0.5267,0.7845,0.34568,0.03522,7.06,353,0,11,0,10,5,0.18406250000000002,3.875,8.0,6.0
1010254.0,0.13311724137931033,0.3188168810158735,-0.5267,0.7845,0.27582758620689657,0.05875862068965517,5.9655172413793105,173,2,4,0,5,2,0.252875,3.75,4.0,1.0
1010280.0,0.28052564102564104,0.31779923049652514,-0.5267,0.7845,0.42664102564102563,0.02366666666666667,8.307692307692308,324,3,8,0,5,2,0.3290166666666667,7.166666666666667,6.0,1.0
1010303.0,0.21937333333333334,0.3675115048007606,-0.5267,0.7845,0.31770000000000004,0.0426,8.0,240,3,5,0,6,2,0.2410142857142857,4.857142857142857,7.0,2.0
1010324.0,0.18518664383561645,0.2638934237516168,-0.5499,0.7845,0.3341267123287671,0.020592465753424657,6.517123287671233,1903,13,59,5,43,10,0.15418225806451613,5.741935483870968,62.0,9.0
1010325.0,0.11258095238095238,0.316396747106475,-0.7469,0.7845,0.25783333333333336,0.04854761904761905,7.404761904761905,311,3,8,0,9,3,0.169625,5.25,4.0,3.0
1010327.0,0.13006060606060604,0.3738488146458689,-0.765,0.7845,0.23703030303030304,0.04045454545454545,9.030303030303031,298,3,4,1,14,8,-0.055675,13.0,4.0,1.0
1010360.0,0.10969555555555556,0.2772811651108898,-0.481,0.7964,0.2671111111111111,0.057444444444444444,4.955555555555556,223,6,3,0,12,6,0.6184000000000001,9.5,2.0,1.0
1010384.0,0.14163432835820894,0.26145965999310233,-0.5267,0.7845,0.23298507462686566,0.017223880597014924,4.686567164179104,314,3,13,0,8,3,0.10089032258064516,2.935483870967742,31.0,8.0
1010387.0,0.10539183673469388,0.2587637941868468,-0.5267,0.7845,0.22587755102040816,0.028816326530612245,5.142857142857143,252,3,6,0,7,4,0.041042857142857145,1.8571428571428572,7.0,0.0
1010401.0,0.22762439024390244,0.35538646061751406,-0.5267,0.8074,0.34900000000000003,0.031243902439024387,8.78048780487805,360,3,7,0,7,2,0.2708333333333333,6.0,6.0,2.0
1010418.0,0.23896756756756754,0.261829577589797,-0.5267,0.7845,0.46994594594594596,0.017216216216216218,6.851351351351352,507,6,16,0,19,9,0.2583470588235294,5.264705882352941,34.0,9.0
1010423.0,0.08574285714285715,0.3520453856698431,-0.5267,0.7845,0.22219047619047622,0.08161904761904762,7.523809523809524,158,3,1,0,4,2,0.0,3.0,1.0,0.0
1010426.0,0.10486511627906976,0.2898234428749116,-0.5267,0.7845,0.1887441860465116,0.018093023255813953,5.5813953488372094,240,0,4,0,1,2,0.058385714285714284,3.380952380952381,21.0,2.0
1010506.0,0.10650363636363637,0.2776470917327819,-0.5499,0.7845,0.2651151515151515,0.038757575757575755,7.581818181818182,1251,4,38,0,63,2,0.1825258064516129,6.612903225806452,31.0,18.0
1010516.0,0.141548,0.28569322809728126,-0.6113,0.7845,0.233344,0.014416,9.512,1189,3,14,0,12,5,0.194155,4.9,20.0,2.0
1010541.0,0.15367983193277313,0.25366307146900624,-0.5267,0.802,0.20910084033613444,0.009588235294117647,7.092436974789916,844,4,20,2,23,10,0.07083714285714285,8.228571428571428,35.0,4.0
1010548.0,0.16455294117647057,0.3139574597635426,-0.5267,0.8126,0.2300392156862745,0.03668627450980392,12.588235294117647,642,7,6,0,17,7,0.0,16.0,1.0,0.0
1010562.0,0.1594047619047619,0.31976125236394193,-0.5267,0.7845,0.2585952380952381,0.029523809523809525,7.190476190476191,302,3,13,0,11,6,0.12079,8.9,10.0,5.0
1010572.0,0.10745,0.2998802528251614,-0.5267,0.7845,0.23663333333333333,0.056799999999999996,5.933333333333334,178,2,4,0,5,2,0.2023,4.0,5.0,1.0
1010597.0,0.11806842105263159,0.2838570720524614,-0.5267,0.7845,0.22207894736842104,0.04686842105263158,5.7894736842105265,220,2,6,0,5,2,0.135575,2.5,4.0,1.0
1010765.0,0.12389000000000001,0.31071188963246055,-0.5267,0.7845,0.2737,0.056725000000000005,7.825,313,3,10,0,10,5,0.25731666666666664,6.0,12.0,6.0
