employee,ticket_count,median_time,avg_steps,avg_comments,reopen_rate,first_touch_rate,success_rate,median_time_hours,quality_reopen,quality_success,quality_score,efficiency_score,productivity_score,comm_optimal,communication_score,o_score_raw,o_score,o_score_int
-.3.jn2,92,312.192,1.0434782608695652,0.717391304347826,0.0,0.021739130434782608,0.8913043478260869,0.08672,1.0,0.8913043478260869,0.9565217391304348,0.8614718614718615,0.6337662337662338,0.13586956521739135,0.07880434782608697,0.6926646903820817,3.5,4
0ny0x93ygh,10,7986606.5,3.5,11.3,0.1,0.6,0.5,2218.5018055555556,0.8,0.5,0.6799999999999999,0.02164502164502169,0.06363636363636363,0.0,0.3,0.3161385281385281,1.6,2
0ny0x93ygi,18,341180.38049999997,2.8333333333333335,5.444444444444445,0.05555555555555555,0.6111111111111112,0.9444444444444444,94.77232791666665,0.8888888888888888,0.9444444444444444,0.9111111111111111,0.5887445887445888,0.2181818181818182,0.9688552188552189,0.789983164983165,0.6677080327080328,3.3,4
0ny0x93ygr,27,1603897.275,2.962962962962963,10.481481481481481,0.14814814814814814,0.4074074074074074,0.9629629629629629,445.5270208333333,0.7037037037037037,0.9629629629629629,0.8074074074074074,0.11688311688311692,0.23939393939393938,0.014870931537598442,0.2111391694725029,0.4019199935866602,2.0,3
0zxu.ad,13,5258.0,1.0,1.4615384615384615,0.0,0.0,0.9230769230769231,1.4605555555555556,1.0,0.9230769230769231,0.9692307692307692,0.7835497835497836,0.4324675324675325,0.27680652680652684,0.13840326340326342,0.6492923742923743,3.2,4
1.ca.cz38j18x3czvj.ad,37,382.535,1.027027027027027,0.5675675675675675,0.0,0.0,0.8918918918918919,0.10625972222222223,1.0,0.8918918918918919,0.9567567567567568,0.8354978354978355,0.5406926406926407,0.10749385749385754,0.05374692874692877,0.6626272376272376,3.3,4
1n81u .ad h,34,364.08,1.1176470588235294,0.47058823529411764,0.0,0.0,0.9411764705882353,0.10113333333333333,1.0,0.9411764705882353,0.9764705882352941,0.8441558441558441,0.5264069264069264,0.089126559714795,0.0445632798573975,0.6669977081741787,3.3,4
1n81u .ad i,48,524.836,1.1875,0.5625,0.0,0.041666666666666664,0.8541666666666666,0.1457877777777778,1.0,0.8541666666666666,0.9416666666666667,0.8268398268398268,0.5636363636363637,0.10653409090909094,0.0741003787878788,0.6638406385281385,3.3,4
1n81u .ad o,17,605.555,1.1176470588235294,1.0,0.0,0.11764705882352941,0.9411764705882353,0.16820972222222222,1.0,0.9411764705882353,0.9764705882352941,0.8181818181818181,0.44458874458874464,0.18939393939393934,0.1535204991087344,0.6659320091673033,3.3,4
1n81u .ad p,43,315.257,1.1627906976744187,1.0232558139534884,0.0,0.06976744186046512,0.9767441860465116,0.08757138888888889,1.0,0.9767441860465116,0.9906976744186047,0.8571428571428572,0.541991341991342,0.1937984496124031,0.13178294573643412,0.695784757877781,3.5,4
1n81u.adh,45,1563.0,1.1555555555555554,1.1555555555555554,0.0,0.0,0.9555555555555556,0.43416666666666665,1.0,0.9555555555555556,0.9822222222222222,0.8138528138528138,0.5636363636363636,0.21885521885521886,0.10942760942760943,0.6818537758537757,3.4,4
1n81u.adp,32,3611.5,1.375,3.28125,0.0,0.0,0.875,1.0031944444444445,1.0,0.875,0.95,0.7965367965367965,0.49783549783549785,0.6214488636363635,0.31072443181818177,0.6933461850649351,3.5,4
3cxhok,149,860091.0,3.0067114093959733,7.429530201342282,0.0738255033557047,0.7181208053691275,0.9395973154362416,238.91416666666666,0.8523489932885906,0.9395973154362416,0.887248322147651,0.2597402597402597,0.45324675324675323,0.5928920073215376,0.6555064063453325,0.5972226096051599,3.0,3
3cxigp,197,301.124,2.2893401015228427,3.49746192893401,0.005076142131979695,0.9746192893401016,0.883248730964467,0.08364555555555556,0.9898477157360406,0.883248730964467,0.9472081218274112,0.8701298701298701,0.6181818181818182,0.6623980926011382,0.8185086909706198,0.8363934120025491,4.2,5
3cxigq,317,588.019,2.3785488958990535,6.280757097791798,0.022082018927444796,0.6403785488958991,0.9463722397476341,0.16333861111111111,0.9558359621451105,0.9463722397476341,0.9520504731861199,0.8225108225108225,0.6528138528138528,0.8104626708727656,0.7254206098843323,0.8144922637824846,4.1,5
3cxigs,211,264.004,2.023696682464455,2.938388625592417,0.0,0.990521327014218,0.933649289099526,0.07333444444444445,1.0,0.933649289099526,0.9734597156398104,0.9004329004329005,0.6653679653679654,0.5565129972712911,0.7735171621427546,0.8535961510843028,4.3,5
3cxiog,102,17869.771,2.3823529411764706,3.343137254901961,0.00980392156862745,0.23529411764705882,0.9117647058823529,4.963825277777778,0.9803921568627451,0.9117647058823529,0.9529411764705882,0.7619047619047619,0.48874458874458876,0.6331699346405228,0.43423202614379086,0.7086009252185722,3.5,4
3cxogo,404,247.5,2.0024752475247523,3.032178217821782,0.009900990099009901,0.9108910891089109,0.943069306930693,0.06875,0.9801980198019802,0.943069306930693,0.9653465346534653,0.9134199134199135,0.7523809523809524,0.5742761776177617,0.7425836333633363,0.8652191826325488,4.3,5
4ggk,211,1721794.0,2.241706161137441,4.3649289099526065,0.004739336492890996,0.8578199052132701,0.7298578199052133,478.2761111111111,0.990521327014218,0.7298578199052133,0.8862559241706162,0.10389610389610393,0.6341991341991342,0.8266910814304178,0.842255493321844,0.6314545249379373,3.2,4
4ggo,133,274764.389,2.1503759398496243,3.398496240601504,0.015037593984962405,0.45112781954887216,0.6240601503759399,76.3234413888889,0.9699248120300752,0.6240601503759399,0.8315789473684211,0.6103896103896104,0.5774891774891775,0.643654591023012,0.5473912052859421,0.6686261107313739,3.3,4
4ggr,110,3633.0315,1.6,2.3,0.00909090909090909,0.07272727272727272,0.9,1.0091754166666667,0.9818181818181818,0.9,0.9490909090909092,0.7922077922077921,0.6367965367965368,0.43560606060606055,0.25416666666666665,0.7084264069264068,3.5,4
4gis,98,599207.0945,2.663265306122449,3.836734693877551,0.08163265306122448,0.5816326530612245,0.9591836734693877,166.44641513888888,0.8367346938775511,0.9591836734693877,0.8857142857142857,0.4199134199134199,0.4294372294372294,0.7266542980828694,0.654143475572047,0.6316944959802102,3.2,4
4glr,13,513354.0,2.1538461538461537,1.8461538461538463,0.0,0.5384615384615384,1.0,142.59833333333333,1.0,1.0,1.0,0.49350649350649356,0.29913419913419914,0.3496503496503497,0.44405594405594406,0.6220146520146519,3.1,4
4grg,57,499513.0,2.7017543859649122,3.6666666666666665,0.0,0.8596491228070176,0.8947368421052632,138.7536111111111,1.0,0.8947368421052632,0.9578947368421052,0.5064935064935066,0.37748917748917743,0.6944444444444444,0.777046783625731,0.6927937267410952,3.5,4
4gsg,123,784290.0,3.089430894308943,1.910569105691057,0.024390243902439025,0.8861788617886179,1.0,217.85833333333332,0.9512195121951219,1.0,0.9707317073170731,0.303030303030303,0.41298701298701296,0.36185020941118506,0.6240145355999015,0.6229139830359343,3.1,4
4hggg,32,947871.5,3.0625,10.71875,0.03125,0.21875,0.90625,263.2976388888889,0.9375,0.90625,0.925,0.23809523809523814,0.2502164502164502,0.0,0.109375,0.45519209956709955,2.3,3
4hghi,21,3730321.0,2.4285714285714284,9.904761904761905,0.047619047619047616,0.6666666666666666,0.6190476190476191,1036.2002777777777,0.9047619047619048,0.6190476190476191,0.7904761904761904,0.04329004329004327,0.2952380952380953,0.12409812409812415,0.3953823953823954,0.4256132756132756,2.1,3
4hghk,609,206.0,1.9113300492610839,2.863711001642036,0.006568144499178982,0.8801313628899836,0.9293924466338259,0.05722222222222222,0.986863711001642,0.9293924466338259,0.9638752052545156,0.9437229437229437,0.832034632034632,0.5423695078867492,0.7112504353883664,0.8819440712544161,4.4,5
4hgho,105,1025832.0,3.6476190476190475,9.80952380952381,0.13333333333333333,0.29523809523809524,0.9714285714285714,284.9533333333333,0.7333333333333334,0.9714285714285714,0.8285714285714285,0.20346320346320346,0.3142857142857143,0.14213564213564212,0.21868686868686868,0.44746031746031745,2.2,3
4hghq,519,395.0,2.321772639691715,4.360308285163777,0.005780346820809248,0.6339113680154143,0.9364161849710982,0.10972222222222222,0.9884393063583815,0.9364161849710982,0.9676300578034682,0.8311688311688312,0.7437229437229437,0.8258159630992001,0.7298636655573072,0.8411800498794718,4.2,5
4hghs,236,248.5,1.8644067796610169,2.8771186440677967,0.0,0.8559322033898306,0.9364406779661016,0.06902777777777777,1.0,0.9364406779661016,0.9745762711864406,0.9090909090909091,0.7194805194805195,0.5449088341037494,0.70042051874679,0.8523546298334433,4.3,5
4hgi,150,2358608.5,2.7333333333333334,4.026666666666666,0.013333333333333334,0.88,0.7666666666666667,655.1690277777777,0.9733333333333334,0.7666666666666667,0.8906666666666667,0.07359307359307354,0.5021645021645021,0.7626262626262625,0.8213131313131312,0.5948271284271284,3.0,3
4hgih,84,343703.0,3.119047619047619,4.285714285714286,0.09523809523809523,0.011904761904761904,0.9880952380952381,95.47305555555556,0.8095238095238095,0.9880952380952381,0.8809523809523809,0.5844155844155844,0.3303030303030303,0.8116883116883116,0.4117965367965367,0.6028571428571428,3.0,4
4hgir,74,262318.5,2.72972972972973,5.594594594594595,0.06756756756756757,0.20270270270270271,0.8918918918918919,72.86625,0.8648648648648649,0.8918918918918919,0.8756756756756757,0.6277056277056277,0.39090909090909093,0.9404176904176904,0.5715601965601965,0.6559067509067509,3.3,4
4hgkl,23,90294.0,2.8260869565217392,4.6521739130434785,0.08695652173913043,0.08695652173913043,0.8695652173913043,25.081666666666667,0.8260869565217391,0.8695652173913043,0.8434782608695652,0.7142857142857143,0.24632034632034633,0.8810935441370225,0.4840250329380764,0.6198578957274609,3.1,4
4hgko,13,841374.0,2.6153846153846154,9.076923076923077,0.0,0.5384615384615384,0.38461538461538464,233.715,1.0,0.38461538461538464,0.7538461538461538,0.2683982683982684,0.21601731601731605,0.280885780885781,0.4096736596736597,0.45608391608391613,2.3,3
4hgkr,106,99981.5,2.2358490566037736,3.150943396226415,0.05660377358490566,0.0660377358490566,0.9056603773584906,27.77263888888889,0.8867924528301887,0.9056603773584906,0.8943396226415095,0.7012987012987013,0.5311688311688312,0.5967695826186392,0.3314036592338479,0.6608580413297394,3.3,4
4hglq,331,177.0,1.8821752265861027,2.694864048338369,0.0,0.8489425981873112,0.9123867069486404,0.049166666666666664,1.0,0.9123867069486404,0.9649546827794562,0.9696969696969697,0.7471861471861472,0.5103909182459032,0.6796667582166072,0.865528962477603,4.3,5
4hgog,65,3711156.0,2.1846153846153844,14.046153846153846,0.046153846153846156,0.12307692307692308,0.7076923076923077,1030.8766666666668,0.9076923076923077,0.7076923076923077,0.8276923076923077,0.04761904761904767,0.47359307359307357,0.0,0.06153846153846154,0.4086233766233766,2.0,3
4hgok,40,459384.5,1.75,8.85,0.025,0.075,0.825,127.60680555555555,0.95,0.825,0.8999999999999999,0.5238095238095238,0.49783549783549785,0.32386363636363646,0.19943181818181824,0.5854058441558442,2.9,3
4hgol,532,182.0,1.9229323308270676,2.7537593984962405,0.0037593984962406013,0.9060150375939849,0.9078947368421053,0.050555555555555555,0.9924812030075187,0.9078947368421053,0.9586466165413533,0.961038961038961,0.8173160173160172,0.521545340624288,0.7137801891091364,0.8820052973342446,4.4,5
4hgop,20,36545.5,3.2,1.9,0.25,0.25,0.7,10.151527777777778,0.5,0.7,0.58,0.7532467532467533,0.16450216450216448,0.35984848484848486,0.30492424242424243,0.4851969696969696,2.4,3
4hgor,414,237.5,1.9082125603864735,2.8091787439613527,0.0024154589371980675,0.9033816425120773,0.9082125603864735,0.06597222222222222,0.9951690821256038,0.9082125603864735,0.9603864734299516,0.922077922077922,0.7792207792207793,0.5320414287805593,0.7177115356463183,0.8660412091933831,4.3,5
4hgos,479,141.0,1.8893528183716075,2.720250521920668,0.0041753653444676405,0.872651356993737,0.9206680584551148,0.03916666666666667,0.9916492693110647,0.9206680584551148,0.9632567849686846,0.987012987012987,0.8138528138528138,0.515198962484975,0.693925159739356,0.8854487162107203,4.4,5
4hgpl,30,535073.0,2.466666666666667,8.566666666666666,0.03333333333333333,0.26666666666666666,0.9333333333333333,148.6313888888889,0.9333333333333333,0.9333333333333333,0.9333333333333333,0.4632034632034632,0.3406926406926407,0.3775252525252526,0.3220959595959596,0.5750252525252525,2.9,3
4hgqg,10,50491.5,2.1,2.5,0.0,0.0,0.6,14.025416666666667,1.0,0.6,0.84,0.7402597402597403,0.28268398268398265,0.4734848484848485,0.23674242424242425,0.5829502164502165,2.9,3
4hgqk,25,488467.0,1.8,5.28,0.0,0.72,0.92,135.68527777777777,1.0,0.92,0.968,0.5151515151515151,0.43852813852813854,1.0,0.86,0.7272935064935065,3.6,4
4hgqr,23,2622737.0,7.217391304347826,16.73913043478261,0.21739130434782608,0.13043478260869565,0.8260869565217391,728.5380555555555,0.5652173913043479,0.8260869565217391,0.6695652173913045,0.06060606060606055,0.0922077922077922,0.0,0.06521739130434782,0.2809843779408997,1.4,2
4hgrl,265,178.0,1.7433962264150944,2.5245283018867926,0.0,0.8226415094339623,0.9245283018867925,0.049444444444444444,1.0,0.9245283018867925,0.969811320754717,0.9653679653679653,0.7532467532467533,0.4781303602058319,0.650385934819897,0.8615024912194723,4.3,5
4hhgi,462,159.0,1.7705627705627707,2.6406926406926408,0.004329004329004329,0.8722943722943723,0.8852813852813853,0.04416666666666667,0.9913419913419913,0.8852813852813853,0.9489177489177489,0.974025974025974,0.8268398268398269,0.5001311819493637,0.686212777121868,0.8782382264200446,4.4,5
4hhgk,29,75365.0,1.3793103448275863,4.310344827586207,0.034482758620689655,0.13793103448275862,0.4827586206896552,20.934722222222224,0.9310344827586207,0.4827586206896552,0.7517241379310345,0.7272727272727273,0.4818181818181818,0.8163531870428422,0.47714211076280044,0.6367136886102404,3.2,4
4hhgo,143,149.0,1.832167832167832,2.762237762237762,0.0,0.8811188811188811,0.993006993006993,0.04138888888888889,1.0,0.993006993006993,0.9972027972027973,0.9826839826839827,0.6484848484848484,0.5231510913329094,0.7021349862258952,0.8648159416341235,4.3,5
4hhgr,27,0.0,0.7407407407407407,1.962962962962963,0.0,0.1111111111111111,0.2962962962962963,0.0,1.0,0.2962962962962963,0.7185185185185186,0.9956709956709957,0.5112554112554113,0.37177328843995505,0.24144219977553308,0.6509387526054193,3.3,4
4hho,286,178606.5,2.7587412587412588,5.370629370629371,0.03146853146853147,0.5699300699300699,0.8496503496503497,49.61291666666666,0.9370629370629371,0.8496503496503497,0.9020979020979021,0.6623376623376623,0.5783549783549784,0.9828353464717101,0.7763827082008901,0.752266218629855,3.8,4
4hhoo,337,126.0,1.9228486646884273,2.777448071216617,0.0,0.8991097922848664,0.9198813056379822,0.035,1.0,0.9198813056379822,0.9679525222551929,0.9913419913419913,0.7437229437229438,0.5260318316698138,0.7125708119773402,0.8778776317648722,4.4,5
4hhop,334,152.0,1.8053892215568863,2.592814371257485,0.0,0.8233532934131736,0.8532934131736527,0.042222222222222223,1.0,0.8532934131736527,0.9413173652694611,0.9783549783549783,0.7584415584415585,0.4910633278896751,0.6572083106514244,0.8571797962516524,4.3,5
4hlg,346,553627.8230000001,2.4104046242774566,2.6271676300578033,0.008670520231213872,0.5953757225433526,0.869942196531792,153.7855063888889,0.9826589595375722,0.869942196531792,0.93757225433526,0.4502164502164502,0.6580086580086579,0.49756962690488693,0.5464726747241198,0.6816006681180091,3.4,4
4hlo,94,611160.5595,2.765957446808511,3.1914893617021276,0.010638297872340425,0.4574468085106383,0.39361702127659576,169.76682208333332,0.9787234042553191,0.39361702127659576,0.7446808510638298,0.4069264069264069,0.40909090909090906,0.604448742746615,0.5309477756286266,0.5503776365478493,2.8,3
4hpg,212,876928.0,3.3254716981132075,9.141509433962264,0.02830188679245283,0.7264150943396226,0.9150943396226415,243.5911111111111,0.9433962264150944,0.9150943396226415,0.9320754716981132,0.2554112554112554,0.46277056277056283,0.26865351629502576,0.4975343053173242,0.5821402025647309,2.9,3
4hph,89,925090.0,2.292134831460674,7.157303370786517,0.02247191011235955,0.4044943820224719,0.8876404494382022,256.96944444444443,0.9550561797752809,0.8876404494382022,0.9280898876404494,0.24675324675324672,0.4800865800865801,0.6444501191692203,0.5244722505958461,0.5874315384989542,2.9,3
4hpp,1547,328147.295,2.6961861667744023,5.741435035552683,0.014221073044602456,0.3865546218487395,0.8791208791208791,91.15202638888888,0.9715578539107951,0.8791208791208791,0.9345830639948287,0.5974025974025974,0.7662337662337663,0.912607000842295,0.6495808113455173,0.7596176372646961,3.8,4
4hsg,22,79287.263,1.6363636363636365,5.5,0.0,0.09090909090909091,0.8636363636363636,22.024239722222223,1.0,0.8636363636363636,0.9454545454545454,0.722943722943723,0.43246753246753245,0.9583333333333334,0.5246212121212122,0.7030627705627707,3.5,4
4igh,140,936477.0,1.8,3.335714285714286,0.0,0.6785714285714286,0.9928571428571429,260.1325,1.0,0.9928571428571429,0.9971428571428571,0.24242424242424243,0.6528138528138528,0.6317640692640693,0.655167748917749,0.671202380952381,3.4,4
4ihs,1142,265854.5,3.361646234676007,6.288091068301226,0.03590192644483362,0.7548161120840631,0.9763572679509632,73.84847222222223,0.9281961471103327,0.9763572679509632,0.9474605954465849,0.6190476190476191,0.6580086580086579,0.8090736613065861,0.7819448866953246,0.7743638221090059,3.9,4
4ikk,2098,435711.8025,3.152049571020019,8.267874165872259,0.042897998093422304,0.4051477597712107,0.834604385128694,121.03105624999999,0.9142040038131554,0.834604385128694,0.8823641563393707,0.5411255411255411,0.6917748917748918,0.4341147413120723,0.4196312505416415,0.6663900684634717,3.3,4
4ioh,469,346587.0,3.5543710021321964,4.940298507462686,0.04477611940298507,0.7569296375266524,0.9445628997867804,96.27416666666667,0.9104477611940298,0.9445628997867804,0.9240938166311301,0.5800865800865801,0.5445887445887445,0.9356625961103572,0.8462961168185048,0.7466314531239904,3.7,4
4ipo,226,1022289.0,2.8451327433628317,7.606194690265487,0.07079646017699115,0.6902654867256637,0.9823008849557522,283.9691666666667,0.8584070796460177,0.9823008849557522,0.9079646017699115,0.20779220779220775,0.5376623376623376,0.5594328238133548,0.6248491552695092,0.6022379611538903,3.0,4
4isp,25,1203288.0,2.88,3.76,0.08,0.68,1.0,334.24666666666667,0.84,1.0,0.904,0.16883116883116878,0.24632034632034633,0.712121212121212,0.696060606060606,0.5470839826839827,2.7,3
4kgh,301,792748.0,2.3255813953488373,12.029900332225914,0.009966777408637873,0.12624584717607973,0.9036544850498339,220.20777777777778,0.9800664451827242,0.9036544850498339,0.9495016611295681,0.29004329004329,0.6562770562770563,0.0,0.06312292358803986,0.5487163998791906,2.7,3
4kgi,772,278.0235,1.9080310880829014,3.273316062176166,0.0012953367875647669,0.9365284974093264,0.9028497409326425,0.07722875,0.9974093264248705,0.9028497409326425,0.9595854922279793,0.8961038961038961,0.8744588744588744,0.619946223897001,0.7782373606531637,0.8904201433281744,4.5,5
4kgk,49,503963.609,2.5306122448979593,8.040816326530612,0.0,0.32653061224489793,0.7142857142857143,139.98989138888888,1.0,0.7142857142857143,0.8857142857142857,0.5021645021645021,0.3874458874458875,0.477118119975263,0.40182436611008043,0.5933951762523191,3.0,3
4kgo,149,294.017,2.4832214765100673,5.771812080536913,0.006711409395973154,0.6778523489932886,0.8993288590604027,0.08167138888888889,0.9865771812080537,0.8993288590604027,0.9516778523489933,0.8787878787878788,0.5363636363636364,0.9068537726255848,0.7923530608094367,0.8185275574537321,4.1,5
4kgp,229,2983.094,2.606986899563319,5.449781659388647,0.017467248908296942,0.9126637554585153,0.9170305676855895,0.8286372222222222,0.9650655021834061,0.9170305676855895,0.9458515283842794,0.8051948051948052,0.5766233766233767,0.9678443826915443,0.9402540690750298,0.8357222253728804,4.2,5
4kgq,1032,196.425,1.9709302325581395,3.2083333333333335,0.0,0.9660852713178295,0.9176356589147286,0.0545625,1.0,0.9176356589147286,0.9670542635658914,0.9523809523809523,0.8796536796536796,0.6076388888888888,0.7868620801033592,0.9098673822947079,4.5,5
4kgr,252,1208225.494,2.607142857142857,13.619047619047619,0.011904761904761904,0.19047619047619047,0.8650793650793651,335.6181927777778,0.9761904761904762,0.8650793650793651,0.9317460317460318,0.16450216450216448,0.5852813852813852,0.0,0.09523809523809523,0.5033405483405483,2.5,3
4khg,998,218.4045,1.9529058116232465,3.0080160320641283,0.0,0.9338677354709419,0.9448897795591182,0.06066791666666667,1.0,0.9448897795591182,0.9779559118236473,0.9393939393939394,0.8735930735930736,0.5697000060727515,0.7517838707718467,0.9022084428597454,4.5,5
4khi,189,2087088.0,3.544973544973545,9.0,0.164021164021164,0.3544973544973545,0.8624338624338624,579.7466666666667,0.671957671957672,0.8624338624338624,0.7481481481481482,0.08225108225108224,0.4164502164502164,0.2954545454545455,0.32497594997595003,0.43069985569985575,2.2,3
4kho,261,99432.053,2.6053639846743293,6.448275862068965,0.019157088122605363,0.3103448275862069,0.9157088122605364,27.620014722222223,0.9616858237547893,0.9157088122605364,0.9432950191570881,0.7056277056277056,0.5913419913419913,0.7787356321839082,0.5445402298850576,0.733736627357317,3.7,4
4khp,152,92589.9435,4.394736842105263,11.118421052631579,0.039473684210526314,0.13815789473684212,0.9078947368421053,25.71942875,0.9210526315789473,0.9078947368421053,0.9157894736842105,0.7099567099567099,0.35194805194805195,0.0,0.06907894736842106,0.5822208931419458,2.9,3
4khq,18,226.91,2.0,3.0,0.0,0.9444444444444444,0.9444444444444444,0.06303055555555555,1.0,0.9444444444444444,0.9777777777777777,0.9307359307359307,0.35670995670995675,0.5681818181818181,0.7563131313131313,0.7975108225108225,4.0,4
4khs,134,216053.4215,2.8358208955223883,8.201492537313433,0.03731343283582089,0.41044776119402987,0.9328358208955224,60.014839305555554,0.9253731343283582,0.9328358208955224,0.9283582089552238,0.6493506493506493,0.4658008658008658,0.44668701944821354,0.4285673903211217,0.6661366866963881,3.3,4
4kig,11,381763.656,1.3636363636363635,5.454545454545454,0.0,0.09090909090909091,1.0,106.04546,1.0,1.0,1.0,0.5627705627705628,0.38571428571428573,0.9669421487603307,0.5289256198347108,0.67362062180244,3.4,4
4kih,23,180148.0,1.2608695652173914,3.217391304347826,0.0,0.2608695652173913,0.6956521739130435,50.041111111111114,1.0,0.6956521739130435,0.8782608695652174,0.6580086580086579,0.4627705627705627,0.6093544137022397,0.43511198945981555,0.6514699792960662,3.3,4
4kkr,24,1200418.1770000001,1.5416666666666667,4.291666666666667,0.041666666666666664,0.375,1.0,333.44949361111117,0.9166666666666666,1.0,0.95,0.17316017316017318,0.45454545454545453,0.8128156565656566,0.5939078282828283,0.5854806998556998,2.9,3
4kll,132,424864.854,2.1136363636363638,6.628787878787879,0.030303030303030304,0.2196969696969697,0.8863636363636364,118.01801499999999,0.9393939393939394,0.8863636363636364,0.9181818181818182,0.5497835497835497,0.5818181818181818,0.7445477502295684,0.4821223599632691,0.6715976321658139,3.4,4
4klq,116,721698.5,2.060344827586207,5.646551724137931,0.04310344827586207,0.8017241379310345,0.8879310344827587,200.47180555555556,0.9137931034482758,0.8879310344827587,0.903448275862069,0.33766233766233766,0.5783549783549784,0.9305773249738768,0.8661507314524557,0.6895236229287954,3.4,4
4klr,70,818924.5,2.057142857142857,8.014285714285714,0.0,0.42857142857142855,0.9714285714285714,227.4790277777778,1.0,0.9714285714285714,0.9885714285714285,0.2770562770562771,0.49956709956709955,0.4821428571428572,0.4553571428571429,0.6062489177489178,3.0,4
4kol,55,147878.333,2.272727272727273,5.4,0.0,0.509090909090909,0.9090909090909091,41.077314722222226,1.0,0.9090909090909091,0.9636363636363636,0.6753246753246753,0.45194805194805193,0.9772727272727273,0.7431818181818182,0.7451298701298701,3.7,4
4kph,336,259.48850000000004,1.994047619047619,3.449404761904762,0.0,0.9732142857142857,0.9136904761904762,0.0720801388888889,1.0,0.9136904761904762,0.9654761904761905,0.9047619047619048,0.725974025974026,0.6532963564213563,0.8132553210678211,0.8719530122655123,4.4,5
4kpi,348,282.688,1.9913793103448276,3.6063218390804597,0.0,0.9741379310344828,0.9109195402298851,0.07852444444444444,1.0,0.9109195402298851,0.964367816091954,0.8874458874458875,0.7367965367965368,0.6830154998258446,0.8285767154301638,0.8724648579389959,4.4,5
4kpk,180,362974.478,2.3,5.722222222222222,0.044444444444444446,0.6277777777777778,0.9166666666666666,100.8262438888889,0.9111111111111111,0.9166666666666666,0.9133333333333333,0.5714285714285714,0.5974025974025974,0.9162457912457913,0.7720117845117845,0.7364066859066859,3.7,4
4kpq,388,165939.5,2.711340206185567,5.623711340206185,0.05412371134020619,0.08505154639175258,0.9201030927835051,46.09430555555556,0.8917525773195876,0.9201030927835051,0.9030927835051547,0.670995670995671,0.6264069264069264,0.9349031552639802,0.5099773508278663,0.7111082474226805,3.6,4
4kqh,107,372279.247,3.8411214953271027,9.429906542056075,0.056074766355140186,0.3364485981308411,0.9719626168224299,103.41090194444443,0.8878504672897196,0.9719626168224299,0.9214953271028037,0.5670995670995671,0.3082251082251082,0.2140328518833191,0.2752407250070801,0.5809914229073107,2.9,3
4kqk,98,1100043.0,3.163265306122449,10.642857142857142,0.02040816326530612,0.24489795918367346,0.8877551020408163,305.5675,0.9591836734693877,0.8877551020408163,0.9306122448979591,0.19047619047619047,0.34458874458874456,0.0,0.12244897959183673,0.4667408781694496,2.3,3
4kqo,1005,220.0,2.008955223880597,3.343283582089552,0.003980099502487562,0.9253731343283582,0.9213930348258706,0.06111111111111111,0.9920398009950249,0.9213930348258706,0.9637810945273633,0.935064935064935,0.8623376623376624,0.6331976481230213,0.7792853912256897,0.8994142275634812,4.5,5
4kqp,103,538301.728,2.8932038834951457,7.310679611650485,0.02912621359223301,0.3786407766990291,0.941747572815534,149.52825777777778,0.941747572815534,0.941747572815534,0.941747572815534,0.4545454545454546,0.4025974025974026,0.6154015887025597,0.49702118270079443,0.62317173118144,3.1,4
4kqs,90,1563577.5,3.066666666666667,10.11111111111111,0.0,0.3333333333333333,0.9666666666666667,434.32708333333335,1.0,0.9666666666666667,0.9866666666666667,0.12121212121212122,0.3523809523809524,0.08501683501683521,0.20917508417508426,0.48794757094757096,2.4,3
4kro,484,308.5,1.9297520661157024,3.3057851239669422,0.0,0.9710743801652892,0.9070247933884298,0.08569444444444445,1.0,0.9070247933884298,0.9628099173553719,0.8658008658008658,0.8025974025974025,0.6260956674179814,0.7985850237916353,0.8736701728024042,4.4,5
4krp,44,780318.8685000001,2.3863636363636362,7.2727272727272725,0.022727272727272728,0.3181818181818182,0.8409090909090909,216.75524125000004,0.9545454545454546,0.8409090909090909,0.9090909090909092,0.3073593073593074,0.39826839826839827,0.6225895316804408,0.4703856749311295,0.5687524596615506,2.8,3
4lhg,29,19589.709,1.7586206896551724,3.1724137931034484,0.0,0.7586206896551724,0.9310344827586207,5.441585833333333,1.0,0.9310344827586207,0.9724137931034482,0.7575757575757576,0.461038961038961,0.6008359456635319,0.6797283176593522,0.7578922227198089,3.8,4
4lhl,246,1778960.0,2.361788617886179,10.101626016260163,0.02032520325203252,0.04065040650406504,0.8455284552845529,494.15555555555557,0.959349593495935,0.8455284552845529,0.9138211382113821,0.09523809523809523,0.6346320346320347,0.08681325449618138,0.06373183050012321,0.48331969520993917,2.4,3
4lig,152,1390882.5,2.1447368421052633,7.703947368421052,0.07894736842105263,0.7105263157894737,0.9342105263157895,386.35625,0.8421052631578947,0.9342105263157895,0.8789473684210526,0.1298701298701299,0.6064935064935065,0.5409190590111644,0.625722687400319,0.586542350193666,2.9,3
4lih,61,687095.0,3.3114754098360657,9.147540983606557,0.06557377049180328,0.32786885245901637,0.9180327868852459,190.85972222222222,0.8688524590163934,0.9180327868852459,0.8885245901639345,0.37229437229437234,0.2891774891774892,0.26751117734724306,0.29769001490312974,0.5214307004470939,2.6,3
4lii,87,191322.0,2.954022988505747,7.620689655172414,0.06896551724137931,0.3103448275862069,0.9540229885057471,53.145,0.8620689655172413,0.9540229885057471,0.8988505747126436,0.6536796536796536,0.36363636363636365,0.556687565308255,0.43351619644723094,0.6374481265860577,3.2,4
4lio,19,2597824.0,1.736842105263158,7.947368421052632,0.05263157894736842,0.5789473684210527,1.0,721.6177777777777,0.8947368421052632,1.0,0.9368421052631579,0.06926406926406925,0.41861471861471866,0.49481658692185004,0.5368819776714513,0.5363100934153565,2.7,3
4lip,53,1729820.0,1.8867924528301887,7.09433962264151,0.03773584905660377,0.3018867924528302,0.8867924528301887,480.50555555555553,0.9245283018867925,0.8867924528301887,0.909433962264151,0.09956709956709953,0.5142857142857142,0.6563750714694111,0.47913093196112067,0.5418769909335948,2.7,3
4lkl,29,772758.0,2.0344827586206895,6.517241379310345,0.0,0.6896551724137931,0.7241379310344828,214.655,1.0,0.7241379310344828,0.8896551724137931,0.3246753246753247,0.4038961038961039,0.7656739811912225,0.7276645768025078,0.6188602776533811,3.1,4
4llr,101,1688289.0,3.089108910891089,10.851485148514852,0.039603960396039604,0.06930693069306931,0.5841584158415841,468.9691666666667,0.9207920792079208,0.5841584158415841,0.7861386138613862,0.10822510822510822,0.36536796536796534,0.0,0.034653465346534656,0.3822090780506622,1.9,2
4lls,106,1669419.5,4.009433962264151,9.339622641509434,0.03773584905660377,0.05660377358490566,0.8773584905660378,463.72763888888886,0.9245283018867925,0.8773584905660378,0.9056603773584906,0.11255411255411252,0.30086580086580084,0.23113207547169812,0.14386792452830188,0.43406640529282037,2.2,3
4lpl,104,523224.0,1.8076923076923077,5.826923076923077,0.038461538461538464,0.25,0.8942307692307693,145.34,0.9230769230769231,0.8942307692307693,0.9115384615384616,0.48051948051948057,0.5956709956709957,0.896416083916084,0.573208041958042,0.6729441391941393,3.4,4
4lpo,575,355445.0,3.3443478260869566,9.191304347826087,0.017391304347826087,0.23478260869565218,0.928695652173913,98.73472222222222,0.9652173913043478,0.928695652173913,0.9506086956521739,0.5757575757575757,0.5896103896103896,0.25922266139657457,0.24700263504611336,0.6439750423489554,3.2,4
4lpq,35,13918.0,2.8285714285714287,4.6,0.14285714285714285,0.08571428571428572,1.0,3.866111111111111,0.7142857142857143,1.0,0.8285714285714285,0.7748917748917749,0.29783549783549784,0.8712121212121211,0.4784632034632034,0.638982683982684,3.2,4
4lqg,98,1942485.5,2.4693877551020407,8.23469387755102,0.05102040816326531,0.1836734693877551,0.5816326530612245,539.5793055555556,0.8979591836734694,0.5816326530612245,0.7714285714285715,0.09090909090909094,0.46233766233766227,0.4403988868274583,0.3120361781076067,0.44760204081632654,2.2,3
4lqi,29,1120767.0,2.2758620689655173,7.931034482758621,0.06896551724137931,0.20689655172413793,0.9310344827586207,311.32416666666666,0.8620689655172413,0.9310344827586207,0.8896551724137931,0.18181818181818177,0.370995670995671,0.4979101358411704,0.35240334378265414,0.5015136587550381,2.5,3
4lqk,121,260629.0,1.743801652892562,3.7355371900826446,0.01652892561983471,0.7933884297520661,0.05785123966942149,72.39694444444444,0.9669421487603306,0.05785123966942149,0.6033057851239669,0.6320346320346321,0.6476190476190476,0.707488104182319,0.7504382669671925,0.6487771457192945,3.2,4
4lqr,44,1594.5,0.8863636363636364,0.9772727272727273,0.0,0.7045454545454546,0.22727272727272727,0.4429166666666667,1.0,0.22727272727272727,0.6909090909090909,0.8095238095238095,0.5731601731601732,0.18508953168044084,0.4448174931129477,0.6477946674537584,3.2,4
4lqs,10,1238722.0,3.0,8.8,0.1,0.6,1.0,344.08944444444444,0.8,1.0,0.88,0.1558441558441559,0.13030303030303028,0.33333333333333326,0.4666666666666666,0.46635497835497836,2.3,3
4lrl,15,3411.0,1.3333333333333333,1.2666666666666666,0.06666666666666667,0.2,0.5333333333333333,0.9475,0.8666666666666667,0.5333333333333333,0.7333333333333334,0.8008658008658008,0.41212121212121217,0.23989898989898983,0.21994949494949492,0.5832972582972583,2.9,3
4lrp,94,136060.5,3.127659574468085,6.053191489361702,0.0425531914893617,0.9361702127659575,0.9680851063829787,37.794583333333335,0.9148936170212766,0.9680851063829787,0.9361702127659575,0.6796536796536796,0.3467532467532467,0.8535622179239201,0.8948662153449387,0.7458968868011421,3.7,4
4lrs,272,236.0,1.875,2.922794117647059,0.0,0.9448529411764706,0.9264705882352942,0.06555555555555556,1.0,0.9264705882352942,0.9705882352941176,0.9264069264069263,0.7333333333333334,0.5535594919786095,0.74920621657754,0.8678155239368475,4.3,5
4lsh,24,1378937.0,3.625,12.083333333333334,0.041666666666666664,0.4166666666666667,0.875,383.03805555555556,0.9166666666666666,0.875,0.8999999999999999,0.1341991341991342,0.1463203463203463,0.0,0.20833333333333334,0.41948051948051945,2.1,3
4lsk,457,3896.0,2.4704595185995624,7.282275711159738,0.030634573304157548,0.045951859956236324,0.9846827133479212,1.0822222222222222,0.9387308533916849,0.9846827133479212,0.9571115973741795,0.7878787878787878,0.6891774891774891,0.6207811153106558,0.33336648763344606,0.7364675514128469,3.7,4
4lso,42,1038345.5,2.9285714285714284,10.095238095238095,0.047619047619047616,0.07142857142857142,0.9285714285714286,288.4293055555556,0.9047619047619048,0.9285714285714286,0.9142857142857143,0.19913419913419916,0.2926406926406926,0.08802308802308823,0.07972582972582982,0.4442568542568543,2.2,3
4lsp,54,42813.5,2.5555555555555554,3.1296296296296298,0.037037037037037035,0.2037037037037037,1.0,11.89263888888889,0.9259259259259259,1.0,0.9555555555555556,0.7445887445887446,0.3904761904761904,0.5927328843995511,0.3982182940516274,0.6783305274971942,3.4,4
4ogg,89,125034.324,2.651685393258427,3.932584269662921,0.07865168539325842,0.3595505617977528,0.8426966292134831,34.73175666666666,0.8426966292134832,0.8426966292134831,0.8426966292134832,0.6839826839826839,0.4142857142857143,0.7448076268300987,0.5521790943139258,0.6592324529403182,3.3,4
4ohk,687,675315.147,4.758369723435226,14.032023289665212,0.05240174672489083,0.5895196506550219,0.9155749636098981,187.58754083333332,0.8951965065502183,0.9155749636098981,0.9033478893740902,0.38095238095238093,0.5506493506493506,0.0,0.29475982532751094,0.5804916917143991,2.9,3
4ohl,174,663358.5,2.3505747126436782,2.454022988505747,0.028735632183908046,0.8333333333333334,0.9885057471264368,184.26625,0.9425287356321839,0.9885057471264368,0.960919540229885,0.38961038961038963,0.5896103896103896,0.4647770811563915,0.6490552072448624,0.6814575558541075,3.4,4
4oio,649,775374.0,3.3959938366718028,6.576271186440678,0.023112480739599383,0.9229583975346687,0.9722650231124808,215.38166666666666,0.9537750385208013,0.9722650231124808,0.961171032357473,0.316017316017316,0.6008658008658008,0.7544940934771444,0.8387262455059066,0.703332599603786,3.5,4
4oiq,44,14994.5,1.4090909090909092,1.2727272727272727,0.022727272727272728,0.4772727272727273,0.1590909090909091,4.1651388888888885,0.9545454545454546,0.1590909090909091,0.6363636363636364,0.7705627705627706,0.5316017316017316,0.2410468319559228,0.35915977961432505,0.5935202676111768,3.0,3
4okh,169,244845.0,3.408284023668639,4.763313609467455,0.03550295857988166,0.7514792899408284,0.9763313609467456,68.0125,0.9289940828402367,0.9763313609467456,0.9479289940828401,0.6406926406926408,0.4147186147186147,0.9021427290658058,0.8268110095033171,0.7402542329465406,3.7,4
4olg,74,968461.5,2.4864864864864864,3.2432432432432434,0.0,0.918918918918919,1.0,269.01708333333335,1.0,1.0,1.0,0.22510822510822515,0.42554112554112555,0.6142506142506143,0.7665847665847667,0.6447022347022348,3.2,4
4oll,49,430396.511,1.9183673469387754,3.4081632653061225,0.02040816326530612,0.46938775510204084,0.8163265306122449,119.5545863888889,0.9591836734693877,0.8163265306122449,0.9020408163265305,0.5454545454545454,0.5,0.6454854669140383,0.5574366110080395,0.66356524427953,3.3,4
4ook,28,773400.622,2.107142857142857,2.1785714285714284,0.0,0.0,1.0,214.8335061111111,1.0,1.0,1.0,0.3203463203463204,0.3887445887445887,0.41260822510822504,0.20630411255411252,0.5490963203463204,2.7,3
4oop,16,4353833.5,1.3125,3.125,0.0,0.625,0.9375,1209.3981944444445,1.0,0.9375,0.975,0.03463203463203468,0.4203463203463204,0.5918560606060606,0.6084280303030303,0.5556628787878788,2.8,3
4opi,424,1180751.9455,3.186320754716981,7.863207547169812,0.01650943396226415,0.5400943396226415,0.8867924528301887,327.9866515277778,0.9669811320754716,0.8867924528301887,0.9349056603773584,0.17748917748917747,0.5636363636363636,0.510756146369354,0.5254252429959978,0.5894015968308421,2.9,3
4opp,182,615273.138,2.5494505494505493,6.972527472527473,0.038461538461538464,0.3791208791208791,0.8296703296703297,170.90920500000001,0.9230769230769231,0.8296703296703297,0.8857142857142858,0.3982683982683982,0.5532467532467533,0.6794455544455544,0.5292832167832168,0.6260730935730936,3.1,4
4ops,635,279094.0,2.8755905511811024,5.436220472440945,0.006299212598425197,0.9622047244094488,0.9511811023622048,77.5261111111111,0.9874015748031496,0.9511811023622048,0.9729133858267716,0.6060606060606061,0.6701298701298701,0.9704127893104272,0.966308756859938,0.8193225619524832,4.1,5
4oqq,956,964338.6235,3.4152719665271967,10.609832635983263,0.032426778242677826,0.8535564853556485,0.8410041841004184,267.8718398611111,0.9351464435146444,0.8410041841004184,0.897489539748954,0.22943722943722944,0.6311688311688312,0.0,0.42677824267782427,0.5830700610407723,2.9,3
4org,38,12576.046999999999,2.1315789473684212,2.0,0.02631578947368421,0.631578947368421,0.8947368421052632,3.4933463888888885,0.9473684210526316,0.8947368421052632,0.9263157894736842,0.7792207792207793,0.41991341991341996,0.3787878787878788,0.5051834130781498,0.7040350877192982,3.5,4
4orq,10,11439120.0,2.2,3.7,0.0,0.7,0.7,3177.5333333333333,1.0,0.7,0.8799999999999999,0.017316017316017285,0.2653679653679654,0.7007575757575757,0.7003787878787878,0.5054783549783549,2.5,3
4osr,1350,333439.0,3.3014814814814817,12.864444444444445,0.03259259259259259,0.4,0.9251851851851852,92.62194444444444,0.9348148148148148,0.9251851851851852,0.930962962962963,0.5930735930735931,0.6701298701298701,0.0,0.2,0.6481314093314093,3.2,4
4pgp,1055,785615.0,3.0312796208530806,5.237914691943128,0.013270142180094787,0.8180094786729858,0.9213270142180094,218.2263888888889,0.9734597156398104,0.9213270142180094,0.95260663507109,0.2987012987012987,0.7021645021645022,0.9920292977165014,0.9050193881947436,0.7295244250220554,3.6,4
4php,445,772730.403,3.6719101123595506,7.937078651685393,0.0449438202247191,0.4651685393258427,0.9213483146067416,214.64733416666667,0.9101123595505618,0.9213483146067416,0.9146067415730337,0.32900432900432897,0.5186147186147185,0.4967654068777665,0.4809669731018046,0.6022797801449487,3.0,4
4phs,32,1289944.5,3.71875,3.6875,0.0625,0.875,0.9375,358.3179166666667,0.875,0.9375,0.9,0.1471861471861472,0.17229437229437228,0.6983901515151515,0.7866950757575757,0.5435944264069263,2.7,3
4pio,459,519202.31,2.581699346405229,6.618736383442266,0.0196078431372549,0.3572984749455338,0.7015250544662309,144.2228638888889,0.9607843137254902,0.7015250544662309,0.8570806100217865,0.48484848484848486,0.6722943722943723,0.746451442529874,0.5518749587377039,0.6660242009261617,3.3,4
4pls,17,262556.615,2.4705882352941178,5.235294117647059,0.0,0.23529411764705882,0.8823529411764706,72.93239305555555,1.0,0.8823529411764706,0.9529411764705882,0.6233766233766234,0.26536796536796536,0.9915329768270944,0.6134135472370766,0.6651298701298701,3.3,4
4pok,385,798489.0,4.503896103896104,5.387012987012987,0.015584415584415584,0.974025974025974,0.987012987012987,221.8025,0.9688311688311688,0.987012987012987,0.9761038961038961,0.2857142857142857,0.45930735930735933,0.9797323888232979,0.976879181424636,0.7003022432113342,3.5,4
4pps,1800,285019.01749999996,2.7733333333333334,6.394444444444445,0.020555555555555556,0.26166666666666666,0.9411111111111111,79.17194930555554,0.9588888888888889,0.9411111111111111,0.9517777777777778,0.6017316017316017,0.754978354978355,0.7889309764309764,0.5252988215488216,0.7396105579605581,3.7,4
4pqq,811,555997.886,4.086313193588163,7.226880394574599,0.036991368680641186,0.8446362515413071,0.9395807644882861,154.44385722222225,0.9260172626387176,0.9395807644882861,0.931442663378545,0.4458874458874459,0.5887445887445887,0.6312726525426896,0.7379544520419983,0.7028166018116696,3.5,4
4prg,1160,858918.7744999999,4.706896551724138,10.367241379310345,0.04827586206896552,0.5,0.8862068965517241,238.58854847222221,0.903448275862069,0.8862068965517241,0.896551724137931,0.2640692640692641,0.5965367965367965,0.03650731452455602,0.268253657262278,0.5527685102254067,2.8,3
4prh,113,690561.0,2.5575221238938055,3.0530973451327434,0.035398230088495575,0.8141592920353983,0.9734513274336283,191.8225,0.9292035398230089,0.9734513274336283,0.9469026548672566,0.36363636363636365,0.48225108225108226,0.5782381335478681,0.6961987127916331,0.6580149791211738,3.3,4
4pri,69,1544861.451,2.8405797101449277,2.130434782608696,0.014492753623188406,0.855072463768116,0.8840579710144928,429.1281808333333,0.9710144927536232,0.8840579710144928,0.9362318840579711,0.1255411255411255,0.36536796536796534,0.4034914361001317,0.6292819499341238,0.5579964238659891,2.8,3
4pro,114,698230.0,2.4035087719298245,2.0526315789473686,0.03508771929824561,0.9298245614035088,1.0,193.95277777777778,0.9298245614035088,1.0,0.9578947368421052,0.35064935064935066,0.5173160173160173,0.3887559808612441,0.6592902711323765,0.6582467532467533,3.3,4
4psk,719,767041.3420000001,3.536856745479833,5.963838664812239,0.019471488178025034,0.9221140472878998,0.9485396383866481,213.06703944444448,0.96105702364395,0.9485396383866481,0.9560500695410292,0.33333333333333337,0.6051948051948052,0.8704851013613184,0.8962995743246092,0.7182497335765765,3.6,4
4psl,37,1020833.0,2.2972972972972974,1.9189189189189189,0.0,0.8648648648648649,0.972972972972973,283.5647222222222,1.0,0.972972972972973,0.9891891891891892,0.21212121212121215,0.39004329004329,0.36343161343161345,0.6141482391482391,0.6000848250848251,3.0,4
4psr,606,536798.0,3.4834983498349836,5.16006600660066,0.033003300330033,0.735973597359736,0.9620462046204621,149.11055555555555,0.933993399339934,0.9620462046204621,0.9452145214521452,0.4588744588744589,0.5766233766233766,0.9772852285228523,0.8566294129412941,0.7321942551397997,3.7,4
4qil,165,606863.0,3.727272727272727,5.430303030303031,0.006060606060606061,0.9272727272727272,0.9818181818181818,168.57305555555556,0.9878787878787879,0.9818181818181818,0.9854545454545456,0.4112554112554112,0.37835497835497833,0.9715335169880625,0.9494031221303949,0.7132745638200184,3.6,4
4qio,102,6207738.567,1.911764705882353,3.235294117647059,0.0,0.43137254901960786,0.6764705882352942,1724.3718241666666,1.0,0.6764705882352942,0.8705882352941177,0.025974025974025983,0.5718614718614718,0.6127450980392157,0.5220588235294118,0.5299834479246244,2.6,3
4qiq,757,1373185.373,2.9801849405548215,6.317040951122854,0.007926023778071334,0.8678996036988111,0.9062087186261559,381.44038138888885,0.9841479524438573,0.9062087186261559,0.9529722589167768,0.1385281385281385,0.6813852813852814,0.803590728954005,0.835745166326408,0.6715984147952444,3.4,4
4qkk,147,524721.0,4.380952380952381,4.122448979591836,0.09523809523809523,0.8503401360544217,0.9387755102040817,145.75583333333333,0.8095238095238095,0.9387755102040817,0.8612244897959185,0.47186147186147187,0.34199134199134196,0.7807668521954235,0.8155534941249226,0.6509029066171923,3.3,4
4qko,203,414499.672,3.8916256157635467,5.945812807881773,0.024630541871921183,0.916256157635468,1.0,115.13879777777778,0.9507389162561576,1.0,0.9704433497536945,0.5541125541125541,0.40259740259740256,0.8738990894163309,0.8950776235258995,0.737718316166592,3.7,4
4qkp,306,523757.0,3.6601307189542482,11.009803921568627,0.0392156862745098,0.6339869281045751,0.8856209150326797,145.48805555555555,0.9215686274509804,0.8856209150326797,0.9071895424836602,0.47619047619047616,0.4632034632034632,0.0,0.31699346405228757,0.5926033443680503,3.0,3
4qkr,387,1262218.0,3.3617571059431524,4.992248062015504,0.06201550387596899,0.8062015503875969,0.813953488372093,350.61611111111114,0.875968992248062,0.813953488372093,0.8511627906976744,0.1515151515151515,0.5238095238095238,0.9455015268968757,0.8758515386422363,0.615717977113326,3.1,4
4qks,56,567400.5,2.1607142857142856,3.6607142857142856,0.017857142857142856,0.8214285714285714,1.0,157.61125,0.9642857142857143,1.0,0.9785714285714285,0.4415584415584416,0.464935064935065,0.6933170995670995,0.7573728354978355,0.6973511904761905,3.5,4
4qoh,653,438977.0,3.2343032159264933,5.04594180704441,0.018376722817764167,0.885145482388974,0.9831546707503829,121.93805555555555,0.9632465543644717,0.9831546707503829,0.9712098009188362,0.5367965367965368,0.6203463203463202,0.9556707967887139,0.9204081395888439,0.7822734565077598,3.9,4
4qok,11,47622139.0,2.8181818181818183,0.36363636363636365,0.0,1.0,0.0,13228.371944444445,1.0,0.0,0.6,0.0043290043290042934,0.17792207792207795,0.06887052341597788,0.5344352617079889,0.35355371900826443,1.8,2
4qop,12,29817220.5,1.5833333333333333,1.3333333333333333,0.0,0.8333333333333334,1.0,8282.56125,1.0,1.0,1.0,0.008658008658008698,0.38138528138528144,0.2525252525252525,0.5429292929292929,0.537027417027417,2.7,3
4qpl,16,451419.9035,2.125,5.8125,0.0,0.625,0.9375,125.3944176388889,1.0,0.9375,0.975,0.5281385281385281,0.3216450216450217,0.8991477272727273,0.7620738636363636,0.6900284090909091,3.5,4
4qqo,23,4152347.631,2.9565217391304346,3.1739130434782608,0.0,0.782608695652174,0.9130434782608695,1153.4298975,1.0,0.9130434782608695,0.9652173913043478,0.038961038961038974,0.22034632034632035,0.6011198945981554,0.6918642951251647,0.5300084697910785,2.7,3
4qqr,656,1066350.2944999998,3.3780487804878048,6.625,0.012195121951219513,0.9009146341463414,0.9451219512195121,296.2084151388888,0.975609756097561,0.9451219512195121,0.9634146341463414,0.19480519480519476,0.6103896103896104,0.7452651515151516,0.8230898928307465,0.6725923212965896,3.4,4
4qrh,289,821235.755,4.294117647058823,11.40484429065744,0.0726643598615917,0.47750865051903113,0.698961937716263,228.12104305555556,0.8546712802768166,0.698961937716263,0.7923875432525951,0.2727272727272727,0.4337662337662338,0.0,0.23875432525951557,0.48002157012537633,2.4,3
4qsh,1009,109179.0,2.2834489593657086,5.3201189296333,0.015857284440039643,0.38255698711595637,0.9018830525272548,30.3275,0.9682854311199207,0.9018830525272548,0.9417244796828543,0.6926406926406927,0.8251082251082251,0.9924017178724811,0.6874793524942188,0.805281256569661,4.0,5
4qsk,997,588100.784,3.0712136409227684,6.228686058174524,0.033099297893681046,0.46940822467402205,0.7953861584754263,163.3613288888889,0.9338014042126379,0.7953861584754263,0.8784353059177532,0.4285714285714286,0.6805194805194805,0.8203246101942191,0.6448664174341205,0.6796723938047909,3.4,4
4qsl,385,1305949.736,3.137662337662338,6.189610389610389,0.03636363636363636,0.522077922077922,0.8727272727272727,362.76381555555554,0.9272727272727272,0.8727272727272727,0.9054545454545454,0.1428571428571429,0.5458874458874459,0.8277253049980324,0.6749016135379773,0.5967811885084613,3.0,3
4qsp,30,3022228.0,3.1,2.9,0.1,0.9666666666666667,0.9333333333333333,839.5077777777777,0.8,0.9333333333333333,0.8533333333333333,0.051948051948051965,0.23333333333333334,0.5492424242424242,0.7579545454545454,0.5099112554112555,2.5,3
4qsr,528,699990.091,3.558712121212121,6.445075757575758,0.05303030303030303,0.5643939393939394,0.8882575757575758,194.44169194444444,0.8939393939393939,0.8882575757575758,0.8916666666666667,0.34199134199134196,0.5584415584415584,0.779341712580349,0.6718678259871442,0.6436430457169093,3.2,4
4qss,514,570911.007,3.7431906614785992,5.597276264591439,0.08560311284046693,0.5642023346303502,0.9396887159533074,158.58639083333333,0.8287937743190661,0.9396887159533074,0.8731517509727627,0.4372294372294372,0.5333333333333332,0.9399097983728335,0.7520560665015918,0.6719883521148112,3.4,4
4rgh,388,693895.5,2.4922680412371134,4.582474226804123,0.030927835051546393,0.5283505154639175,0.8814432989690721,192.74875,0.9381443298969072,0.8814432989690721,0.9154639175257733,0.35497835497835495,0.6575757575757576,0.8678928459856294,0.6981216807247734,0.6802964475387157,3.4,4
4rhh,39,590459.0,3.4615384615384617,3.5641025641025643,0.02564102564102564,0.6923076923076923,0.9230769230769231,164.01638888888888,0.9487179487179487,0.9230769230769231,0.9384615384615385,0.4242424242424242,0.2147186147186147,0.675019425019425,0.6836635586635587,0.6141985791985791,3.1,4
4rhp,378,439050.5235,3.0714285714285716,6.35978835978836,0.021164021164021163,0.8042328042328042,0.9444444444444444,121.95847875,0.9576719576719577,0.9444444444444444,0.9523809523809523,0.5324675324675325,0.5541125541125541,0.7954946288279622,0.7998637165303832,0.737245470578804,3.7,4
4ris,738,514656.5145,2.772357723577236,7.017615176151762,0.012195121951219513,0.4024390243902439,0.9417344173441734,142.96014291666665,0.975609756097561,0.9417344173441734,0.962059620596206,0.48917748917748916,0.7151515151515151,0.670906216637924,0.5366726205140839,0.7093800666361643,3.5,4
4rkg,415,690990.985,4.937349397590362,9.156626506024097,0.016867469879518072,0.4457831325301205,0.8722891566265061,191.94194027777777,0.9662650602409638,0.8722891566265061,0.9286746987951807,0.35930735930735935,0.4748917748917749,0.2657904344651333,0.3557867834976269,0.5809986960830336,2.9,3
4rli,336,699786.338,3.732142857142857,7.875,0.03273809523809524,0.45535714285714285,0.7797619047619048,194.3850938888889,0.9345238095238095,0.7797619047619048,0.8726190476190476,0.34632034632034636,0.4662337662337663,0.5085227272727273,0.48193993506493504,0.5816314935064935,2.9,3
4rlo,44,82703.1875,1.7727272727272727,2.9318181818181817,0.0,0.5909090909090909,0.9545454545454546,22.973107638888887,1.0,0.9545454545454546,0.9818181818181818,0.7186147186147186,0.5108225108225108,0.5552685950413223,0.5730888429752066,0.7400723140495868,3.7,4
4rog,43,2604313.0,3.2093023255813953,8.046511627906977,0.046511627906976744,0.7674418604651163,0.7906976744186046,723.4202777777778,0.9069767441860466,0.7906976744186046,0.8604651162790697,0.06493506493506496,0.25108225108225113,0.47603946441155753,0.6217406624383369,0.49196113963555826,2.5,3
4roi,24,413488.91949999996,2.375,3.7083333333333335,0.041666666666666664,0.6666666666666666,0.9166666666666666,114.85803319444443,0.9166666666666666,0.9166666666666666,0.9166666666666666,0.5584415584415585,0.32987012987012987,0.7023358585858586,0.6845012626262625,0.6633180014430015,3.3,4
4rol,110,2677256.0,2.4545454545454546,3.2181818181818183,0.03636363636363636,0.5181818181818182,0.9818181818181818,743.6822222222222,0.9272727272727272,0.9818181818181818,0.949090909090909,0.05627705627705626,0.49826839826839825,0.609504132231405,0.5638429752066116,0.5586733569460842,2.8,3
4roo,467,529003.0,3.233404710920771,6.419700214132762,0.017130620985010708,0.7687366167023555,0.9571734475374732,146.9452777777778,0.9657387580299786,0.9571734475374732,0.9623126338329764,0.4675324675324676,0.5766233766233766,0.78414768671728,0.7764421517098177,0.7243056443912974,3.6,4
4ror,108,637216.0,3.4166666666666665,3.9537037037037037,0.05555555555555555,0.5740740740740741,0.9722222222222222,177.00444444444443,0.8888888888888888,0.9722222222222222,0.9222222222222223,0.3939393939393939,0.3437229437229437,0.748807519640853,0.6614407968574636,0.6222953743787077,3.1,4
4rpg,773,879477.0,3.1384217335058215,6.567917205692108,0.04139715394566624,0.6998706338939198,0.8861578266494179,244.29916666666668,0.9172056921086675,0.8861578266494179,0.9047865459249677,0.25108225108225113,0.6571428571428571,0.7560762868007371,0.7279734603473285,0.6564691173423386,3.3,4
4rqs,624,601406.8715,3.5,10.95673076923077,0.008012820512820512,0.6586538461538461,0.9262820512820513,167.05746430555556,0.983974358974359,0.9262820512820513,0.9608974358974359,0.4155844155844156,0.5818181818181818,0.0,0.3293269230769231,0.6224392274392274,3.1,4
4rrl,114,814596.4539999999,3.043859649122807,5.7894736842105265,0.05263157894736842,0.4473684210526316,0.9122807017543859,226.27679277777776,0.8947368421052632,0.9122807017543859,0.9017543859649123,0.2813852813852814,0.4134199134199134,0.9035087719298246,0.6754385964912281,0.6037320574162679,3.0,4
4rsl,167,255736.601,3.712574850299401,4.508982035928144,0.0,0.8502994011976048,0.9880239520958084,71.03794472222222,1.0,0.9880239520958084,0.9952095808383233,0.6363636363636364,0.38441558441558443,0.8539738704409363,0.8521366358192706,0.7547247064312932,3.8,4
4sgg,711,676096.808,4.236286919831223,10.258790436005626,0.03938115330520394,0.1631504922644163,0.9142053445850914,187.80466888888887,0.9212376933895922,0.9142053445850914,0.9184247538677919,0.37662337662337664,0.5670995670995671,0.05704726590802556,0.11009887908622093,0.5510441972467289,2.8,3
4sgr,610,1006229.0,3.6295081967213116,8.3,0.022950819672131147,0.10655737704918032,0.9311475409836065,279.50805555555553,0.9540983606557377,0.9311475409836065,0.9449180327868854,0.21645021645021645,0.5679653679653679,0.428030303030303,0.26729384003974166,0.5518857071889859,2.8,3
4sgs,712,778934.479,4.310393258426966,9.849719101123595,0.019662921348314606,0.1601123595505618,0.9353932584269663,216.37068861111112,0.9606741573033708,0.9353932584269663,0.950561797752809,0.3116883116883117,0.5645021645021645,0.13452289751447066,0.14731762853251623,0.5529826657424972,2.8,3
4shl,397,71792.0,2.9672544080604535,5.831234256926952,0.030226700251889168,0.853904282115869,0.9798488664987406,19.942222222222224,0.9395465994962217,0.9798488664987406,0.9556675062972292,0.7316017316017316,0.587012987012987,0.8955995725517137,0.8747519273337914,0.8097370429738187,4.0,5
4sig,645,182.291,1.9844961240310077,3.10077519379845,0.0,0.9674418604651163,0.9255813953488372,0.05063638888888889,1.0,0.9255813953488372,0.9702325581395349,0.9567099567099567,0.8268398268398267,0.5872680291284942,0.7773549447968052,0.8995978388536529,4.5,5
4sih,415,507549.0,2.5180722891566263,6.669879518072289,0.03855421686746988,0.8,0.9614457831325302,140.98583333333335,0.9228915662650602,0.9614457831325302,0.9383132530120482,0.49783549783549785,0.6670995670995671,0.7367652427893392,0.7683826213946696,0.7399649507119387,3.7,4
4sii,653,15853.0,3.134762633996937,7.996937212863706,0.05206738131699847,0.24655436447166923,0.9035222052067381,4.403611111111111,0.8958652373660031,0.9035222052067381,0.8989280245022971,0.7662337662337663,0.6359307359307358,0.4854285581697527,0.365991461320711,0.706567689584535,3.5,4
4sil,205,787246.0,2.0097560975609756,7.014634146341463,0.024390243902439025,0.25365853658536586,0.8926829268292683,218.67944444444444,0.9512195121951219,0.8926829268292683,0.9278048780487804,0.2943722943722944,0.6632034632034631,0.6714708056171471,0.4625646711012565,0.6234784077710906,3.1,4
4sio,429,579835.002,2.237762237762238,6.417249417249417,0.02097902097902098,0.40792540792540793,0.7878787878787878,161.06527833333334,0.958041958041958,0.7878787878787878,0.88997668997669,0.4329004329004329,0.7307359307359307,0.7846118527936711,0.5962686303595395,0.6851178619360437,3.4,4
4sip,172,278.523,2.4069767441860463,4.773255813953488,0.040697674418604654,0.7209302325581395,0.936046511627907,0.0773675,0.9186046511627907,0.936046511627907,0.9255813953488372,0.8917748917748918,0.5714285714285714,0.9040257223396758,0.8124779774489077,0.8236785210913118,4.1,5
4skh,10,122360.328,1.8,5.4,0.0,0.0,1.0,33.98898,1.0,1.0,1.0,0.6883116883116883,0.33982683982683987,0.9772727272727273,0.48863636363636365,0.6877705627705628,3.4,4
4skk,60,2105400.7580000004,2.433333333333333,12.016666666666667,0.016666666666666666,0.31666666666666665,0.7833333333333333,584.833543888889,0.9666666666666667,0.7833333333333333,0.8933333333333333,0.07792207792207795,0.4233766233766234,0.0,0.15833333333333333,0.4484891774891775,2.2,3
4skl,84,483636.5,1.7023809523809523,3.7857142857142856,0.0,0.35714285714285715,0.9285714285714286,134.34347222222223,1.0,0.9285714285714286,0.9714285714285714,0.5194805194805194,0.5761904761904763,0.716991341991342,0.5370670995670995,0.692521645021645,3.5,4
4skr,191,958036.0,4.230366492146596,17.230366492146597,0.041884816753926704,0.15706806282722513,0.900523560209424,266.12111111111113,0.9162303664921466,0.900523560209424,0.9099476439790576,0.23376623376623373,0.3896103896103896,0.0,0.07853403141361257,0.470552118039029,2.4,3
4sks,520,173783.5,2.875,6.601923076923077,0.06346153846153846,0.14423076923076922,0.8903846153846153,48.27319444444444,0.8730769230769231,0.8903846153846153,0.88,0.6666666666666667,0.651082251082251,0.749635780885781,0.44693327505827507,0.6942697718947719,3.5,4
4slh,194,687505.02,3.0618556701030926,6.603092783505154,0.07216494845360824,0.15979381443298968,0.9432989690721649,190.97361666666666,0.8556701030927836,0.9432989690721649,0.8907216494845361,0.36796536796536794,0.4857142857142857,0.7494142455482663,0.454604029990628,0.5918075824519123,3.0,3
4sli,238,105150.401,2.865546218487395,7.718487394957983,0.06302521008403361,0.10504201680672269,0.9495798319327731,29.20844472222222,0.8739495798319328,0.9495798319327731,0.9042016806722689,0.696969696969697,0.5437229437229437,0.5381652661064427,0.32160364145658266,0.6637783295136237,3.3,4
4sog,459,199.51,1.973856209150327,3.1938997821350763,0.0,0.9738562091503268,0.8867102396514162,0.055419444444444445,1.0,0.8867102396514162,0.9546840958605665,0.948051948051948,0.7831168831168831,0.6049052617680069,0.7893807354591669,0.8856519442793953,4.4,5
4soo,19,63731.765,1.368421052631579,5.894736842105263,0.05263157894736842,0.42105263157894735,0.7894736842105263,17.703268055555554,0.8947368421052632,0.7894736842105263,0.8526315789473684,0.7359307359307359,0.43593073593073595,0.8835725677830942,0.6523125996810208,0.7000524037366143,3.5,4
4sop,11,241059.0,3.272727272727273,4.909090909090909,0.09090909090909091,0.8181818181818182,0.5454545454545454,66.96083333333333,0.8181818181818181,0.5454545454545454,0.709090909090909,0.645021645021645,0.10173160173160176,0.9297520661157025,0.8739669421487604,0.6045769382133018,3.0,4
4soq,47,613309.0,1.3829787234042554,8.127659574468085,0.02127659574468085,0.2553191489361702,0.8936170212765957,170.3636111111111,0.9574468085106383,0.8936170212765957,0.9319148936170214,0.4025974025974026,0.5437229437229437,0.46067053513862033,0.3579948420373953,0.6071631205673759,3.0,4
4ssh,111,1209126.0,2.081081081081081,8.36936936936937,0.02702702702702703,0.13513513513513514,0.8468468468468469,335.86833333333334,0.9459459459459459,0.8468468468468469,0.9063063063063064,0.1601731601731602,0.5662337662337662,0.41489216489216496,0.2750136500136501,0.5254999804999805,2.6,3
4z8d4aa.c3,212,283.0,1.0896226415094339,0.8160377358490566,0.0047169811320754715,0.018867924528301886,0.9292452830188679,0.07861111111111112,0.9905660377358491,0.9292452830188679,0.9660377358490566,0.8831168831168831,0.7744588744588745,0.1545526014865638,0.08671026300743284,0.731126255819652,3.7,4
_2hhpqg,120,669663.0,4.25,7.908333333333333,0.03333333333333333,0.5416666666666666,0.9666666666666667,186.0175,0.9333333333333333,0.9666666666666667,0.9466666666666667,0.38528138528138534,0.3212121212121211,0.502209595959596,0.5219381313131313,0.59628373015873,3.0,3
av43.jd4aa.c3,136,295.299,1.0220588235294117,0.7279411764705882,0.0,0.029411764705882353,0.7647058823529411,0.08202749999999999,1.0,0.7647058823529411,0.9058823529411765,0.8744588744588745,0.7125541125541126,0.13786764705882348,0.08363970588235292,0.6949123058314234,3.5,4
d8e1n8vv8d4aa.c3,44,241.09949999999998,1.0454545454545454,0.8181818181818182,0.0,0.022727272727272728,0.8409090909090909,0.06697208333333332,1.0,0.8409090909090909,0.9363636363636364,0.9177489177489178,0.5645021645021646,0.1549586776859504,0.08884297520661157,0.6878335301062575,3.4,4
nzvz,11,97209577.911,2.3636363636363638,2.3636363636363638,0.0,0.8181818181818182,1.0,27002.660530833335,1.0,1.0,1.0,0.0,0.2523809523809524,0.4476584022038568,0.6329201101928374,0.5270602125147579,2.6,3
t.y10tygr,13,1106998.0,2.3846153846153846,2.076923076923077,0.0,0.46153846153846156,0.9230769230769231,307.49944444444446,1.0,0.9230769230769231,0.9692307692307692,0.18614718614718617,0.26103896103896107,0.39335664335664333,0.42744755244755245,0.5234648684648685,2.6,3
t.y40ygh,12,489354.0,2.6666666666666665,4.833333333333333,0.08333333333333333,0.5,1.0,135.93166666666667,0.8333333333333334,1.0,0.9,0.5108225108225108,0.20303030303030306,0.9154040404040403,0.7077020202020201,0.6248520923520924,3.1,4
t.y8114ygh,16,273384.0,2.5,2.5,0.1875,0.375,0.9375,75.94,0.625,0.9375,0.75,0.6147186147186148,0.2506493506493507,0.4734848484848485,0.42424242424242425,0.5511580086580087,2.8,3
t.y8zv0ygo,16,971472.5,2.5625,1.9375,0.0,0.5,1.0,269.8534722222222,1.0,1.0,1.0,0.22077922077922074,0.24025974025974028,0.36695075757575757,0.4334753787878788,0.539941829004329,2.7,3
t.yt_9ygh,18,41406.5,2.888888888888889,1.8888888888888888,0.05555555555555555,0.3333333333333333,0.9444444444444444,11.501805555555556,0.8888888888888888,0.9444444444444444,0.9111111111111111,0.748917748917749,0.2043290043290043,0.3577441077441077,0.3455387205387205,0.6160918710918711,3.1,4
t.yzt_0ygh,22,2020409.5,2.909090909090909,2.1363636363636362,0.09090909090909091,0.6363636363636364,0.9545454545454546,561.2248611111111,0.8181818181818181,0.9545454545454546,0.8727272727272727,0.08658008658008653,0.21774891774891778,0.4046143250688705,0.5204889807162534,0.4747471467926013,2.4,3
u6yx0uygo,10,4586422.5,5.5,9.3,0.1,0.8,0.9,1274.00625,0.8,0.9,0.8400000000000001,0.030303030303030276,0.010822510822510808,0.23863636363636354,0.5193181818181818,0.4076038961038961,2.0,3
w.nzwwz2ycz6dn28n,14,319.0,1.2857142857142858,1.5,0.0,0.07142857142857142,0.9285714285714286,0.08861111111111111,1.0,0.9285714285714286,0.9714285714285714,0.8484848484848485,0.412987012987013,0.28409090909090906,0.17775974025974023,0.6702705627705628,3.4,4
wzcdd4aa,186,376.4515,1.1290322580645162,0.9247311827956989,0.0,0.03225806451612903,0.956989247311828,0.10456986111111112,1.0,0.956989247311828,0.9827956989247312,0.8398268398268398,0.7445887445887446,0.17513848159009449,0.10369827305311176,0.723592608108737,3.6,4
x8azvjn2,144,317.48400000000004,1.1597222222222223,1.1527777777777777,0.006944444444444444,0.013888888888888888,0.8888888888888888,0.08819,0.9861111111111112,0.8888888888888888,0.9472222222222222,0.8528138528138528,0.7047619047619047,0.21832912457912457,0.11610900673400673,0.7089054232804232,3.5,4
z2w_x,43,25915323.0,1.2093023255813953,0.9534883720930233,0.0,0.5813953488372093,0.9767441860465116,7198.700833333333,1.0,0.9767441860465116,0.9906976744186047,0.012987012987012991,0.5385281385281386,0.180584918957012,0.38099013389711067,0.5338945937783147,2.7,3
