employee,overall_score,ticket_count,risk_level,training_areas,flags,recommendations
4lll,1.5,1,YELLOW,"Qualität der Lösungen, Allgemeine Performance",-,Workshop: Systematische Problemanalyse; Mentoring: Pair-Work mit erfahrenem Kollegen
4hggg,2.0,1,YELLOW,"Qualität der Lösungen, Allgemeine Performance",-,Workshop: Systematische Problemanalyse; Mentoring: Pair-Work mit erfahrenem Kollegen
4lqg,2.0,1,YELLOW,"Qualität der Lösungen, Allgemeine Performance",-,Workshop: Systematische Problemanalyse; Mentoring: Pair-Work mit erfahrenem Kollegen
4hgsg,3.0,1,YELLOW,Allgemeine Performance,-,Mentoring: Pair-Work mit erfahrenem Kollegen
4kll,3.0,4,YELLOW,Allgemeine Performance,-,Mentoring: Pair-Work mit erfahrenem Kollegen
4kpk,3.0,3,YELLOW,Allgemeine Performance,-,Mentoring: Pair-Work mit erfahrenem Kollegen
4kpq,3.0,2,YELLOW,Allgemeine Performance,-,Mentoring: Pair-Work mit erfahrenem Kollegen
4qsh,3.0,1,YELLOW,Allgemeine Performance,-,Mentoring: Pair-Work mit erfahrenem Kollegen
4skr,3.17,12,YELLOW,Allgemeine Performance,-,Mentoring: Pair-Work mit erfahrenem Kollegen
4oio,3.42,3,YELLOW,Allgemeine Performance,-,Mentoring: Pair-Work mit erfahrenem Kollegen
4lsh,3.44,4,YELLOW,Allgemeine Performance,-,Mentoring: Pair-Work mit erfahrenem Kollegen
4ssh,3.67,3,YELLOW,Konsistenz,-,Coaching: Checklisten für gleichbleibende Qualität
0ny0x23yoi,1.0,1,RED,"Qualität der Lösungen, Allgemeine Performance","Kritisch niedrige Performance, Sehr schlechte Einzelbewertungen",Workshop: Systematische Problemanalyse; Mentoring: Pair-Work mit erfahrenem Kollegen
4hgir,1.0,1,RED,"Qualität der Lösungen, Allgemeine Performance","Kritisch niedrige Performance, Sehr schlechte Einzelbewertungen",Workshop: Systematische Problemanalyse; Mentoring: Pair-Work mit erfahrenem Kollegen
4sgg,1.86,7,RED,"Qualität der Lösungen, Allgemeine Performance",Sehr schlechte Einzelbewertungen,Workshop: Systematische Problemanalyse; Mentoring: Pair-Work mit erfahrenem Kollegen
4hgog,1.96,6,RED,"Qualität der Lösungen, Allgemeine Performance",Sehr schlechte Einzelbewertungen,Workshop: Systematische Problemanalyse; Mentoring: Pair-Work mit erfahrenem Kollegen
4pio,2.0,2,RED,"Qualität der Lösungen, Allgemeine Performance",Sehr schlechte Einzelbewertungen,Workshop: Systematische Problemanalyse; Mentoring: Pair-Work mit erfahrenem Kollegen
4lhl,2.11,24,RED,"Qualität der Lösungen, Allgemeine Performance",Sehr schlechte Einzelbewertungen,Workshop: Systematische Problemanalyse; Mentoring: Pair-Work mit erfahrenem Kollegen
4hlg,2.5,2,RED,"Konsistenz, Allgemeine Performance",Sehr schlechte Einzelbewertungen,Coaching: Checklisten für gleichbleibende Qualität; Mentoring: Pair-Work mit erfahrenem Kollegen
4sil,2.5,2,RED,"Konsistenz, Allgemeine Performance",Sehr schlechte Einzelbewertungen,Coaching: Checklisten für gleichbleibende Qualität; Mentoring: Pair-Work mit erfahrenem Kollegen
4llr,2.62,13,RED,"Konsistenz, Allgemeine Performance",Sehr schlechte Einzelbewertungen,Coaching: Checklisten für gleichbleibende Qualität; Mentoring: Pair-Work mit erfahrenem Kollegen
4kgr,2.75,12,RED,Allgemeine Performance,Sehr schlechte Einzelbewertungen,Mentoring: Pair-Work mit erfahrenem Kollegen
4pps,2.94,25,RED,Allgemeine Performance,Sehr schlechte Einzelbewertungen,Mentoring: Pair-Work mit erfahrenem Kollegen
4hgho,3.14,7,RED,"Konsistenz, Allgemeine Performance",Sehr schlechte Einzelbewertungen,Coaching: Checklisten für gleichbleibende Qualität; Mentoring: Pair-Work mit erfahrenem Kollegen
4osr,3.22,8,RED,Allgemeine Performance,Sehr schlechte Einzelbewertungen,Mentoring: Pair-Work mit erfahrenem Kollegen
4lls,3.43,7,RED,"Konsistenz, Allgemeine Performance",Sehr schlechte Einzelbewertungen,Coaching: Checklisten für gleichbleibende Qualität; Mentoring: Pair-Work mit erfahrenem Kollegen
4kgh,3.57,14,RED,-,Sehr schlechte Einzelbewertungen,
4lpo,3.66,25,RED,-,Sehr schlechte Einzelbewertungen,
4lsp,3.75,4,RED,Konsistenz,Sehr schlechte Einzelbewertungen,Coaching: Checklisten für gleichbleibende Qualität
4slh,3.8,5,RED,Konsistenz,Sehr schlechte Einzelbewertungen,Coaching: Checklisten für gleichbleibende Qualität
4lsk,3.88,20,RED,Konsistenz,Sehr schlechte Einzelbewertungen,Coaching: Checklisten für gleichbleibende Qualität
4sks,4.08,6,RED,Konsistenz,Sehr schlechte Einzelbewertungen,Coaching: Checklisten für gleichbleibende Qualität
4ihs,4.1,5,RED,Konsistenz,Sehr schlechte Einzelbewertungen,Coaching: Checklisten für gleichbleibende Qualität
4hgrl,4.78,18,RED,-,Sehr schlechte Einzelbewertungen,
4lig,3.5,2,GREEN,-,-,Gute Arbeit! Weiter so.
4ris,3.5,2,GREEN,-,-,Gute Arbeit! Weiter so.
4khi,3.67,3,GREEN,-,-,Gute Arbeit! Weiter so.
4lpl,3.67,3,GREEN,-,-,Gute Arbeit! Weiter so.
4sio,3.67,3,GREEN,-,-,Gute Arbeit! Weiter so.
4hgih,4.0,1,GREEN,-,-,Gute Arbeit! Weiter so.
4hgok,4.0,1,GREEN,-,-,Gute Arbeit! Weiter so.
4kqp,4.0,2,GREEN,-,-,Gute Arbeit! Weiter so.
4lkl,4.0,1,GREEN,-,-,Gute Arbeit! Weiter so.
4qoh,4.0,1,GREEN,-,-,Gute Arbeit! Weiter so.
4sli,4.0,2,GREEN,-,-,Gute Arbeit! Weiter so.
t.y10ygh,4.0,1,GREEN,-,-,Gute Arbeit! Weiter so.
4sii,4.15,10,GREEN,-,-,Gute Arbeit! Weiter so.
4sgr,4.25,2,GREEN,-,-,Gute Arbeit! Weiter so.
4shl,4.36,7,GREEN,-,-,Gute Arbeit! Weiter so.
4lip,4.42,3,GREEN,-,-,Gute Arbeit! Weiter so.
4hpp,4.5,1,GREEN,-,-,Gute Arbeit! Weiter so.
4ioh,4.5,2,GREEN,-,-,Gute Arbeit! Weiter so.
4ops,4.5,12,GREEN,-,-,Gute Arbeit! Weiter so.
4pgp,4.5,6,GREEN,-,-,Gute Arbeit! Weiter so.
4rqs,4.5,1,GREEN,-,-,Gute Arbeit! Weiter so.
4qsk,4.6,5,GREEN,-,-,Gute Arbeit! Weiter so.
4qkr,4.62,4,GREEN,-,-,Gute Arbeit! Weiter so.
4kgp,4.67,3,GREEN,-,-,Gute Arbeit! Weiter so.
4kqo,4.67,6,GREEN,-,-,Gute Arbeit! Weiter so.
4oqq,4.67,3,GREEN,-,-,Gute Arbeit! Weiter so.
4qiq,4.67,3,GREEN,-,-,Gute Arbeit! Weiter so.
4sih,4.67,3,GREEN,-,-,Gute Arbeit! Weiter so.
4hghq,4.82,22,GREEN,-,-,Gute Arbeit! Weiter so.
4lrp,4.88,2,GREEN,-,-,Gute Arbeit! Weiter so.
4khg,4.91,17,GREEN,-,-,Gute Arbeit! Weiter so.
4hglq,4.93,11,GREEN,-,-,Gute Arbeit! Weiter so.
4hgor,4.95,22,GREEN,-,-,Gute Arbeit! Weiter so.
1n81u.adh,5.0,1,GREEN,-,-,Gute Arbeit! Weiter so.
3cxogo,5.0,5,GREEN,-,-,Gute Arbeit! Weiter so.
4ggo,5.0,1,GREEN,-,-,Gute Arbeit! Weiter so.
4hghk,5.0,44,GREEN,-,-,Gute Arbeit! Weiter so.
4hghs,5.0,22,GREEN,-,-,Gute Arbeit! Weiter so.
4hgol,5.0,16,GREEN,-,-,Gute Arbeit! Weiter so.
4hgos,5.0,30,GREEN,-,-,Gute Arbeit! Weiter so.
4hgpl,5.0,6,GREEN,-,-,Gute Arbeit! Weiter so.
4hgqg,5.0,1,GREEN,-,-,Gute Arbeit! Weiter so.
4hhgi,5.0,13,GREEN,-,-,Gute Arbeit! Weiter so.
4hhgo,5.0,10,GREEN,-,-,Gute Arbeit! Weiter so.
4kgi,5.0,8,GREEN,-,-,Gute Arbeit! Weiter so.
4kgq,5.0,3,GREEN,-,-,Gute Arbeit! Weiter so.
4klq,5.0,1,GREEN,-,-,Gute Arbeit! Weiter so.
4kqk,5.0,1,GREEN,-,-,Gute Arbeit! Weiter so.
4lqi,5.0,1,GREEN,-,-,Gute Arbeit! Weiter so.
4lrs,5.0,1,GREEN,-,-,Gute Arbeit! Weiter so.
4psk,5.0,2,GREEN,-,-,Gute Arbeit! Weiter so.
4qil,5.0,1,GREEN,-,-,Gute Arbeit! Weiter so.
4qqr,5.0,1,GREEN,-,-,Gute Arbeit! Weiter so.
4z8d4aa.c3,5.0,2,GREEN,-,-,Gute Arbeit! Weiter so.
t.d2j4d8c,5.0,1,GREEN,-,-,Gute Arbeit! Weiter so.
t.yn039ygo,5.0,2,GREEN,-,-,Gute Arbeit! Weiter so.
